INDEX_NAME,SURVEY,STOCK,AREA,STRATUM,YEAR,HAUL_ID,DATE,COD_N,COD_KG,DEPTH,SURFACE_TE,BOTTOM_TEM,SALINITY,BOTTOM_TYP,SEASON,AGEGROUP,AGE_N,AGE_KG,Data_type,TIME,RESPONSE,AREA_SWEPT,cobble_P,gravel_P,rock_P,mud_P,sand_P,BATHY_DEPT,oisst,rugos,COND,BATHY.DEPTH,dep.strat,lon,lat
NEFSC BTS_WGOM_SPRING,NEFSC BTS,WGOM,WGOM,1280,2021,202102_1280_7,4/27/2021 00:00,0,0,218,NA,7.5,NA,NA,A.SPRING,Age0-2,0,0,Biomass_KG,79,0,0.0384,0,0.0526,0,1,1,-210,7.129999638,0.045849059,SMOOTH,210,deep,-69.605667,42.0095
NEFSC BTS_WGOM_FALL,NEFSC BTS,WGOM,WGOM,1260,2018,201804_1260_3,10/2/2018 00:00,82,31.802,82,NA,9.5,NA,NA,B.FALL,Age0-2,14,4.441,Count,74,14,0.0384,1,0.55,0,0.6001,1,-78,16.98999977,0.72835803,SMOOTH,78,shallow,-69.90657,42.051112
NEFSC BTS_WGOM_FALL,NEFSC BTS,WGOM,WGOM,1270,2021,202104_1270_3,11/13/2021 00:00,0,0,150,NA,9.1,NA,NA,B.FALL,Age0-2,0,0,Biomass_KG,80,0,0.0384,0,0.2992,0,0.7013,1,-136,12.14999962,0.996207714,SMOOTH,136,deep,-69.906833,42.1335
NEFSC BTS_WGOM_FALL,NEFSC BTS,WGOM,WGOM,1240,2016,201604_1240_3,11/3/2016 00:00,0,0,199,NA,7.5,NA,NA,B.FALL,Age0-2,0,0,Biomass_KG,70,0,0.0384,0,0.3994,0,1,1,-191,12.36999989,0.365549684,SMOOTH,191,deep,-69.193167,42.154055
NEFSC BTS_WGOM_SPRING,NEFSC BTS,WGOM,WGOM,1270,2016,201602_1270_5,6/4/2016 00:00,4,6.431,139,NA,6.1,NA,NA,A.SPRING,Age0-2,0,0,Biomass_KG,69,0,0.0384,0,0.0998,0,0.9498,1,-119,13.82999992,1.251840711,ROUGH,119,deep,-69.95828,42.154767
NEFSC BTS_WGOM_FALL,NEFSC BTS,WGOM,WGOM,1270,2016,201604_1270_1,11/2/2016 00:00,0,0,215,NA,7.8,NA,NA,B.FALL,Age0-2,0,0,Biomass_KG,70,0,0.0384,0,0.1981,0,0.8578,1,-215,12.34999943,1.129652023,ROUGH,215,deep,-69.763777,42.158127
NEFSC BTS_WGOM_SPRING,NEFSC BTS,WGOM,WGOM,1260,2021,202102_1260_1,4/24/2021 00:00,9,4.987,101,NA,0,NA,NA,A.SPRING,Age0-2,0,0,Count,79,0,0.0384,0,0.35,0,1,1,-86,7.029999733,1.230300665,ROUGH,86,shallow,-70.0315,42.166167
NEFSC BTS_WGOM_FALL,NEFSC BTS,WGOM,WGOM,1280,2019,201904_1280_4,11/2/2019 00:00,0,0,200,NA,7.3,NA,NA,B.FALL,Age0-2,0,0,Biomass_KG,76,0,0.0384,0,0.2021,0,0.8071,0.83,-187,13.21999931,1.109062552,ROUGH,187,deep,-69.391147,42.192443
NEFSC BTS_WGOM_FALL,NEFSC BTS,WGOM,WGOM,1260,2017,201704_1260_3,10/26/2017 00:00,3,6.189,64,NA,8.5,NA,NA,B.FALL,Age0-2,0,0,Biomass_KG,72,0,0.0384,0,0.45,0,1,1,-63,14.5899992,0.558430374,SMOOTH,63,shallow,-70.385345,42.209955
NEFSC BTS_WGOM_SPRING,NEFSC BTS,WGOM,WGOM,1260,2021,202102_1260_2,4/24/2021 00:00,0,0,69,NA,5.6,NA,NA,A.SPRING,Age0-2,0,0,Biomass_KG,79,0,0.0384,0,0.1502,0,0.9498,0.9439,-63,7.299999714,0.162734464,SMOOTH,63,shallow,-70.415833,42.215167
NEFSC BTS_WGOM_SPRING,NEFSC BTS,WGOM,WGOM,1240,2016,201602_1240_5,5/18/2016 00:00,0,0,178,NA,6.5,NA,NA,A.SPRING,Age0-2,0,0,Biomass_KG,69,0,0.0384,0,0.3316,0,1,1,-168,8.809999466,0.876538098,ROUGH,168,deep,-69.02814,42.219625
NEFSC BTS_WGOM_FALL,NEFSC BTS,WGOM,WGOM,1260,2016,201604_1260_2,10/22/2016 00:00,0,0,36,NA,14.7,NA,NA,B.FALL,Age0-2,0,0,Biomass_KG,70,0,0.0384,0,0.95,0,0.9,1,-28,15,0.415505588,SMOOTH,28,shallow,-70.217473,42.224803
NEFSC BTS_WGOM_FALL,NEFSC BTS,WGOM,WGOM,1260,2019,201904_1260_4,11/10/2019 00:00,0,0,49,NA,0,NA,NA,B.FALL,Age0-2,0,0,Biomass_KG,76,0,0.0384,0,1,0,1,1,-41,10.96000004,0.579207778,SMOOTH,41,shallow,-70.167395,42.242978
NEFSC BTS_WGOM_SPRING,NEFSC BTS,WGOM,WGOM,1260,2021,202102_1260_3,4/24/2021 00:00,0,0,82,NA,4.9,NA,NA,A.SPRING,Age0-2,0,0,Biomass_KG,79,0,0.0384,0,0.2001,0,1,1,-74,6.869999886,0.075256921,SMOOTH,74,shallow,-70.469667,42.282
NEFSC BTS_WGOM_SPRING,NEFSC BTS,WGOM,WGOM,1260,2016,201602_1260_2,6/3/2016 00:00,42,43.495,32,NA,0,NA,NA,A.SPRING,Age0-2,2,0.318,Count,69,2,0.0384,0,0.95,0,1,1,-29,14.46999931,-0.358431697,SMOOTH,29,shallow,-70.293657,42.300922
NEFSC BTS_WGOM_FALL,NEFSC BTS,WGOM,WGOM,1280,2021,202104_1280_6,10/26/2021 00:00,0,0,250,NA,8.5,NA,NA,B.FALL,Age0-2,0,0,Biomass_KG,80,0,0.0384,0,0,0,1,1,-244,14.44999981,0.02994794,SMOOTH,244,deep,-69.631167,42.305833
NEFSC BTS_WGOM_FALL,NEFSC BTS,WGOM,WGOM,1280,2017,201704_1280_6,10/24/2017 00:00,0,0,223,NA,8.3,NA,NA,B.FALL,Age0-2,0,0,Biomass_KG,72,0,0.0384,0,0,0,1,1,-224,15.98999977,0.402136385,SMOOTH,224,deep,-69.077527,42.35055
NEFSC BTS_WGOM_SPRING,NEFSC BTS,WGOM,WGOM,1280,2017,201702_1280_5,5/4/2017 00:00,0,0,255,NA,0,NA,NA,A.SPRING,Age0-2,0,0,Biomass_KG,71,0,0.0384,0,0,0,0.8513,0.8254,-243,7.25,0.442107379,SMOOTH,243,deep,-69.254,42.362333
NEFSC BTS_WGOM_SPRING,NEFSC BTS,WGOM,WGOM,1260,2016,201602_1260_1,6/3/2016 00:00,1,1.077,88,NA,5.7,NA,NA,A.SPRING,Age0-2,0,0,Biomass_KG,69,0,0.0384,0,0.6999,0,0.9501,0.9542,-70,14.46999931,0.527091384,SMOOTH,70,shallow,-70.453733,42.371783
NEFSC BTS_WGOM_SPRING,NEFSC BTS,WGOM,WGOM,1280,2019,201902_1280_4,5/11/2019 00:00,0,0,249,NA,7.9,NA,NA,A.SPRING,Age0-2,0,0,Biomass_KG,75,0,0.0384,0,0.1481,0,0.9548,0.9202,-235,9.099999428,1.045388341,ROUGH,235,deep,-69.817667,42.383667
NEFSC BTS_WGOM_FALL,NEFSC BTS,WGOM,WGOM,1260,2016,201604_1260_4,10/22/2016 00:00,8,22.093,90,NA,0,NA,NA,B.FALL,Age0-2,0,0,Count,70,0,0.0384,0,1,0,1,1,-83,14.94999981,0.612454891,SMOOTH,83,shallow,-70.094308,42.412768
NEFSC BTS_WGOM_FALL,NEFSC BTS,WGOM,WGOM,1260,2017,201704_1260_1,11/2/2017 00:00,1,2.99,67,NA,0,NA,NA,B.FALL,Age0-2,0,0,Biomass_KG,72,0,0.0384,0,0.8,0,1,1,-73,13.03999996,0.68495512,SMOOTH,73,shallow,-70.199073,42.416208
NEFSC BTS_WGOM_SPRING,NEFSC BTS,WGOM,WGOM,1260,2019,201902_1260_5,5/12/2019 00:00,14,15.64,83,NA,4.6,NA,NA,A.SPRING,Age0-2,0,0,Biomass_KG,75,0,0.0384,0,0.8999,0,0.95,1,-79,9.68999958,-0.957714319,SMOOTH,79,shallow,-70.152167,42.434167
NEFSC BTS_WGOM_SPRING,NEFSC BTS,WGOM,WGOM,1260,2016,201602_1260_3,6/3/2016 00:00,0,0,96,NA,0,NA,NA,A.SPRING,Age0-2,0,0,Biomass_KG,69,0,0.0384,0,0.6998,0,0.9498,0.9376,-70,14.46999931,1.541855693,ROUGH,70,shallow,-70.309137,42.457402
NEFSC BTS_WGOM_SPRING,NEFSC BTS,WGOM,WGOM,1260,2017,201702_1260_4,5/11/2017 00:00,17,26.503,60,NA,0,NA,NA,A.SPRING,Age0-2,0,0,Biomass_KG,71,0,0.0384,0,0.85,0,0.9499,0.9512,-57,9.489999771,0.59694618,SMOOTH,57,shallow,-70.563727,42.467245
NEFSC BTS_WGOM_SPRING,NEFSC BTS,WGOM,WGOM,1260,2018,201802_1260_2,5/11/2018 00:00,14,8.032,57,NA,4.7,NA,NA,A.SPRING,Age0-2,1,0.101,Count,73,1,0.0384,0,0.9,0,0.95,0.9496,-57,10.05999947,0.59694618,SMOOTH,57,shallow,-70.565665,42.467528
NEFSC BTS_WGOM_FALL,NEFSC BTS,WGOM,WGOM,1260,2021,202104_1260_3,11/11/2021 00:00,1,0.899,86,NA,12.4,NA,NA,B.FALL,Age0-2,0,0,Biomass_KG,80,0,0.0384,0,0.5502,0,0.9501,0.9503,-67,11.86999989,0.718231916,SMOOTH,67,shallow,-70.478667,42.475167
NEFSC BTS_WGOM_SPRING,NEFSC BTS,WGOM,WGOM,1260,2021,202102_1260_5,4/25/2021 00:00,0,0,139,NA,5.8,NA,NA,A.SPRING,Age0-2,0,0,Biomass_KG,79,0,0.0384,0,0.6,0,0.9499,0.9507,-98,6.980000019,1.524459004,ROUGH,98,shallow,-70.336667,42.477833
NEFSC BTS_WGOM_SPRING,NEFSC BTS,WGOM,WGOM,1270,2017,201702_1270_4,5/3/2017 00:00,1,3.68,170,NA,6.2,NA,NA,A.SPRING,Age0-2,0,0,Biomass_KG,71,0,0.0384,0,0.545,0,1,1,-162,7.759999752,0.724722743,SMOOTH,162,deep,-69.951,42.495167
NEFSC BTS_WGOM_FALL,NEFSC BTS,WGOM,WGOM,1260,2017,201704_1260_4,11/2/2017 00:00,1,1.74,86,NA,0,NA,NA,B.FALL,Age0-2,0,0,Biomass_KG,72,0,0.0384,0,0.7001,0,1,1,-80,11.78999996,0.879849494,SMOOTH,80,shallow,-70.500183,42.504227
NEFSC BTS_WGOM_SPRING,NEFSC BTS,WGOM,WGOM,1260,2019,201902_1260_4,5/10/2019 00:00,1,6.224,70,NA,4.4,NA,NA,A.SPRING,Age0-2,0,0,Biomass_KG,75,0,0.0384,0,0.3501,0,0.8501,0.8614,-68,10.14999962,0.603412509,SMOOTH,68,shallow,-70.595333,42.517
NEFSC BTS_WGOM_SPRING,NEFSC BTS,WGOM,WGOM,1280,2017,201702_1280_2,5/3/2017 00:00,0,0,216,NA,7.2,NA,NA,A.SPRING,Age0-2,0,0,Biomass_KG,71,0,0.0384,0,0.3431,0,0.9476,0.8997,-206,7.529999733,0.956976891,ROUGH,206,deep,-69.8655,42.529167
NEFSC BTS_WGOM_SPRING,NEFSC BTS,WGOM,WGOM,1280,2017,201702_1280_3,5/3/2017 00:00,0,0,264,NA,8.5,NA,NA,A.SPRING,Age0-2,0,0,Biomass_KG,71,0,0.0384,0,0,0,0.9489,0.8022,-255,7.419999599,0.711337745,ROUGH,255,deep,-69.618667,42.5395
NEFSC BTS_WGOM_FALL,NEFSC BTS,WGOM,WGOM,1270,2019,201904_1270_5,11/2/2019 00:00,1,6.526,143,NA,7.5,NA,NA,B.FALL,Age0-2,0,0,Biomass_KG,76,0,0.0384,0,1,0,1,1,-140,12.57999992,0.141393811,SMOOTH,140,deep,-70.026812,42.552552
NEFSC BTS_WGOM_FALL,NEFSC BTS,WGOM,WGOM,1280,2016,201604_1280_1,11/2/2016 00:00,0,0,259,NA,8.7,NA,NA,B.FALL,Age0-2,0,0,Biomass_KG,70,0,0.0384,0,0,0,0.954,0.8551,-251,11.77999973,1.060173631,ROUGH,251,deep,-69.69343,42.556935
NEFSC BTS_WGOM_FALL,NEFSC BTS,WGOM,WGOM,1260,2017,201704_1260_6,11/2/2017 00:00,17,90.487,100,NA,7.9,NA,NA,B.FALL,Age0-2,0,0,Count,72,0,0.0384,0,1,0,0.95,1,-87,12.82999992,0.909858108,SMOOTH,87,shallow,-70.128492,42.559297
NEFSC BTS_WGOM_FALL,NEFSC BTS,WGOM,WGOM,1280,2017,201704_1280_8,11/2/2017 00:00,0,0,191,NA,7.9,NA,NA,B.FALL,Age0-2,0,0,Biomass_KG,72,0,0.0384,0,0.4351,0,0.8423,0.8103,-181,13.22999954,1.105769277,ROUGH,181,deep,-69.885568,42.593565
NEFSC BTS_WGOM_SPRING,NEFSC BTS,WGOM,WGOM,1260,2018,201802_1260_6,5/11/2018 00:00,8,27.566,92,NA,5,NA,NA,A.SPRING,Age0-2,0,0,Biomass_KG,73,0,0.0384,0,0.8001,0,0.9008,1,-87,9.43999958,1.154929876,ROUGH,87,shallow,-70.337403,42.598532
NEFSC BTS_WGOM_SPRING,NEFSC BTS,WGOM,WGOM,1280,2019,201902_1280_2,5/11/2019 00:00,0,0,270,NA,7.9,NA,NA,A.SPRING,Age0-2,0,0,Biomass_KG,75,0,0.0384,0,0,0,0.9537,0.8552,-269,8.779999733,0.719222724,ROUGH,269,deep,-69.664333,42.617667
NEFSC BTS_WGOM_SPRING,NEFSC BTS,WGOM,WGOM,1280,2019,201902_1280_7,5/11/2019 00:00,0,0,240,NA,7.6,NA,NA,A.SPRING,Age0-2,0,0,Biomass_KG,75,0,0.0384,0,0.4343,0,0.8204,0.8474,-232,8.38999939,0.753225327,ROUGH,232,deep,-69.391667,42.637167
NEFSC BTS_WGOM_SPRING,NEFSC BTS,WGOM,WGOM,1260,2019,201902_1260_1,5/11/2019 00:00,3,1.89,91,NA,4.7,NA,NA,A.SPRING,Age0-2,0,0,Biomass_KG,75,0,0.0384,1,0.8,1,0.9,1,-87,9.659999847,0.411362916,SMOOTH,87,shallow,-70.215833,42.670167
NEFSC BTS_WGOM_SPRING,NEFSC BTS,WGOM,WGOM,1270,2019,201902_1270_5,5/11/2019 00:00,0,0,184,NA,7.4,NA,NA,A.SPRING,Age0-2,0,0,Biomass_KG,75,0,0.0384,0,0.6985,0,0.8924,0.8122,-174,9.210000038,1.082711816,SMOOTH,174,deep,-69.969,42.6925
NEFSC BTS_WGOM_FALL,NEFSC BTS,WGOM,WGOM,1270,2016,201604_1270_3,10/24/2016 00:00,0,0,182,NA,7.8,NA,NA,B.FALL,Age0-2,0,0,Biomass_KG,70,0,0.0384,0,0.6992,0,0.8964,0.8639,-139,13.21999931,1.314720869,ROUGH,139,deep,-70.021135,42.704288
NEFSC BTS_WGOM_SPRING,NEFSC BTS,WGOM,WGOM,1260,2016,201602_1260_6,6/2/2016 00:00,1,0.582,60,NA,5.6,NA,NA,A.SPRING,Age0-2,0,0,Biomass_KG,69,0,0.0384,0,0.8002,0,0.9501,0.9527,-59,13.79999924,1.039730191,ROUGH,59,shallow,-70.31562,42.719592
NEFSC BTS_WGOM_FALL,NEFSC BTS,WGOM,WGOM,1260,2016,201604_1260_1,10/24/2016 00:00,25,65.912,65,NA,9.8,NA,NA,B.FALL,Age0-2,0,0,Count,70,0,0.0384,0,0.7501,0,0.8999,0.902,-57,13.46999931,0.941844642,SMOOTH,57,shallow,-70.286328,42.750713
NEFSC BTS_WGOM_SPRING,NEFSC BTS,WGOM,WGOM,1370,2016,201602_1370_6,6/1/2016 00:00,0,0,179,NA,6.4,NA,NA,A.SPRING,Age0-2,0,0,Biomass_KG,69,0,0.0384,0,0.8988,0,0.8957,0.868,-171,11.40999985,0.6821118,SMOOTH,171,deep,-69.060355,42.756918
NEFSC BTS_WGOM_SPRING,NEFSC BTS,WGOM,WGOM,1370,2016,201602_1370_4,6/1/2016 00:00,136,168.319,70,NA,6.3,NA,NA,A.SPRING,Age0-2,0,0,Count,69,0,0.0384,0,0.9,0,0.4,1,-81,11.71999931,0.934580326,ROUGH,81,shallow,-69.304292,42.758172
NEFSC BTS_WGOM_SPRING,NEFSC BTS,WGOM,WGOM,1260,2018,201802_1260_5,5/11/2018 00:00,0,0,92,NA,4.7,NA,NA,A.SPRING,Age0-2,0,0,Biomass_KG,73,0,0.0384,0,0.7503,0,0.9501,0.9527,-85,9.550000191,-0.608435333,SMOOTH,85,shallow,-70.402487,42.75848
NEFSC BTS_WGOM_FALL,NEFSC BTS,WGOM,WGOM,1280,2018,201804_1280_4,11/1/2018 00:00,0,0,204,NA,7.3,NA,NA,B.FALL,Age0-2,0,0,Biomass_KG,74,0,0.0384,0,0.2412,0,0.7282,0.9179,-207,11.61999989,0.82971406,ROUGH,207,deep,-69.549968,42.764812
NEFSC BTS_WGOM_FALL,NEFSC BTS,WGOM,WGOM,1260,2018,201804_1260_6,11/1/2018 00:00,20,44.571,59,NA,0,NA,NA,B.FALL,Age0-2,2,0.443,Count,74,2,0.0384,0,0.7501,0,0.9501,0.9486,-70,11.17999935,1.220109105,ROUGH,70,shallow,-70.263702,42.76909
NEFSC BTS_WGOM_SPRING,NEFSC BTS,WGOM,WGOM,1260,2017,201702_1260_6,5/11/2017 00:00,5,7.835,104,NA,4.5,NA,NA,A.SPRING,Age0-2,0,0,Biomass_KG,71,0,0.0384,0,0.7999,0,1,1,-97,8.920000076,0.836475968,SMOOTH,97,shallow,-70.442253,42.775397
NEFSC BTS_WGOM_SPRING,NEFSC BTS,WGOM,WGOM,1280,2019,201902_1280_6,5/11/2019 00:00,0,0,262,NA,7.9,NA,NA,A.SPRING,Age0-2,0,0,Biomass_KG,75,0,0.0384,0,0.0559,0,0.8276,0.7266,-268,8.920000076,0.972934127,ROUGH,268,deep,-69.691333,42.778333
NEFSC BTS_WGOM_SPRING,NEFSC BTS,WGOM,WGOM,1400,2021,202102_1400_2,4/25/2021 00:00,0,0,98,NA,5.8,NA,NA,A.SPRING,Age0-2,0,0,Biomass_KG,79,0,0.0384,0,0.3504,0,1,0.9516,-90,6.909999847,0.826598465,SMOOTH,90,shallow,-70.561333,42.7815
NEFSC BTS_WGOM_FALL,NEFSC BTS,WGOM,WGOM,1260,2018,201804_1260_2,11/1/2018 00:00,24,66.079,80,NA,0,NA,NA,B.FALL,Age0-2,1,0.355,Count,74,1,0.0384,0,0.7496,0,0.8995,0.8768,-71,11.31999969,0.894538105,SMOOTH,71,shallow,-70.15075,42.793277
NEFSC BTS_WGOM_SPRING,NEFSC BTS,WGOM,WGOM,1370,2021,202102_1370_2,5/24/2021 00:00,0,0,81,NA,6.7,NA,NA,A.SPRING,Age0-2,0,0,Biomass_KG,79,0,0.0384,1,0.65,0,0.6001,1,-115,11.77999973,1.470006585,ROUGH,115,deep,-69.2655,42.7945
NEFSC BTS_WGOM_SPRING,NEFSC BTS,WGOM,WGOM,1400,2019,201902_1400_1,5/10/2019 00:00,3,13.93,115,NA,4.5,NA,NA,A.SPRING,Age0-2,0,0,Biomass_KG,75,0,0.0384,0,0.5494,0,0.9496,0.8924,-104,10.05000019,0.368638366,SMOOTH,104,shallow,-70.5245,42.809833
NEFSC BTS_WGOM_SPRING,NEFSC BTS,WGOM,WGOM,1260,2016,201602_1260_4,6/2/2016 00:00,39,70.638,53,NA,0,NA,NA,A.SPRING,Age0-2,0,0,Biomass_KG,69,0,0.0384,0,0.3488,0,0.6462,0.6104,-96,13.56999969,1.210813046,ROUGH,96,shallow,-70.32994,42.814698
NEFSC BTS_WGOM_FALL,NEFSC BTS,WGOM,WGOM,1370,2016,201604_1370_2,10/25/2016 00:00,89,219.298,77,NA,8.5,NA,NA,B.FALL,Age0-2,0,0,Count,70,0,0.0384,1,0.8,0,0.45,1,-69,12.55999947,0.633847713,SMOOTH,69,shallow,-69.310328,42.815193
NEFSC BTS_WGOM_SPRING,NEFSC BTS,WGOM,WGOM,1280,2016,201602_1280_4,6/2/2016 00:00,0,0,210,NA,6.6,NA,NA,A.SPRING,Age0-2,0,0,Biomass_KG,69,0,0.0384,0,0.3961,0,0.7922,0.7206,-216,13.11999989,0.131574795,SMOOTH,216,deep,-69.940677,42.837023
NEFSC BTS_WGOM_FALL,NEFSC BTS,WGOM,WGOM,1260,2021,202104_1260_2,11/10/2021 00:00,40,43.433,55,NA,0,NA,NA,B.FALL,Age0-2,11,5.5,Count,80,11,0.0384,0,0.5977,0,0.7441,0.7782,-55,12.09000015,1.073240876,ROUGH,55,shallow,-70.2115,42.837167
NEFSC BTS_WGOM_FALL,NEFSC BTS,WGOM,WGOM,1370,2018,201804_1370_5,11/1/2018 00:00,1,3.566,151,NA,7.9,NA,NA,B.FALL,Age0-2,0,0,Biomass_KG,74,0,0.0384,0,0.4999,0,0.7505,1,-140,11.63999939,1.344924212,ROUGH,140,deep,-69.39892,42.841003
NEFSC BTS_WGOM_FALL,NEFSC BTS,WGOM,WGOM,1280,2016,201604_1280_7,10/25/2016 00:00,0,0,224,NA,8.3,NA,NA,B.FALL,Age0-2,0,0,Biomass_KG,70,0,0.0384,0,0.1105,0,0.7329,0.6939,-229,12.47999954,0.91905725,ROUGH,229,deep,-69.729193,42.846685
NEFSC BTS_WGOM_FALL,NEFSC BTS,WGOM,WGOM,1260,2016,201604_1260_5,10/24/2016 00:00,73,203.556,60,NA,11.7,NA,NA,B.FALL,Age0-2,0,0,Count,70,0,0.0384,0,0.598,0,0.6926,0.7754,-56,13,1.093131065,ROUGH,56,shallow,-70.194138,42.852485
NEFSC BTS_WGOM_FALL,NEFSC BTS,WGOM,WGOM,1260,2019,201904_1260_7,11/9/2019 00:00,17,23.494,62,NA,0,NA,NA,B.FALL,Age0-2,2,0,Count,76,2,0.0384,0,0.5005,0,0.6508,0.8344,-59,10.63000011,1.067299247,ROUGH,59,shallow,-70.147302,42.868668
NEFSC BTS_WGOM_FALL,NEFSC BTS,WGOM,WGOM,1370,2021,202104_1370_3,11/10/2021 00:00,0,0,171,NA,8.3,NA,NA,B.FALL,Age0-2,0,0,Biomass_KG,80,0,0.0384,0,0.393,0,0.8421,0.8055,-171,12.30999947,0.246591508,SMOOTH,171,deep,-69.558667,42.876667
NEFSC BTS_WGOM_FALL,NEFSC BTS,WGOM,WGOM,1270,2018,201804_1270_3,11/1/2018 00:00,0,0,185,NA,7.2,NA,NA,B.FALL,Age0-2,0,0,Biomass_KG,74,0,0.0384,0,0.2976,0,0.7506,0.7521,-179,11.48999977,1.006418705,SMOOTH,179,deep,-69.977483,42.887587
NEFSC BTS_WGOM_SPRING,NEFSC BTS,WGOM,WGOM,1400,2017,201702_1400_3,5/11/2017 00:00,12,53.694,125,NA,0,NA,NA,A.SPRING,Age0-2,0,0,Biomass_KG,71,0,0.0384,0,0.0494,0,0.597,0.5473,-121,8.920000076,1.063776016,ROUGH,121,deep,-70.449532,42.889958
NEFSC BTS_WGOM_FALL,NEFSC BTS,WGOM,WGOM,1400,2021,202104_1400_1,11/11/2021 00:00,0,0,102,NA,11.6,NA,NA,B.FALL,Age0-2,0,0,Biomass_KG,80,0,0.0384,0,0.0496,0,0.6968,0.6233,-98,11.64999962,0.806939781,SMOOTH,98,shallow,-70.479167,42.892
NEFSC BTS_WGOM_FALL,NEFSC BTS,WGOM,WGOM,1270,2018,201804_1270_2,11/1/2018 00:00,6,18.955,117,NA,8.4,NA,NA,B.FALL,Age0-2,0,0,Biomass_KG,74,0,0.0384,1,0.5003,0,0.6507,0.9298,-119,11.31999969,1.260672927,ROUGH,119,deep,-70.056053,42.895048
NEFSC BTS_WGOM_FALL,NEFSC BTS,WGOM,WGOM,1400,2017,201704_1400_3,11/2/2017 00:00,1,1.029,75,NA,8.1,NA,NA,B.FALL,Age0-2,0,0,Biomass_KG,72,0,0.0384,0,0.0506,0,0.6531,0.651,-75,11.71000004,-0.239788398,SMOOTH,75,shallow,-70.430107,42.919305
NEFSC BTS_WGOM_SPRING,NEFSC BTS,WGOM,WGOM,1370,2021,202102_1370_5,5/23/2021 00:00,0,0,188,NA,6.7,NA,NA,A.SPRING,Age0-2,0,0,Biomass_KG,79,0,0.0384,0,0.4003,0,0.9007,1,-183,11.90999985,0.943542778,ROUGH,183,deep,-69.079,42.9235
NEFSC BTS_WGOM_SPRING,NEFSC BTS,WGOM,WGOM,1260,2016,201602_1260_5,6/2/2016 00:00,22,48.308,80,NA,5.7,NA,NA,A.SPRING,Age0-2,0,0,Biomass_KG,69,0,0.0384,1,0.45,0,0.6999,1,-80,13.35999966,1.041740894,ROUGH,80,shallow,-70.061132,42.927492
NEFSC BTS_WGOM_FALL,NEFSC BTS,WGOM,WGOM,1270,2021,202104_1270_5,11/11/2021 00:00,1,4.024,140,NA,9.9,NA,NA,B.FALL,Age0-2,0,0,Biomass_KG,80,0,0.0384,0,0.15,0,0.6994,0.6892,-157,11.64999962,0.93983835,SMOOTH,157,deep,-70.283667,42.931167
NEFSC BTS_WGOM_SPRING,NEFSC BTS,WGOM,WGOM,1270,2016,201602_1270_1,6/2/2016 00:00,1,1.378,140,NA,6.1,NA,NA,A.SPRING,Age0-2,0,0,Biomass_KG,69,0,0.0384,0,0.4499,0,0.6995,0.9225,-145,13.11999989,1.199946284,ROUGH,145,deep,-69.999307,42.931217
NEFSC BTS_WGOM_SPRING,NEFSC BTS,WGOM,WGOM,1270,2018,201802_1270_5,5/10/2018 00:00,2,9.631,135,NA,0,NA,NA,A.SPRING,Age0-2,0,0,Biomass_KG,73,0,0.0384,0,0.0503,0,0.6505,0.6388,-75,9.449999809,1.126930237,ROUGH,75,shallow,-70.367518,42.932018
NEFSC BTS_WGOM_SPRING,NEFSC BTS,WGOM,WGOM,1270,2019,201902_1270_1,5/10/2019 00:00,0,0,174,NA,0,NA,NA,A.SPRING,Age0-2,0,0,Biomass_KG,75,0,0.0384,0,0.1497,0,0.8001,0.7791,-150,9.319999695,0.534478962,SMOOTH,150,deep,-70.236,42.940833
NEFSC BTS_WGOM_FALL,NEFSC BTS,WGOM,WGOM,1370,2016,201604_1370_7,10/25/2016 00:00,0,0,172,NA,7.5,NA,NA,B.FALL,Age0-2,0,0,Biomass_KG,70,0,0.0384,0,0.3004,0,0.9056,1,-157,12.55999947,0.898486733,SMOOTH,157,deep,-69.275563,42.94851
NEFSC BTS_WGOM_SPRING,NEFSC BTS,WGOM,WGOM,1400,2021,202102_1400_3,4/25/2021 00:00,1,0.275,108,NA,6.1,NA,NA,A.SPRING,Age0-2,0,0,Biomass_KG,79,0,0.0384,0,0.1991,0,0.7487,0.739,-101,6.849999905,0.719038427,SMOOTH,101,shallow,-70.4485,42.9545
NEFSC BTS_WGOM_SPRING,NEFSC BTS,WGOM,WGOM,1270,2016,201602_1270_2,6/2/2016 00:00,3,8.496,130,NA,5.7,NA,NA,A.SPRING,Age0-2,0,0,Biomass_KG,69,0,0.0384,0,0.1498,0,0.7492,0.7238,-122,13.56999969,1.147701144,ROUGH,122,deep,-70.374325,42.955965
NEFSC BTS_WGOM_SPRING,NEFSC BTS,WGOM,WGOM,1270,2021,202102_1270_5,4/26/2021 00:00,0,0,208,NA,8.4,NA,NA,A.SPRING,Age0-2,0,0,Biomass_KG,79,0,0.0384,0,0.1993,0,0.6947,0.748,-194,6.829999924,0.958330512,SMOOTH,194,deep,-69.956667,42.957667
NEFSC BTS_WGOM_FALL,NEFSC BTS,WGOM,WGOM,1400,2016,201604_1400_3,10/24/2016 00:00,1,1.875,101,NA,8.7,NA,NA,B.FALL,Age0-2,0,0,Biomass_KG,70,0,0.0384,0,0.1988,0,0.7981,0.7649,-96,13.46999931,1.174190044,ROUGH,96,shallow,-70.45441,42.961495
NEFSC BTS_WGOM_FALL,NEFSC BTS,WGOM,WGOM,1400,2021,202104_1400_5,11/11/2021 00:00,0,0,113,NA,12,NA,NA,B.FALL,Age0-2,0,0,Biomass_KG,80,0,0.0384,0,0.1501,0,0.801,0.7646,-113,11.64999962,0.692817509,SMOOTH,113,deep,-70.409,42.9615
NEFSC BTS_WGOM_SPRING,NEFSC BTS,WGOM,WGOM,1270,2018,201802_1270_4,5/10/2018 00:00,0,0,160,NA,5.9,NA,NA,A.SPRING,Age0-2,0,0,Biomass_KG,73,0,0.0384,0,0.0993,0,0.902,0.8005,-152,9.229999542,1.263883829,ROUGH,152,deep,-70.19166,42.975128
NEFSC BTS_WGOM_FALL,NEFSC BTS,WGOM,WGOM,1370,2017,201704_1370_5,11/1/2017 00:00,3,9.146,140,NA,6.7,NA,NA,B.FALL,Age0-2,0,0,Biomass_KG,72,0,0.0384,1,0.5351,0,0.5896,0.7928,-146,13.21000004,0.699674726,SMOOTH,146,deep,-69.695115,42.982892
NEFSC BTS_WGOM_FALL,NEFSC BTS,WGOM,WGOM,1270,2021,202104_1270_1,11/10/2021 00:00,0,0,139,NA,11.7,NA,NA,B.FALL,Age0-2,0,0,Biomass_KG,80,0,0.0384,0,0.8495,0,0.6501,0.9238,-143,11.98999977,1.401205182,ROUGH,143,deep,-70.0045,43.014667
NEFSC BTS_WGOM_FALL,NEFSC BTS,WGOM,WGOM,1280,2016,201604_1280_8,11/9/2016 00:00,0,0,214,NA,8.2,NA,NA,B.FALL,Age0-2,0,0,Biomass_KG,70,0,0.0384,0,0.5992,0,0.8983,0.8719,-208,11.34999943,0.741774321,ROUGH,208,deep,-69.949597,43.033818
NEFSC BTS_WGOM_FALL,NEFSC BTS,WGOM,WGOM,1370,2017,201704_1370_3,10/31/2017 00:00,0,0,174,NA,7.1,NA,NA,B.FALL,Age0-2,0,0,Biomass_KG,72,0,0.0384,0,0.49,0,0.7181,0.8108,-172,13.21999931,0.214857772,SMOOTH,172,deep,-69.406392,43.076555
NEFSC BTS_WGOM_FALL,NEFSC BTS,WGOM,WGOM,1270,2018,201804_1270_5,11/1/2018 00:00,0,0,131,NA,0,NA,NA,B.FALL,Age0-2,0,0,Biomass_KG,74,0,0.0384,0,0.3989,0,0.8003,0.7922,-116,11.01000023,0.866128683,SMOOTH,116,deep,-70.319127,43.095945
NEFSC BTS_WGOM_FALL,NEFSC BTS,WGOM,WGOM,1260,2017,201704_1260_2,11/1/2017 00:00,26,57.962,52,NA,10.9,NA,NA,B.FALL,Age0-2,0,0,Count,72,0,0.0384,1,0.75,0,0.2,1,-48,12.27999973,1.180752039,ROUGH,48,shallow,-70.061837,43.100453
NEFSC BTS_WGOM_SPRING,NEFSC BTS,WGOM,WGOM,1270,2021,202102_1270_1,4/25/2021 00:00,0,0,154,NA,5.8,NA,NA,A.SPRING,Age0-2,0,0,Biomass_KG,79,0,0.0384,0,0.2497,0,0.7518,0.9061,-130,6.75,0.830291569,SMOOTH,130,deep,-70.145,43.122833
NEFSC BTS_WGOM_FALL,NEFSC BTS,WGOM,WGOM,1370,2017,201704_1370_4,11/1/2017 00:00,0,0,153,NA,6.9,NA,NA,B.FALL,Age0-2,0,0,Biomass_KG,72,0,0.0384,1,0.4489,0,0.9504,1,-152,12.94999981,0.920376897,ROUGH,152,deep,-69.749915,43.164285
NEFSC BTS_WGOM_FALL,NEFSC BTS,WGOM,WGOM,1370,2021,202104_1370_6,11/9/2021 00:00,0,0,194,NA,10.2,NA,NA,B.FALL,Age0-2,0,0,Biomass_KG,80,0,0.0384,0,0.0763,0,0.9208,0.9321,-195,12.5,0.719336212,SMOOTH,195,deep,-69.205333,43.191167
NEFSC BTS_WGOM_FALL,NEFSC BTS,WGOM,WGOM,1370,2021,202104_1370_1,11/9/2021 00:00,0,0,169,NA,9.9,NA,NA,B.FALL,Age0-2,0,0,Biomass_KG,80,0,0.0384,0,0.5452,0,0.6525,0.7445,-163,12.50999928,1.077125311,ROUGH,163,deep,-69.411833,43.191833
NEFSC BTS_WGOM_SPRING,NEFSC BTS,WGOM,WGOM,1370,2017,201702_1370_3,5/9/2017 00:00,24,38.341,62,NA,0,NA,NA,A.SPRING,Age0-2,0,0,Biomass_KG,71,0,0.0384,0,0.6,1,0.75,1,-64,7.869999886,1.088484287,ROUGH,64,shallow,-69.647255,43.19292
NEFSC BTS_WGOM_FALL,NEFSC BTS,WGOM,WGOM,1370,2019,201904_1370_3,11/8/2019 00:00,0,0,167,NA,7.7,NA,NA,B.FALL,Age0-2,0,0,Biomass_KG,76,0,0.0384,0,0.5943,0,0.6516,0.7812,-160,11.56999969,1.055383325,ROUGH,160,deep,-69.407828,43.20331
NEFSC BTS_WGOM_SPRING,NEFSC BTS,WGOM,WGOM,1370,2019,201902_1370_7,5/9/2019 00:00,0,0,165,NA,5.9,NA,NA,A.SPRING,Age0-2,0,0,Biomass_KG,75,0,0.0384,0,0.1821,0,1,1,-157,7.25,-0.048396323,SMOOTH,157,deep,-69.035167,43.262167
NEFSC BTS_WGOM_FALL,NEFSC BTS,WGOM,WGOM,1400,2018,201804_1400_2,11/12/2018 00:00,0,0,115,NA,8.7,NA,NA,B.FALL,Age0-2,0,0,Biomass_KG,74,0,0.0384,0,0.1001,0,0.7498,0.7494,-110,9.969999313,0.80662334,SMOOTH,110,deep,-70.174927,43.300462
NEFSC BTS_WGOM_SPRING,NEFSC BTS,WGOM,WGOM,1270,2017,201702_1270_1,5/9/2017 00:00,0,0,169,NA,5.1,NA,NA,A.SPRING,Age0-2,0,0,Biomass_KG,71,0,0.0384,0,0.0999,0,0.8041,0.7693,-178,7.690000057,0.868531406,SMOOTH,178,deep,-70.030098,43.346715
NEFSC BTS_WGOM_SPRING,NEFSC BTS,WGOM,WGOM,1400,2019,201902_1400_2,5/9/2019 00:00,0,0,117,NA,4.9,NA,NA,A.SPRING,Age0-2,0,0,Biomass_KG,75,0,0.0384,0,0.2499,0,0.6504,0.7131,-111,9.18999958,0.28247261,SMOOTH,111,deep,-70.0415,43.476
NEFSC BTS_WGOM_FALL,NEFSC BTS,WGOM,WGOM,1400,2021,202104_1400_3,11/10/2021 00:00,0,0,112,NA,12.6,NA,NA,B.FALL,Age0-2,0,0,Biomass_KG,80,0,0.0384,0,0.1993,0,0.6543,0.733,-118,11.63000011,0.599748313,SMOOTH,118,deep,-70.023167,43.480333
NEFSC BLLS_WGOM_SPRING,NEFSC BLLS,WGOM,WGOM,2627,2019,24191-2627-3,4/26/2019 00:00,1,1.6,0,NA,0,NA,SMOOTH,A.SPRING,Age0-2,0,0,Biomass_KG,75,0,0.0384,0,0.1998,0,0.7533,1,-137,7.359999657,0.679953277,SMOOTH,137,deep,-69.84494,42.1444
NEFSC BLLS_WGOM_FALL,NEFSC BLLS,WGOM,WGOM,28,2020,202047-28-12,10/23/2020 00:00,0,0,0,NA,0,NA,ROUGH,B.FALL,Age0-2,0,0,Biomass_KG,78,0,0.0384,0,0,0,1,1,-223,14.64999962,0.667821527,SMOOTH,223,deep,-69.55807,42.16534
NEFSC BLLS_WGOM_FALL,NEFSC BLLS,WGOM,WGOM,27,2019,24192-27-1,10/13/2019 00:00,31,39.5,0,NA,0,NA,ROUGH,B.FALL,Age0-2,0,0,Count,76,0,0.0384,0,0.0993,0,0.9012,1,-137,14.85999966,1.354133129,ROUGH,137,deep,-69.90323,42.17022
NEFSC BLLS_WGOM_FALL,NEFSC BLLS,WGOM,WGOM,28,2016,24162-28-13,11/14/2016 00:00,0,0,0,NA,0,NA,ROUGH,B.FALL,Age0-2,0,0,Biomass_KG,70,0,0.0384,0,0,0,1,1,-228,11.09999943,0.216529369,SMOOTH,228,deep,-69.6062,42.17025
NEFSC BLLS_WGOM_FALL,NEFSC BLLS,WGOM,WGOM,28,2016,24162-28-14,11/14/2016 00:00,12,19.3,0,NA,0,NA,ROUGH,B.FALL,Age0-2,0,0,Biomass_KG,70,0,0.0384,0,0.2516,0,0.7586,0.7886,-169,11.22999954,1.212686777,ROUGH,169,deep,-69.41362,42.17627
NEFSC BLLS_WGOM_FALL,NEFSC BLLS,WGOM,WGOM,2837,2020,202047-2837-13,10/23/2020 00:00,0,0,0,NA,0,NA,SMOOTH,B.FALL,Age0-2,0,0,Biomass_KG,78,0,0.0384,0,0.2042,0,0.8069,0.8297,-193,14.8399992,-0.56144011,SMOOTH,193,deep,-69.35011,42.18583
NEFSC BLLS_WGOM_SPRING,NEFSC BLLS,WGOM,WGOM,2627,2017,24171-2627-1,4/24/2017 00:00,0,0,0,NA,0,NA,SMOOTH,A.SPRING,Age0-2,0,0,Biomass_KG,71,0,0.0384,0,0.9,0,0.8001,1,-40,7.029999733,0.599313676,SMOOTH,40,shallow,-70.14717,42.19392
NEFSC BLLS_WGOM_SPRING,NEFSC BLLS,WGOM,WGOM,2627,2021,202145-2627-7,4/29/2021 00:00,0,0,0,NA,0,NA,SMOOTH,A.SPRING,Age0-2,0,0,Biomass_KG,79,0,0.0384,0,0.85,0,0.95,1,-36,7.769999981,0.234753564,SMOOTH,36,shallow,-70.18967,42.23229
NEFSC BLLS_WGOM_SPRING,NEFSC BLLS,WGOM,WGOM,27,2021,202145-27-5,4/29/2021 00:00,8,6.02,0,NA,0,NA,ROUGH,A.SPRING,Age0-2,4,0,Count,79,4,0.0384,0,0.5999,0,0.9502,0.9508,-116,7.609999657,0.881703615,SMOOTH,116,deep,-69.98399,42.24561
NEFSC BLLS_WGOM_FALL,NEFSC BLLS,WGOM,WGOM,2837,2019,24192-2837-2,10/13/2019 00:00,0,0,0,NA,0,NA,SMOOTH,B.FALL,Age0-2,0,0,Biomass_KG,76,0,0.0384,0,0,0,1,1,-228,15,0.400370657,SMOOTH,228,deep,-69.54608,42.24856
NEFSC BLLS_WGOM_FALL,NEFSC BLLS,WGOM,WGOM,27,2019,24192-27-9,10/19/2019 00:00,31,35.4,0,NA,0,NA,ROUGH,B.FALL,Age0-2,0,0,Biomass_KG,76,0,0.0384,0,0.6998,0,0.9501,0.9484,-107,13.09999943,1.286942601,ROUGH,107,shallow,-69.9813,42.26588
NEFSC BLLS_WGOM_SPRING,NEFSC BLLS,WGOM,WGOM,2627,2019,25191-2627-3,4/26/2019 00:00,0,0,0,NA,0,NA,SMOOTH,A.SPRING,Age0-2,0,0,Biomass_KG,75,0,0.0384,0,0.4,0,1,1,-70,7.069999695,0.4185175,SMOOTH,70,shallow,-70.5089,42.26817
NEFSC BLLS_WGOM_SPRING,NEFSC BLLS,WGOM,WGOM,26,2018,24181-26-6,4/28/2018 00:00,1,1.1,0,NA,0,NA,ROUGH,A.SPRING,Age0-2,0,0,Biomass_KG,73,0,0.0384,0,0.55,0,1,1,-81,7.859999657,1.152024031,ROUGH,81,shallow,-70.3414,42.29395
NEFSC BLLS_WGOM_FALL,NEFSC BLLS,WGOM,WGOM,26,2019,24192-26-16,10/30/2019 00:00,0,0,0,NA,0,NA,ROUGH,B.FALL,Age0-2,0,0,Biomass_KG,76,0,0.0384,0,0.7,0,0.9499,0.9479,-87,13.02999973,0.732935667,SMOOTH,87,shallow,-70.10194,42.29449
NEFSC BLLS_WGOM_SPRING,NEFSC BLLS,WGOM,WGOM,26,2021,202145-26-4,4/28/2021 00:00,0,0,0,NA,0,NA,ROUGH,A.SPRING,Age0-2,0,0,Biomass_KG,79,0,0.0384,0,0.65,0,1,1,-87,7.269999981,1.264093876,ROUGH,87,shallow,-70.11624,42.29482
NEFSC BLLS_WGOM_FALL,NEFSC BLLS,WGOM,WGOM,28,2018,24182-28-7,10/23/2018 00:00,0,0,0,NA,0,NA,ROUGH,B.FALL,Age0-2,0,0,Biomass_KG,74,0,0.0384,0,0.1703,0,0.8321,0.8081,-212,13.18999958,0.535380483,SMOOTH,212,deep,-69.27353,42.29954
NEFSC BLLS_WGOM_SPRING,NEFSC BLLS,WGOM,WGOM,26,2016,25161-26-8,4/29/2016 00:00,18,32.5,0,NA,0,NA,ROUGH,A.SPRING,Age0-2,1,0,Count,69,1,0.0384,0,0.2501,0,1,1,-88,7.319999695,1.171970963,ROUGH,88,shallow,-70.43755,42.31164
NEFSC BLLS_WGOM_FALL,NEFSC BLLS,WGOM,WGOM,28,2020,202047-28-20,10/29/2020 00:00,0,0,0,NA,0,NA,ROUGH,B.FALL,Age0-2,0,0,Biomass_KG,78,0,0.0384,0,0.445,0,0.9523,0.9648,-197,13.75,0.843621433,ROUGH,197,deep,-69.88391,42.3186
NEFSC BLLS_WGOM_FALL,NEFSC BLLS,WGOM,WGOM,2627,2018,25182-2627-11,10/26/2018 00:00,0,0,0,NA,0,NA,SMOOTH,B.FALL,Age0-2,0,0,Biomass_KG,74,0,0.0384,0,0.1,0,0.8999,0.9021,-90,12.38000011,-0.018569455,SMOOTH,90,shallow,-70.40786,42.34755
NEFSC BLLS_WGOM_FALL,NEFSC BLLS,WGOM,WGOM,26,2018,25182-26-12,10/26/2018 00:00,2,2,0,NA,0,NA,ROUGH,B.FALL,Age0-2,1,0,Count,74,1,0.0384,0,0.5499,0,0.95,1,-82,12.38000011,0.477374792,SMOOTH,82,shallow,-70.47021,42.37612
NEFSC BLLS_WGOM_SPRING,NEFSC BLLS,WGOM,WGOM,2627,2021,202145-2627-6,4/29/2021 00:00,19,21.7,0,NA,0,NA,SMOOTH,A.SPRING,Age0-2,3,0,Count,79,3,0.0384,0,0.9001,0,1,1,-58,7.449999809,0.614980161,SMOOTH,58,shallow,-70.22737,42.39845
NEFSC BLLS_WGOM_SPRING,NEFSC BLLS,WGOM,WGOM,28,2019,24191-28-14,5/5/2019 00:00,0,0,0,NA,0,NA,ROUGH,A.SPRING,Age0-2,0,0,Biomass_KG,75,0,0.0384,0,0,0,1,1,-219,6.659999847,0.697201967,SMOOTH,219,deep,-69.09072,42.39942
NEFSC BLLS_WGOM_FALL,NEFSC BLLS,WGOM,WGOM,28,2018,24182-28-6,10/23/2018 00:00,0,0,0,NA,0,NA,ROUGH,B.FALL,Age0-2,0,0,Biomass_KG,74,0,0.0384,0,0,0,1,1,-202,13.52999973,1.043329835,ROUGH,202,deep,-69.09871,42.41034
NEFSC BLLS_WGOM_SPRING,NEFSC BLLS,WGOM,WGOM,26,2019,25191-26-2,4/26/2019 00:00,14,13.7,0,NA,0,NA,ROUGH,A.SPRING,Age0-2,5,0,Count,75,5,0.0384,0,0.75,0,1,1,-39,7.139999866,0.85402,SMOOTH,39,shallow,-70.37299,42.41711
NEFSC BLLS_WGOM_SPRING,NEFSC BLLS,WGOM,WGOM,28,2018,25181-28-20,5/12/2018 00:00,0,0,0,NA,0,NA,ROUGH,A.SPRING,Age0-2,0,0,Biomass_KG,73,0,0.0384,0,0,0,0.8986,0.9001,-206,8.75,1.00562048,ROUGH,206,deep,-69.23327,42.43627
NEFSC BLLS_WGOM_FALL,NEFSC BLLS,WGOM,WGOM,26,2016,24162-26-23,11/20/2016 00:00,4,9,0,NA,0,NA,ROUGH,B.FALL,Age0-2,0,0,Biomass_KG,70,0,0.0384,0,0.7502,0,0.9503,1,-49,11.38999939,0.69117862,SMOOTH,49,shallow,-70.48012,42.44779
NEFSC BLLS_WGOM_FALL,NEFSC BLLS,WGOM,WGOM,26,2021,202146-26-10,10/20/2021 00:00,11,10.16,0,NA,0,NA,ROUGH,B.FALL,Age0-2,4,0,Count,80,4,0.0384,0,0.7001,0,0.9002,0.9019,-82,15.5899992,1.003687859,SMOOTH,82,shallow,-70.57239,42.45466
NEFSC BLLS_WGOM_SPRING,NEFSC BLLS,WGOM,WGOM,26,2017,25171-26-4,4/27/2017 00:00,3,6.7,0,NA,0,NA,ROUGH,A.SPRING,Age0-2,0,0,Count,71,0,0.0384,0,0.6499,0,0.95,0.95,-67,7.389999866,1.148112893,ROUGH,67,shallow,-70.26418,42.46035
NEFSC BLLS_WGOM_SPRING,NEFSC BLLS,WGOM,WGOM,28,2019,24191-28-15,5/5/2019 00:00,0,0,0,NA,0,NA,ROUGH,A.SPRING,Age0-2,0,0,Biomass_KG,75,0,0.0384,0,0,0,0.9034,0.9201,-225,6.690000057,0.397466958,SMOOTH,225,deep,-69.28845,42.47466
NEFSC BLLS_WGOM_FALL,NEFSC BLLS,WGOM,WGOM,27,2021,202147-27-9,10/20/2021 00:00,2,5.63,0,NA,0,NA,ROUGH,B.FALL,Age0-2,0,0,Count,80,0,0.0384,0,0.9,0,1,1,-96,15.00999928,1.161704302,ROUGH,96,shallow,-70.03492,42.47863
NEFSC BLLS_WGOM_FALL,NEFSC BLLS,WGOM,WGOM,26,2020,202047-26-19,10/29/2020 00:00,4,2.42,0,NA,0,NA,ROUGH,B.FALL,Age0-2,1,0,Count,78,1,0.0384,0,0.5,0,1,1,-71,13.32999992,1.119672894,ROUGH,71,shallow,-70.42703,42.4883
NEFSC BLLS_WGOM_SPRING,NEFSC BLLS,WGOM,WGOM,27,2016,24161-27-4,4/25/2016 00:00,1,7.8,0,NA,0,NA,SMOOTH,A.SPRING,Age0-2,0,0,Biomass_KG,69,0,0.0384,0,0.6472,0,1,1,-163,7.170000076,0.187329575,SMOOTH,163,deep,-69.96749,42.48886
NEFSC BLLS_WGOM_FALL,NEFSC BLLS,WGOM,WGOM,26,2019,25192-26-6,10/16/2019 00:00,3,16.7,0,NA,0,NA,ROUGH,B.FALL,Age0-2,0,0,Count,76,0,0.0384,0,0.55,0,0.9499,0.9504,-149,13.92999935,1.567643523,ROUGH,149,deep,-70.32218,42.49466
NEFSC BLLS_WGOM_SPRING,NEFSC BLLS,WGOM,WGOM,28,2017,24171-28-9,4/28/2017 00:00,0,0,0,NA,0,NA,ROUGH,A.SPRING,Age0-2,0,0,Biomass_KG,71,0,0.0384,0,0,0,0.8369,0.7586,-243,7.049999714,0.38030231,SMOOTH,243,deep,-69.36712,42.50598
NEFSC BLLS_WGOM_FALL,NEFSC BLLS,WGOM,WGOM,28,2017,24172-28-11,10/19/2017 00:00,1,2.8,0,NA,0,NA,ROUGH,B.FALL,Age0-2,0,0,Biomass_KG,72,0,0.0384,0,0.1409,0,1,1,-211,15.61999989,1.012481213,ROUGH,211,deep,-69.13776,42.51159
NEFSC BLLS_WGOM_FALL,NEFSC BLLS,WGOM,WGOM,2627,2018,24182-2627-3,10/15/2018 00:00,0,0,0,NA,0,NA,SMOOTH,B.FALL,Age0-2,0,0,Biomass_KG,74,0,0.0384,0,0.5874,0,1,1,-172,14.22999954,0.695690334,SMOOTH,172,deep,-69.91641,42.5303
NEFSC BLLS_WGOM_FALL,NEFSC BLLS,WGOM,WGOM,26,2021,202146-26-9,10/20/2021 00:00,7,8.28,0,NA,0,NA,ROUGH,B.FALL,Age0-2,2,0,Count,80,2,0.0384,0,0.55,0,1,1,-108,15.0899992,1.409556389,ROUGH,108,shallow,-70.4,42.53858
NEFSC BLLS_WGOM_FALL,NEFSC BLLS,WGOM,WGOM,28,2018,24182-28-5,10/22/2018 00:00,0,0,0,NA,0,NA,ROUGH,B.FALL,Age0-2,0,0,Biomass_KG,74,0,0.0384,0,0,0,0.9495,0.7515,-267,12.98999977,0.964698255,ROUGH,267,deep,-69.50386,42.57324
NEFSC BLLS_WGOM_SPRING,NEFSC BLLS,WGOM,WGOM,28,2021,202144-28-13,5/5/2021 00:00,0,0,0,NA,0,NA,ROUGH,A.SPRING,Age0-2,0,0,Biomass_KG,79,0,0.0384,0,0.3365,0,0.8926,0.8218,-214,7.839999676,1.049565673,ROUGH,214,deep,-69.84956,42.57665
NEFSC BLLS_WGOM_SPRING,NEFSC BLLS,WGOM,WGOM,26,2018,24181-26-4,4/28/2018 00:00,17,34.2,0,NA,0,NA,ROUGH,A.SPRING,Age0-2,1,0,Count,73,1,0.0384,1,0.45,0,0.9,1,-82,7.489999771,1.191128969,ROUGH,82,shallow,-70.28342,42.59065
NEFSC BLLS_WGOM_SPRING,NEFSC BLLS,WGOM,WGOM,2837,2017,24171-2837-6,4/27/2017 00:00,0,0,0,NA,0,NA,SMOOTH,A.SPRING,Age0-2,0,0,Biomass_KG,71,0,0.0384,0,0,0,0.9511,0.8042,-279,6.629999638,-0.04796898,SMOOTH,279,deep,-69.56882,42.59912
NEFSC BLLS_WGOM_FALL,NEFSC BLLS,WGOM,WGOM,26,2020,202046-26-22,11/8/2020 00:00,5,4.74,0,NA,0,NA,ROUGH,B.FALL,Age0-2,0,0,Biomass_KG,78,0,0.0384,0,0.6501,0,0.9498,0.9499,-95,11.85999966,1.223953247,ROUGH,95,shallow,-70.45591,42.59947
NEFSC BLLS_WGOM_FALL,NEFSC BLLS,WGOM,WGOM,26,2016,24162-26-22,11/19/2016 00:00,6,19.1,0,NA,0,NA,ROUGH,B.FALL,Age0-2,0,0,Count,70,0,0.0384,0,0.85,0,1,1,-91,11.30000019,0.324231744,SMOOTH,91,shallow,-70.35493,42.60203
NEFSC BLLS_WGOM_FALL,NEFSC BLLS,WGOM,WGOM,26,2016,25162-26-18,11/16/2016 00:00,19,33.5,0,NA,0,NA,ROUGH,B.FALL,Age0-2,2,0,Count,70,2,0.0384,1,0.85,1,0.9,1,-67,11.23999977,1.232523441,ROUGH,67,shallow,-70.29533,42.60807
NEFSC BLLS_WGOM_FALL,NEFSC BLLS,WGOM,WGOM,26,2017,25172-26-9,10/19/2017 00:00,4,6.1,0,NA,0,NA,ROUGH,B.FALL,Age0-2,0,0,Count,72,0,0.0384,0,0.9002,0,0.9007,1,-88,15.28999996,0.945578992,SMOOTH,88,shallow,-70.34062,42.61079
NEFSC BLLS_WGOM_FALL,NEFSC BLLS,WGOM,WGOM,28,2021,202147-28-17,11/3/2021 00:00,0,0,0,NA,0,NA,ROUGH,B.FALL,Age0-2,0,0,Biomass_KG,80,0,0.0384,0,0,0,0.9503,0.8242,-239,12.68999958,0.339405179,SMOOTH,239,deep,-69.46597,42.61341
NEFSC BLLS_WGOM_FALL,NEFSC BLLS,WGOM,WGOM,2627,2017,25172-2627-8,10/18/2017 00:00,1,4.3,0,NA,0,NA,SMOOTH,B.FALL,Age0-2,0,0,Biomass_KG,72,0,0.0384,0,0.8999,0,0.8997,0.8864,-88,15.38000011,0.588103592,SMOOTH,88,shallow,-70.13322,42.61405
NEFSC BLLS_WGOM_FALL,NEFSC BLLS,WGOM,WGOM,28,2017,24172-28-10,10/18/2017 00:00,0,0,0,NA,0,NA,ROUGH,B.FALL,Age0-2,0,0,Biomass_KG,72,0,0.0384,0,0,0,0.9503,0.8242,-241,15.63999939,0.326703608,SMOOTH,241,deep,-69.46868,42.61446
NEFSC BLLS_WGOM_SPRING,NEFSC BLLS,WGOM,WGOM,26,2019,25191-26-15,5/6/2019 00:00,15,19.1,0,NA,0,NA,ROUGH,A.SPRING,Age0-2,2,0,Count,75,2,0.0384,0,0.55,0,1,1,-95,8.359999657,1.080289125,ROUGH,95,shallow,-70.41441,42.62198
NEFSC BLLS_WGOM_FALL,NEFSC BLLS,WGOM,WGOM,2627,2020,202046-2627-3,10/15/2020 00:00,1,4.26,0,NA,0,NA,SMOOTH,B.FALL,Age0-2,0,0,Biomass_KG,78,0,0.0384,1,0.75,0,0.95,1,-74,14.25999928,0.597455025,SMOOTH,74,shallow,-70.23445,42.62468
NEFSC BLLS_WGOM_SPRING,NEFSC BLLS,WGOM,WGOM,26,2019,25191-26-22,5/9/2019 00:00,15,20.7,0,NA,0,NA,ROUGH,A.SPRING,Age0-2,2,0,Count,75,2,0.0384,1,0.85,1,0.8,0.9521,-77,9.849999428,0.575748503,SMOOTH,77,shallow,-70.26287,42.63749
NEFSC BLLS_WGOM_SPRING,NEFSC BLLS,WGOM,WGOM,28,2017,24171-28-8,4/28/2017 00:00,2,1.4,0,NA,0,NA,ROUGH,A.SPRING,Age0-2,0,0,Biomass_KG,71,0,0.0384,1,0.7444,0,0.4637,1,-215,7.049999714,1.10122335,ROUGH,215,deep,-69.3076,42.65732
NEFSC BLLS_WGOM_SPRING,NEFSC BLLS,WGOM,WGOM,2837,2017,25171-2837-7,4/28/2017 00:00,0,0,0,NA,0,NA,SMOOTH,A.SPRING,Age0-2,0,0,Biomass_KG,71,0,0.0384,0,0.0516,0,0.7827,0.6898,-241,7.299999714,-0.567499578,SMOOTH,241,deep,-69.79287,42.67192
NEFSC BLLS_WGOM_FALL,NEFSC BLLS,WGOM,WGOM,28,2017,24172-28-4,10/13/2017 00:00,0,0,0,NA,0,NA,ROUGH,B.FALL,Age0-2,0,0,Biomass_KG,72,0,0.0384,0,0.4854,0,0.7892,0.6401,-234,16.04999924,0.867519438,ROUGH,234,deep,-69.86947,42.69921
NEFSC BLLS_WGOM_SPRING,NEFSC BLLS,WGOM,WGOM,26,2021,202144-26-7,4/29/2021 00:00,13,13.78,0,NA,0,NA,ROUGH,A.SPRING,Age0-2,3,0,Count,79,3,0.0384,0,0.85,0,0.95,0.9542,-92,7.349999905,1.007701159,SMOOTH,92,shallow,-70.25041,42.71143
NEFSC BLLS_WGOM_FALL,NEFSC BLLS,WGOM,WGOM,2627,2017,25172-2627-7,10/18/2017 00:00,9,44.9,0,NA,0,NA,SMOOTH,B.FALL,Age0-2,0,0,Count,72,0,0.0384,0,0.8502,0,0.9502,0.9569,-88,15.38000011,0.891394675,SMOOTH,88,shallow,-70.21372,42.71369
NEFSC BLLS_WGOM_SPRING,NEFSC BLLS,WGOM,WGOM,26,2016,25161-26-5,4/26/2016 00:00,17,14.8,0,NA,0,NA,ROUGH,A.SPRING,Age0-2,5,0,Count,69,5,0.0384,0,0.7499,0,0.8996,0.881,-46,7.399999619,0.674686313,SMOOTH,46,shallow,-70.37848,42.72505
NEFSC BLLS_WGOM_FALL,NEFSC BLLS,WGOM,WGOM,28,2018,25182-28-7,10/22/2018 00:00,0,0,0,NA,0,NA,ROUGH,B.FALL,Age0-2,0,0,Biomass_KG,74,0,0.0384,0,0.5499,0,0.5499,1,-193,13.34000015,1.221904039,ROUGH,193,deep,-69.42648,42.73848
NEFSC BLLS_WGOM_FALL,NEFSC BLLS,WGOM,WGOM,37,2016,24162-37-12,11/9/2016 00:00,6,15.2,0,NA,0,NA,SMOOTH,B.FALL,Age0-2,0,0,Count,70,0,0.0384,0,0.8001,0,0.6006,1,-136,11.5,0.272749722,SMOOTH,136,deep,-69.18943,42.75685
NEFSC BLLS_WGOM_FALL,NEFSC BLLS,WGOM,WGOM,26,2021,202146-26-11,10/22/2021 00:00,12,12.22,0,NA,0,NA,ROUGH,B.FALL,Age0-2,0,0,Count,80,0,0.0384,0,0.6501,0,0.9001,0.9044,-85,14.63000011,1.301693201,ROUGH,85,shallow,-70.20879,42.7654
NEFSC BLLS_WGOM_SPRING,NEFSC BLLS,WGOM,WGOM,26,2021,202144-26-2,4/27/2021 00:00,11,13.62,0,NA,0,NA,ROUGH,A.SPRING,Age0-2,2,0,Count,79,2,0.0384,0,0.6501,0,0.9001,0.9017,-104,7.069999695,1.21628511,ROUGH,104,shallow,-70.22533,42.76601
NEFSC BLLS_WGOM_FALL,NEFSC BLLS,WGOM,WGOM,26,2018,25182-26-1,10/13/2018 00:00,5,17,0,NA,0,NA,ROUGH,B.FALL,Age0-2,0,0,Count,74,0,0.0384,0,0.6999,0,0.8495,0.8382,-83,14.54999924,0.929097235,SMOOTH,83,shallow,-70.16696,42.77672
NEFSC BLLS_WGOM_FALL,NEFSC BLLS,WGOM,WGOM,27,2018,25182-27-5,10/15/2018 00:00,4,23.8,0,NA,0,NA,ROUGH,B.FALL,Age0-2,0,0,Count,74,0,0.0384,0,0.7502,0,0.9502,0.9569,-111,14.0199995,0.1900924,SMOOTH,111,deep,-70.07776,42.7858
NEFSC BLLS_WGOM_FALL,NEFSC BLLS,WGOM,WGOM,37,2018,25182-37-15,11/5/2018 00:00,65,201.8,0,NA,0,NA,ROUGH,B.FALL,Age0-2,1,0,Count,74,1,0.0384,0,0.8,0,0.3,1,-87,11.55999947,0.902462482,SMOOTH,87,shallow,-69.33629,42.81858
NEFSC BLLS_WGOM_FALL,NEFSC BLLS,WGOM,WGOM,37,2018,25182-37-14,11/5/2018 00:00,28,128.4,0,NA,0,NA,ROUGH,B.FALL,Age0-2,0,0,Count,74,0,0.0384,0,0.6,0,0.45,1,-74,11.55999947,1.348283768,ROUGH,74,shallow,-69.28474,42.82084
NEFSC BLLS_WGOM_SPRING,NEFSC BLLS,WGOM,WGOM,37,2021,202145-37-17,5/11/2021 00:00,7,9.5,0,NA,0,NA,ROUGH,A.SPRING,Age0-2,1,0,Count,79,1,0.0384,0,0.55,0,0.8,1,-94,8.619999886,1.31865108,ROUGH,94,shallow,-69.30245,42.83933
NEFSC BLLS_WGOM_SPRING,NEFSC BLLS,WGOM,WGOM,27,2019,24191-27-8,5/1/2019 00:00,0,0,0,NA,0,NA,ROUGH,A.SPRING,Age0-2,0,0,Biomass_KG,75,0,0.0384,0,0.3012,0,0.6509,0.9178,-81,6.869999886,1.326718569,ROUGH,81,shallow,-70.0908,42.88379
NEFSC BLLS_WGOM_FALL,NEFSC BLLS,WGOM,WGOM,28,2017,24172-28-5,10/13/2017 00:00,0,0,0,NA,0,NA,ROUGH,B.FALL,Age0-2,0,0,Biomass_KG,72,0,0.0384,0,0.1179,0,0.7037,0.6891,-228,15.63999939,0.76016748,ROUGH,228,deep,-69.77265,42.88984
NEFSC BLLS_WGOM_SPRING,NEFSC BLLS,WGOM,WGOM,37,2021,202145-37-15,5/10/2021 00:00,12,32.28,0,NA,0,NA,ROUGH,A.SPRING,Age0-2,0,0,Count,79,0,0.0384,0,0.2501,0,0.9496,1,-150,8.300000191,1.155332923,ROUGH,150,deep,-69.21553,42.90184
NEFSC BLLS_WGOM_FALL,NEFSC BLLS,WGOM,WGOM,26,2016,25162-26-20,11/17/2016 00:00,2,4.7,0,NA,0,NA,SMOOTH,B.FALL,Age0-2,0,0,Biomass_KG,70,0,0.0384,1,0.4,0,0.6996,1,-75,10.76000023,0.807627201,SMOOTH,75,shallow,-70.06674,42.91501
NEFSC BLLS_WGOM_FALL,NEFSC BLLS,WGOM,WGOM,2837,2020,202046-2837-13,10/24/2020 00:00,0,0,0,NA,0,NA,SMOOTH,B.FALL,Age0-2,0,0,Biomass_KG,78,0,0.0384,0,0.2443,0,0.7031,0.6901,-238,14.06999969,0.432766438,SMOOTH,238,deep,-69.89529,42.92294
NEFSC BLLS_WGOM_FALL,NEFSC BLLS,WGOM,WGOM,27,2016,25162-27-21,11/17/2016 00:00,1,0.8,0,NA,0,NA,ROUGH,B.FALL,Age0-2,0,0,Biomass_KG,70,0,0.0384,0,0.0501,0,0.7025,0.6772,-83,10.86999989,1.429669023,ROUGH,83,shallow,-70.38635,42.92364
NEFSC BLLS_WGOM_FALL,NEFSC BLLS,WGOM,WGOM,37,2017,25172-37-2,10/13/2017 00:00,36,76.8,0,NA,0,NA,ROUGH,B.FALL,Age0-2,3,0,Count,72,3,0.0384,0,0.4037,0,0.9542,1,-122,15.30999947,1.331869483,ROUGH,122,deep,-69.15873,42.94132
NEFSC BLLS_WGOM_FALL,NEFSC BLLS,WGOM,WGOM,28,2021,202146-28-24,11/6/2021 00:00,0,0,0,NA,0,NA,ROUGH,B.FALL,Age0-2,0,0,Biomass_KG,80,0,0.0384,0,0.1174,0,0.5301,0.638,-195,12.42000008,0.9827829,ROUGH,195,deep,-69.7815,42.95869
NEFSC BLLS_WGOM_SPRING,NEFSC BLLS,WGOM,WGOM,37,2018,25181-37-16,5/8/2018 00:00,28,52,0,NA,0,NA,ROUGH,A.SPRING,Age0-2,0,0,Count,73,0,0.0384,0,0.3982,0,0.9535,1,-165,7.690000057,1.224430203,ROUGH,165,deep,-69.15243,42.9614
NEFSC BLLS_WGOM_FALL,NEFSC BLLS,WGOM,WGOM,27,2018,25182-27-2,10/13/2018 00:00,8,21.6,0,NA,0,NA,ROUGH,B.FALL,Age0-2,0,0,Count,74,0,0.0384,0,0.4494,0,0.9501,1,-126,14.54999924,1.196977496,ROUGH,126,deep,-70.10112,42.97812
NEFSC BLLS_WGOM_FALL,NEFSC BLLS,WGOM,WGOM,26,2020,202046-26-14,10/24/2020 00:00,0,0,0,NA,0,NA,ROUGH,B.FALL,Age0-2,0,0,Biomass_KG,78,0,0.0384,0,0.55,0,1,1,-87,13.38000011,1.004777551,SMOOTH,87,shallow,-70.05421,43.0283
NEFSC BLLS_WGOM_FALL,NEFSC BLLS,WGOM,WGOM,27,2016,25162-27-15,11/14/2016 00:00,2,4.6,0,NA,0,NA,ROUGH,B.FALL,Age0-2,0,0,Count,70,0,0.0384,0,0.6501,0,0.8501,0.9522,-146,11.18999958,1.375075579,ROUGH,146,deep,-70.01563,43.03165
NEFSC BLLS_WGOM_SPRING,NEFSC BLLS,WGOM,WGOM,37,2016,25161-37-9,4/30/2016 00:00,1,1.3,0,NA,0,NA,ROUGH,A.SPRING,Age0-2,0,0,Biomass_KG,69,0,0.0384,0,0.4471,0,1,1,-156,8.260000229,1.21653986,ROUGH,156,deep,-69.14713,43.03555
NEFSC BLLS_WGOM_SPRING,NEFSC BLLS,WGOM,WGOM,37,2017,25171-37-11,5/4/2017 00:00,3,4.1,0,NA,0,NA,ROUGH,A.SPRING,Age0-2,0,0,Biomass_KG,71,0,0.0384,1,0.6939,1,0.6525,0.835,-116,6.579999924,0.17282097,SMOOTH,116,deep,-69.65064,43.04283
NEFSC BLLS_WGOM_FALL,NEFSC BLLS,WGOM,WGOM,37,2020,202046-37-17,10/28/2020 00:00,0,0,0,NA,0,NA,ROUGH,B.FALL,Age0-2,0,0,Biomass_KG,78,0,0.0384,0,0.2475,0,1,1,-150,13.40999985,1.137032509,ROUGH,150,deep,-69.13597,43.06226
NEFSC BLLS_WGOM_SPRING,NEFSC BLLS,WGOM,WGOM,27,2016,25161-27-14,5/1/2016 00:00,0,0,0,NA,0,NA,ROUGH,A.SPRING,Age0-2,0,0,Biomass_KG,69,0,0.0384,0,0.7501,0,0.8003,0.9532,-147,7.199999809,1.282538891,ROUGH,147,deep,-70.01284,43.06755
NEFSC BLLS_WGOM_SPRING,NEFSC BLLS,WGOM,WGOM,37,2019,25191-37-21,5/8/2019 00:00,20,39.9,0,NA,0,NA,ROUGH,A.SPRING,Age0-2,0,0,Count,75,0,0.0384,1,0.6989,1,0.547,0.8082,-106,8.199999809,0.660989702,SMOOTH,106,shallow,-69.60086,43.06882
NEFSC BLLS_WGOM_FALL,NEFSC BLLS,WGOM,WGOM,27,2017,24172-27-8,10/14/2017 00:00,0,0,0,NA,0,NA,ROUGH,B.FALL,Age0-2,0,0,Biomass_KG,72,0,0.0384,0,0.1499,0,0.8504,1,-113,15.34999943,1.048367023,SMOOTH,113,deep,-70.10976,43.08604
NEFSC BLLS_WGOM_SPRING,NEFSC BLLS,WGOM,WGOM,37,2021,202144-37-21,5/13/2021 00:00,1,2.75,0,NA,0,NA,ROUGH,A.SPRING,Age0-2,0,0,Biomass_KG,79,0,0.0384,0,0.4001,0,0.7502,1,-118,9.449999809,0.927405298,ROUGH,118,deep,-69.55366,43.10944
NEFSC BLLS_WGOM_FALL,NEFSC BLLS,WGOM,WGOM,26,2020,202046-26-20,11/7/2020 00:00,4,8.45,0,NA,0,NA,ROUGH,B.FALL,Age0-2,0,0,Biomass_KG,78,0,0.0384,0,0.85,0,0.5,1,-48,10.92000008,0.900698781,SMOOTH,48,shallow,-70.05911,43.11333
NEFSC BLLS_WGOM_SPRING,NEFSC BLLS,WGOM,WGOM,37,2017,25171-37-10,5/4/2017 00:00,4,1.8,0,NA,0,NA,ROUGH,A.SPRING,Age0-2,4,1.8,Biomass_KG,71,4,0.0384,1,0.3,0,0.75,1,-87,6.579999924,1.121720791,ROUGH,87,shallow,-69.58921,43.12118
NEFSC BLLS_WGOM_FALL,NEFSC BLLS,WGOM,WGOM,26,2021,202146-26-19,11/3/2021 00:00,0,0,0,NA,0,NA,ROUGH,B.FALL,Age0-2,0,0,Biomass_KG,80,0,0.0384,1,0.7999,1,0.9001,1,-93,12.43999958,1.10064292,ROUGH,93,shallow,-70.08315,43.1253
NEFSC BLLS_WGOM_SPRING,NEFSC BLLS,WGOM,WGOM,2837,2019,25191-2837-20,5/8/2019 00:00,0,0,0,NA,0,NA,SMOOTH,A.SPRING,Age0-2,0,0,Biomass_KG,75,0,0.0384,0,0.4943,0,0.559,0.7018,-187,7.849999905,0.634725511,SMOOTH,187,deep,-69.40492,43.12874
NEFSC BLLS_WGOM_SPRING,NEFSC BLLS,WGOM,WGOM,2837,2019,25191-2837-12,5/4/2019 00:00,0,0,0,NA,0,NA,SMOOTH,A.SPRING,Age0-2,0,0,Biomass_KG,75,0,0.0384,0,0.6868,0,0.7168,0.9337,-176,7.339999676,-0.077825576,SMOOTH,176,deep,-69.8615,43.14162
NEFSC BLLS_WGOM_SPRING,NEFSC BLLS,WGOM,WGOM,37,2019,25191-37-13,5/4/2019 00:00,45,85.8,0,NA,0,NA,ROUGH,A.SPRING,Age0-2,3,0,Count,75,3,0.0384,1,0.65,1,0.3,0.6925,-61,7.149999619,1.288746476,ROUGH,61,shallow,-69.54051,43.15414
NEFSC BLLS_WGOM_FALL,NEFSC BLLS,WGOM,WGOM,37,2020,202046-37-15,10/27/2020 00:00,31,106.47,0,NA,0,NA,ROUGH,B.FALL,Age0-2,0,0,Count,78,0,0.0384,1,0.75,0,0.45,1,-68,13.39999962,1.177962661,ROUGH,68,shallow,-69.57137,43.16668
NEFSC BLLS_WGOM_FALL,NEFSC BLLS,WGOM,WGOM,2837,2021,202146-2837-13,10/23/2021 00:00,0,0,0,NA,0,NA,SMOOTH,B.FALL,Age0-2,0,0,Biomass_KG,80,0,0.0384,0,0.1749,0,0.9376,0.9458,-195,13.75,0.702651501,SMOOTH,195,deep,-69.20089,43.18788
NEFSC BLLS_WGOM_FALL,NEFSC BLLS,WGOM,WGOM,37,2018,24182-37-9,10/31/2018 00:00,59,174.9,0,NA,0,NA,ROUGH,B.FALL,Age0-2,0,0,Count,74,0,0.0384,1,0.85,0,0.8501,1,-107,11.48999977,1.225627065,ROUGH,107,shallow,-69.70791,43.18977
NEFSC BLLS_WGOM_FALL,NEFSC BLLS,WGOM,WGOM,37,2018,24182-37-11,11/1/2018 00:00,26,58.8,0,NA,0,NA,ROUGH,B.FALL,Age0-2,0,0,Count,74,0,0.0384,0,0.5391,0,0.708,0.8027,-174,11.46000004,1.226068616,ROUGH,174,deep,-69.36641,43.19529
NEFSC BLLS_WGOM_FALL,NEFSC BLLS,WGOM,WGOM,37,2021,202147-37-23,11/6/2021 00:00,1,2.25,0,NA,0,NA,ROUGH,B.FALL,Age0-2,1,2.25,Biomass_KG,80,1,0.0384,1,0.7499,0,0.6506,0.9334,-118,12.57999992,1.040944457,ROUGH,118,deep,-69.57152,43.19967
NEFSC BLLS_WGOM_SPRING,NEFSC BLLS,WGOM,WGOM,37,2021,202144-37-23,5/13/2021 00:00,40,66.14,0,NA,0,NA,ROUGH,A.SPRING,Age0-2,9,0,Count,79,9,0.0384,1,0.9,1,0.7,1,-59,9.449999809,1.171387672,ROUGH,59,shallow,-69.68152,43.2006
NEFSC BLLS_WGOM_FALL,NEFSC BLLS,WGOM,WGOM,37,2017,24172-37-6,10/14/2017 00:00,18,26.6,0,NA,0,NA,ROUGH,B.FALL,Age0-2,1,0,Count,72,1,0.0384,1,0.8,0,0.65,0.9489,-94,15.13000011,1.093565464,ROUGH,94,shallow,-69.70932,43.22076
NEFSC BLLS_WGOM_SPRING,NEFSC BLLS,WGOM,WGOM,37,2021,202144-37-22,5/13/2021 00:00,0,0,0,NA,0,NA,ROUGH,A.SPRING,Age0-2,0,0,Biomass_KG,79,0,0.0384,0,0.6971,0,0.6549,0.9471,-137,9.239999771,0.477174073,SMOOTH,137,deep,-69.48511,43.23603
NEFSC BLLS_WGOM_SPRING,NEFSC BLLS,WGOM,WGOM,27,2018,25181-27-2,4/27/2018 00:00,4,3.2,0,NA,0,NA,ROUGH,A.SPRING,Age0-2,2,0,Count,73,2,0.0384,0,0.4961,0,0.699,0.6031,-107,6.960000038,0.261165023,SMOOTH,107,shallow,-69.99774,43.25098
