"INDEX_NAME","YEAR","SEASON","TOTAL_ABUNDANCE","TOTAL_ABUNDANCE_CV","Age-0","Age-1","Age-2","Age-3","Age-4","Age-5","Age-6","Age-7","Age-8","Age-9+","UNKNOWN","STOCK","SURVEY"
"NEFSC_BLLS_GOM_FALL",2014,"FALL",2.4648776152,0.2935052582,0,0.0540002053,0.5346119699,1.0990668288,0.7030507191,0.0741445448,3.6072582e-07,0,0,0,0,"WGOM","Coop_GoM_BLLS"
"NEFSC_BLLS_GOM_FALL",2015,"FALL",3.2652270004,0.1825399771,0,0.0249093742,1.2934133502,0.7155332119,0.6058376495,0.5460830028,0.0794464554,0,0,0,0,"WGOM","Coop_GoM_BLLS"
"NEFSC_BLLS_GOM_FALL",2016,"FALL",3.9547495255,0.2062744699,8.8153461e-07,0,0.4293747187,2.7386197531,0.2464508019,0.5223477731,0.0092588934,0.0086919119,0,0,0,"WGOM","Coop_GoM_BLLS"
"NEFSC_BLLS_GOM_FALL",2017,"FALL",3.0519440645,0.2924473353,3.8349921e-06,0.0150150331,0.2781509307,0.8379068328,1.5918241736,0.1336233238,0.1212122622,0.0742076734,0,0,0,"WGOM","Coop_GoM_BLLS"
"NEFSC_BLLS_GOM_FALL",2018,"FALL",3.0253364304,0.2330788354,0,0.0350403068,0.3524911228,0.868624495,0.5220991448,1.1739153565,0.0273368578,0.0458291466,0,0,0,"WGOM","Coop_GoM_BLLS"
"NEFSC_BLLS_GOM_FALL",2019,"FALL",1.8306197919,0.241138044,0.0001405058,0,0.5873568397,0.2282890523,0.2533645818,0.3836236509,0.1585949595,0,0.2192502018,0,0,"WGOM","Coop_GoM_BLLS"
"NEFSC_BLLS_GOM_FALL",2020,"FALL",1.6262214748,0.2545162691,NA,NA,NA,NA,NA,NA,NA,NA,NA,NA,0,"WGOM","Coop_GoM_BLLS"
"NEFSC_BLLS_GOM_FALL",2021,"FALL",0.6388701936,0.2874828183,0,0.0547173334,0.2193244674,0.1207682187,0.2281506312,0,0,0,0,0,0,"WGOM","Coop_GoM_BLLS"
"NEFSC_BLLS_GOM_SPRING",2014,"SPRING",5.5471331534,0.2826010401,0,0.0086457119,0.2241793039,1.114037615,2.8001875861,0.8759772453,0.4903216062,0.0240155063,0,9.29419e-05,0,"WGOM","Coop_GoM_BLLS"
"NEFSC_BLLS_GOM_SPRING",2015,"SPRING",4.7258104762,0.1283130516,0,0.0613862946,1.4258702088,1.0464702664,1.685360497,0.4525018309,0.043775503,0.0104401495,0,0,0,"WGOM","Coop_GoM_BLLS"
"NEFSC_BLLS_GOM_SPRING",2016,"SPRING",3.8851632584,0.2595640568,0,0.0036743996,0.3345468344,2.8735224976,0.3249298862,0.2119501865,0.0094332562,0.1042294368,0.0014131738,0,0,"WGOM","Coop_GoM_BLLS"
"NEFSC_BLLS_GOM_SPRING",2017,"SPRING",2.1182288473,0.231088335,0,0.0033047256,0.1306405103,0.5049713804,0.9805355904,0.3850949676,0.1077774036,8.3743376e-07,0.0059034294,0,0,"WGOM","Coop_GoM_BLLS"
"NEFSC_BLLS_GOM_SPRING",2018,"SPRING",4.0580219701,0.2363118869,0,3.3811309e-09,0.0215404815,0.1506292284,1.0901797232,2.3416943722,0.230098873,0.2238792947,0,0,0,"WGOM","Coop_GoM_BLLS"
"NEFSC_BLLS_GOM_SPRING",2019,"SPRING",2.2217428354,0.2051923501,0,0,0.5762150057,0.2428696691,0.2986446393,0.3962295836,0.6998125337,0,0.0079714039,0,0,"WGOM","Coop_GoM_BLLS"
"NEFSC_BLLS_GOM_SPRING",2020,"SPRING",NA,NA,NA,NA,NA,NA,NA,NA,NA,NA,NA,NA,NA,"WGOM","Coop_GoM_BLLS"
"NEFSC_BLLS_GOM_SPRING",2021,"SPRING",2.6768258934,0.5271194541,0,7.7249396e-06,0.9050579568,0.7814861921,0.9902740267,1.1244718e-09,0,0,0,0,0,"WGOM","Coop_GoM_BLLS"
"MENH_WGOM_FALL",2000,"FALL",0.485679,0.615423,0.102721,0.030819,0.090724,0.095715,0.050991,0.02437,NA,NA,NA,NA,0,"WGOM","MENH_WGOM"
"MENH_WGOM_FALL",2001,"FALL",3.382137,1.011403,3.152162,0.092829,0.052418,0.049617,0.03196,0.003151,NA,NA,NA,NA,0,"WGOM","MENH_WGOM"
"MENH_WGOM_FALL",2002,"FALL",0.181169,1.03476,0.008926,0.044628,NA,0.042539,0.063808,NA,0.021269,NA,NA,NA,0,"WGOM","MENH_WGOM"
"MENH_WGOM_FALL",2003,"FALL",1.324145,0.525154,0.235581,0.07877,0.080152,0.103416,0.269207,0.102731,0.062187,NA,NA,NA,0,"WGOM","MENH_WGOM"
"MENH_WGOM_FALL",2004,"FALL",1.844921,0.948876,0.433449,0.927918,0.133108,0.07581,0.190411,0.03473,0.015547,NA,NA,NA,0,"WGOM","MENH_WGOM"
"MENH_WGOM_FALL",2005,"FALL",7.42712,1.083276,2.133133,0.752259,1.541662,0.84093,0.666647,0.182221,NA,NA,NA,NA,0,"WGOM","MENH_WGOM"
"MENH_WGOM_FALL",2006,"FALL",5.804418,1.612189,0.130648,0.638429,1.697574,1.857293,0.593467,0.05705,0.020729,NA,NA,NA,0,"WGOM","MENH_WGOM"
"MENH_WGOM_FALL",2007,"FALL",5.381992,1.372514,NA,0.636994,2.446155,1.25301,0.495347,0.04564,0.020729,NA,NA,NA,0,"WGOM","MENH_WGOM"
"MENH_WGOM_FALL",2008,"FALL",2.403643,0.710182,1.249664,0.033948,0.091281,0.35209,0.204501,0.06846,NA,NA,NA,NA,0,"WGOM","MENH_WGOM"
"MENH_WGOM_FALL",2009,"FALL",1.741558,0.720165,0.342593,0.123643,0.027514,0.205381,0.171151,0.102691,0.03423,NA,NA,NA,0,"WGOM","MENH_WGOM"
"MENH_WGOM_FALL",2010,"FALL",0.988364,0.539117,NA,0.278438,0.091776,0.21388,0.153216,0.104518,0.03423,NA,NA,NA,0,"WGOM","MENH_WGOM"
"MENH_WGOM_FALL",2011,"FALL",1.028464,0.725295,0.580949,0.076682,0.027384,0.024875,0.18918,NA,0.024875,NA,NA,NA,0,"WGOM","MENH_WGOM"
"MENH_WGOM_FALL",2012,"FALL",0.33022,0.608116,NA,0.09403,0.030427,0.130266,0.075497,NA,NA,NA,NA,NA,0,"WGOM","MENH_WGOM"
"MENH_WGOM_FALL",2013,"FALL",0.231958,0.635279,0.02048,0.027401,0.07454,0.082153,NA,NA,NA,NA,0.027384,NA,0,"WGOM","MENH_WGOM"
"MENH_WGOM_FALL",2014,"FALL",0.086814,1.498952,0.043265,0.020729,NA,0.02282,NA,NA,NA,NA,NA,NA,0,"WGOM","MENH_WGOM"
"MENH_WGOM_FALL",2015,"FALL",0.172242,0.978957,0.035109,0.034252,0.082153,0.020729,NA,NA,NA,NA,NA,NA,0,"WGOM","MENH_WGOM"
"MENH_WGOM_FALL",2016,"FALL",0.107029,1.213277,NA,NA,NA,0.085255,0.021775,NA,NA,NA,NA,NA,0,"WGOM","MENH_WGOM"
"MENH_WGOM_FALL",2017,"FALL",1.314883,1.522984,0.38704,0.020551,0.209272,0.315299,0.184854,0.049095,0.02282,NA,NA,NA,0,"WGOM","MENH_WGOM"
"MENH_WGOM_FALL",2018,"FALL",0.044831,1.661301,NA,0.022011,NA,NA,NA,0.02282,NA,NA,NA,NA,0,"WGOM","MENH_WGOM"
"MENH_WGOM_FALL",2019,"FALL",0.283845,0.779039,0.174744,NA,0.020729,NA,0.020729,NA,NA,NA,NA,NA,0,"WGOM","MENH_WGOM"
"MENH_WGOM_FALL",2020,"FALL",0.086952,1.22533,NA,0.043159,NA,NA,NA,NA,0.043793,NA,NA,NA,0,"WGOM","MENH_WGOM"
"MENH_WGOM_FALL",2021,"FALL",0.032881,2.236068,NA,0.032881,NA,NA,NA,NA,NA,NA,NA,NA,0,"WGOM","MENH_WGOM"
"MENH_WGOM_SPRING",2001,"SPRING",2.614334,0.611054,1.227574,0.589276,0.483123,0.078515,0.025192,0.005525,0.003094,NA,NA,NA,0,"WGOM","MENH_WGOM"
"MENH_WGOM_SPRING",2002,"SPRING",3.907136,0.358053,0.050473,1.935292,0.184696,0.378868,0.531859,0.42585,0.073111,0.05334,NA,NA,0,"WGOM","MENH_WGOM"
"MENH_WGOM_SPRING",2003,"SPRING",1.367848,0.506121,NA,0.768393,0.176807,0.084601,0.129128,0.151543,0.023427,NA,NA,NA,0,"WGOM","MENH_WGOM"
"MENH_WGOM_SPRING",2004,"SPRING",4.748155,0.953832,0.103102,4.093696,0.26673,0.134479,0.102433,0.020799,0.026916,NA,NA,NA,0,"WGOM","MENH_WGOM"
"MENH_WGOM_SPRING",2005,"SPRING",6.785848,1.14901,NA,0.483409,0.546965,0.611162,0.841637,0.03273,0.06546,NA,NA,NA,0,"WGOM","MENH_WGOM"
"MENH_WGOM_SPRING",2006,"SPRING",2.14695,0.79844,0.108704,1.125085,0.256378,0.309621,0.063249,0.136921,NA,0.03423,0.018342,NA,0,"WGOM","MENH_WGOM"
"MENH_WGOM_SPRING",2007,"SPRING",3.29046,0.602757,0.070535,1.304735,0.678474,0.698241,0.367904,0.121974,0.027384,NA,NA,NA,0,"WGOM","MENH_WGOM"
"MENH_WGOM_SPRING",2008,"SPRING",7.252746,1.152217,0.563635,3.332254,0.409884,0.448216,0.384036,0.387281,NA,0.054768,NA,NA,0,"WGOM","MENH_WGOM"
"MENH_WGOM_SPRING",2009,"SPRING",3.283496,0.565673,NA,0.751055,0.0784,0.343429,0.846908,0.78604,0.13941,0.03423,NA,NA,0,"WGOM","MENH_WGOM"
"MENH_WGOM_SPRING",2010,"SPRING",3.859816,0.579482,0.024661,1.776965,0.269534,0.655151,0.525777,0.329119,0.086387,0.027384,NA,NA,0,"WGOM","MENH_WGOM"
"MENH_WGOM_SPRING",2011,"SPRING",0.907284,0.47712,NA,0.244261,0.013757,0.252373,0.14727,0.069488,0.016583,0.04564,NA,NA,0,"WGOM","MENH_WGOM"
"MENH_WGOM_SPRING",2012,"SPRING",1.014077,0.504459,NA,0.416899,0.090188,0.034383,0.219694,0.230092,NA,0.02282,NA,NA,0,"WGOM","MENH_WGOM"
"MENH_WGOM_SPRING",2013,"SPRING",0.431735,1.329367,NA,0.268673,NA,0.117707,NA,NA,0.024875,NA,NA,NA,0,"WGOM","MENH_WGOM"
"MENH_WGOM_SPRING",2014,"SPRING",1.264925,0.458989,NA,0.630124,0.219826,0.237766,0.045672,NA,0.027514,NA,NA,NA,0,"WGOM","MENH_WGOM"
"MENH_WGOM_SPRING",2015,"SPRING",0.354984,0.59223,NA,0.194593,0.137571,0.02282,NA,NA,NA,NA,NA,NA,0,"WGOM","MENH_WGOM"
"MENH_WGOM_SPRING",2016,"SPRING",0.239113,0.849165,NA,0.09231,0.02282,0.023963,NA,0.038367,NA,NA,NA,NA,0,"WGOM","MENH_WGOM"
"MENH_WGOM_SPRING",2017,"SPRING",1.370902,2.231772,NA,0.021213,0.2142,0.22111,0.665632,0.020729,0.020729,0.020729,NA,NA,0,"WGOM","MENH_WGOM"
"MENH_WGOM_SPRING",2018,"SPRING",0.257183,0.710793,NA,0.217072,NA,NA,NA,NA,0.01956,NA,NA,NA,0,"WGOM","MENH_WGOM"
"MENH_WGOM_SPRING",2019,"SPRING",0.164537,1.184181,NA,0.10163,0.018342,NA,0.018876,NA,NA,NA,NA,NA,0,"WGOM","MENH_WGOM"
"MENH_WGOM_SPRING",2020,"SPRING",NA,NA,NA,NA,NA,NA,NA,NA,NA,NA,NA,NA,NA,NA,"MENH_WGOM"
"MENH_WGOM_SPRING",2021,"SPRING",0.664724,0.7824,NA,0.368463,0.198356,NA,NA,NA,NA,NA,NA,NA,0,"WGOM","MENH_WGOM"
"MENH_EGOM_FALL",2000,"FALL",6.056221,1.23056,4.61709,0.571077,0.236937,0.350321,0.196935,0.040307,0.008872,NA,0.011561,NA,0,"EGOM","MENH_EGOM"
"MENH_EGOM_FALL",2001,"FALL",2.512971,0.705264,1.812583,0.088943,0.01657,0.032028,0.023647,0.022691,NA,NA,NA,NA,0,"EGOM","MENH_EGOM"
"MENH_EGOM_FALL",2002,"FALL",1.260812,0.51787,0.199761,0.850954,0.185224,0.013312,0.007707,NA,NA,NA,0.003854,NA,0,"EGOM","MENH_EGOM"
"MENH_EGOM_FALL",2003,"FALL",4.942217,0.458512,4.359835,0.14758,0.144441,0.136971,0.131927,NA,0.021463,NA,NA,NA,0,"EGOM","MENH_EGOM"
"MENH_EGOM_FALL",2004,"FALL",3.36834,0.911311,0.887388,1.710693,0.573472,0.150762,0.046026,NA,NA,NA,NA,NA,0,"EGOM","MENH_EGOM"
"MENH_EGOM_FALL",2005,"FALL",1.633336,0.253428,1.076566,0.271123,0.184259,0.047712,0.017892,NA,NA,NA,NA,NA,0,"EGOM","MENH_EGOM"
"MENH_EGOM_FALL",2006,"FALL",1.764111,0.869458,0.497208,0.014888,0.078306,NA,NA,NA,NA,NA,NA,NA,0,"EGOM","MENH_EGOM"
"MENH_EGOM_FALL",2007,"FALL",0.389916,0.640205,NA,0.005964,0.100003,0.0497,0.007952,NA,NA,NA,NA,NA,0,"EGOM","MENH_EGOM"
"MENH_EGOM_FALL",2008,"FALL",0.251699,1.073288,0.146616,NA,0.011844,0.011844,NA,NA,0.013545,NA,NA,NA,0,"EGOM","MENH_EGOM"
"MENH_EGOM_FALL",2009,"FALL",0.794664,0.558649,0.4155,NA,NA,0.016627,NA,NA,NA,NA,NA,NA,0,"EGOM","MENH_EGOM"
"MENH_EGOM_FALL",2010,"FALL",0.472886,0.391031,NA,0.056309,0.049195,0.01172,NA,NA,NA,NA,NA,NA,0,"EGOM","MENH_EGOM"
"MENH_EGOM_FALL",2011,"FALL",1.082252,0.389985,0.999498,0.053431,NA,NA,NA,NA,NA,NA,NA,NA,0,"EGOM","MENH_EGOM"
"MENH_EGOM_FALL",2012,"FALL",0.265019,0.844705,0.072787,0.106482,0.032195,NA,NA,NA,NA,NA,NA,NA,0,"EGOM","MENH_EGOM"
"MENH_EGOM_FALL",2013,"FALL",0.068393,1.08246,0.068393,NA,NA,NA,NA,NA,NA,NA,NA,NA,0,"EGOM","MENH_EGOM"
"MENH_EGOM_FALL",2014,"FALL",0.658477,0.473281,0.239494,0.350405,0.011928,0.015861,NA,NA,NA,NA,NA,NA,0,"EGOM","MENH_EGOM"
"MENH_EGOM_FALL",2015,"FALL",1.960951,0.219025,1.891022,0.046073,0.023856,NA,NA,NA,NA,NA,NA,NA,0,"EGOM","MENH_EGOM"
"MENH_EGOM_FALL",2016,"FALL",0.415907,1.094536,0.307089,0.086737,NA,NA,0.022082,NA,NA,NA,NA,NA,0,"EGOM","MENH_EGOM"
"MENH_EGOM_FALL",2017,"FALL",1.117443,0.826917,0.909712,0.090497,0.033123,NA,NA,NA,NA,NA,NA,NA,0,"EGOM","MENH_EGOM"
"MENH_EGOM_FALL",2018,"FALL",0.541372,1.14387,0.427564,0.102767,NA,NA,NA,NA,NA,NA,NA,NA,0,"EGOM","MENH_EGOM"
"MENH_EGOM_FALL",2019,"FALL",0.701638,0.979819,0.208474,0.280193,0.051655,0.038025,0.016561,NA,NA,NA,NA,NA,0,"EGOM","MENH_EGOM"
"MENH_EGOM_FALL",2020,"FALL",0.145648,1.644844,NA,0.077267,0.029323,0.013302,NA,NA,NA,NA,NA,NA,0,"EGOM","MENH_EGOM"
"MENH_EGOM_FALL",2021,"FALL",0.017892,2,NA,NA,0.017892,NA,NA,NA,NA,NA,NA,NA,0,"EGOM","MENH_EGOM"
"MENH_EGOM_SPRING",2001,"SPRING",1.908459,0.786815,0.069106,1.408147,0.333173,0.046161,0.008161,NA,NA,NA,NA,NA,0,"EGOM","MENH_EGOM"
"MENH_EGOM_SPRING",2002,"SPRING",6.667529,1.213574,0.125381,6.282349,0.164177,0.035496,0.03524,0.023069,0.001816,NA,NA,NA,0,"EGOM","MENH_EGOM"
"MENH_EGOM_SPRING",2003,"SPRING",1.137543,0.645857,NA,0.203468,0.667624,0.145996,0.071787,0.040694,0.007974,NA,NA,NA,0,"EGOM","MENH_EGOM"
"MENH_EGOM_SPRING",2004,"SPRING",7.3042,0.703986,0.05375,6.985396,0.124431,0.04837,0.079598,0.004704,0.007952,NA,NA,NA,0,"EGOM","MENH_EGOM"
"MENH_EGOM_SPRING",2005,"SPRING",4.699151,1.367565,NA,0.583571,0.033254,NA,0.016254,NA,NA,NA,NA,NA,0,"EGOM","MENH_EGOM"
"MENH_EGOM_SPRING",2006,"SPRING",0.66818,0.735575,NA,0.441351,0.113149,0.075787,0.037894,NA,NA,NA,NA,NA,0,"EGOM","MENH_EGOM"
"MENH_EGOM_SPRING",2007,"SPRING",1.606252,1.242889,NA,1.034064,0.440888,0.029741,0.059061,0.042499,NA,NA,NA,NA,0,"EGOM","MENH_EGOM"
"MENH_EGOM_SPRING",2008,"SPRING",0.913158,0.599134,NA,0.680625,0.130607,0.011085,NA,NA,NA,NA,NA,NA,0,"EGOM","MENH_EGOM"
"MENH_EGOM_SPRING",2009,"SPRING",2.034298,1.009656,NA,1.722651,0.194521,0.117126,NA,NA,NA,NA,NA,NA,0,"EGOM","MENH_EGOM"
"MENH_EGOM_SPRING",2010,"SPRING",0.456314,1.105469,NA,0.385431,0.070883,NA,NA,NA,NA,NA,NA,NA,0,"EGOM","MENH_EGOM"
"MENH_EGOM_SPRING",2011,"SPRING",2.088281,1.404137,NA,1.905245,0.078717,NA,NA,NA,NA,NA,NA,NA,0,"EGOM","MENH_EGOM"
"MENH_EGOM_SPRING",2012,"SPRING",2.408687,0.803222,NA,1.690546,0.552814,0.075532,NA,NA,NA,NA,NA,NA,0,"EGOM","MENH_EGOM"
"MENH_EGOM_SPRING",2013,"SPRING",0.121056,0.870221,NA,0.017892,0.044339,NA,NA,0.017597,NA,NA,NA,NA,0,"EGOM","MENH_EGOM"
"MENH_EGOM_SPRING",2014,"SPRING",6.732069,1.074986,NA,5.865717,0.02564,0.016561,0.011041,NA,NA,NA,NA,NA,0,"EGOM","MENH_EGOM"
"MENH_EGOM_SPRING",2015,"SPRING",1.317148,0.659353,NA,1.25658,0.046504,NA,NA,NA,NA,NA,NA,NA,0,"EGOM","MENH_EGOM"
"MENH_EGOM_SPRING",2016,"SPRING",2.201788,0.450949,NA,2.017001,0.100246,0.04168,NA,NA,NA,NA,NA,NA,0,"EGOM","MENH_EGOM"
"MENH_EGOM_SPRING",2017,"SPRING",0.763359,0.768691,0.027956,0.518482,0.18886,0.0222,0.00586,NA,NA,NA,NA,NA,0,"EGOM","MENH_EGOM"
"MENH_EGOM_SPRING",2018,"SPRING",1.333301,0.442854,NA,1.154511,0.040243,0.066742,0.013249,0.013249,NA,NA,NA,NA,0,"EGOM","MENH_EGOM"
"MENH_EGOM_SPRING",2019,"SPRING",1.027184,0.628058,NA,0.735962,0.253165,NA,NA,NA,NA,NA,NA,NA,0,"EGOM","MENH_EGOM"
"MENH_EGOM_SPRING",2020,"SPRING",NA,NA,NA,NA,NA,NA,NA,NA,NA,NA,NA,NA,NA,NA,"MENH_EGOM"
"MENH_EGOM_SPRING",2021,"SPRING",0.260137,1.101086,NA,0.16812,0.065605,NA,NA,NA,NA,NA,NA,NA,0,"EGOM","MENH_EGOM"
"NMFS_BTS_WGOM_FALL",1970,"FALL",4.2866,0.33,1.0816,1.0005,0.5872,0.6643,0.4505,0.4583,0.0426,0.6568,0.1136,0.3128,0,"WGOM","NEFSC_BTS"
"NMFS_BTS_WGOM_FALL",1971,"FALL",4.134,0.19,1.8897,0.3404,0.4012,0.3208,0.7786,0.7573,0.5643,0.2345,0.3721,0.3648,0,"WGOM","NEFSC_BTS"
"NMFS_BTS_WGOM_FALL",1972,"FALL",19.0999,0.33,0.2009,11.4386,2.5839,2.6754,0.5383,0.3382,0.7348,0.1626,0.3127,0.3154,0,"WGOM","NEFSC_BTS"
"NMFS_BTS_WGOM_FALL",1973,"FALL",10.0638,0.17,0.7664,0.5492,6.2665,0.4616,1.2617,0.2529,0.292,0.2275,0.1,0.6524,0,"WGOM","NEFSC_BTS"
"NMFS_BTS_WGOM_FALL",1974,"FALL",5.1835,0.22,0.7554,1.5215,0.593,2.3081,0.1363,0.2898,0.126,0,0.1436,0.0652,0,"WGOM","NEFSC_BTS"
"NMFS_BTS_WGOM_FALL",1975,"FALL",8.8641,0.32,2.1859,1.1459,3.4183,0.6941,2.9471,0.3717,0.2137,0.0206,0,0.0527,0,"WGOM","NEFSC_BTS"
"NMFS_BTS_WGOM_FALL",1976,"FALL",6.9462,0.3,0,1.2417,1.9509,1.5235,0.4013,1.2754,0.1234,0.2935,0.0274,0.1091,0,"WGOM","NEFSC_BTS"
"NMFS_BTS_WGOM_FALL",1977,"FALL",4.58,0.12,0.0608,0.1451,1.3837,0.6651,1.2008,0.1079,0.8144,0.0481,0.0572,0.1577,0,"WGOM","NEFSC_BTS"
"NMFS_BTS_WGOM_FALL",1978,"FALL",7.3982,0.13,0.4186,1.0681,0.4976,2.0577,1.1885,1.677,0.2237,0.4536,0.0547,0.1773,0,"WGOM","NEFSC_BTS"
"NMFS_BTS_WGOM_FALL",1979,"FALL",4.1466,0.11,0.0117,1.0503,1.0156,0.0988,0.7933,0.3182,0.53,0.0571,0.1834,0.0999,0,"WGOM","NEFSC_BTS"
"NMFS_BTS_WGOM_FALL",1980,"FALL",7.7504,0.28,0.0812,1.8492,3.1695,1.6252,0.3985,0.3092,0.1591,0.1078,0.0372,0.0947,0,"WGOM","NEFSC_BTS"
"NMFS_BTS_WGOM_FALL",1981,"FALL",7.5888,0.46,0,1.9986,2.2773,1.2644,0.9958,0.1129,0.6835,0.0829,0.1385,0.0349,0,"WGOM","NEFSC_BTS"
"NMFS_BTS_WGOM_FALL",1982,"FALL",10.5942,0.55,0,1.4344,6.2105,1.6057,0.9131,0.3469,0,0.058,0.0256,0,0,"WGOM","NEFSC_BTS"
"NMFS_BTS_WGOM_FALL",1983,"FALL",4.1445,0.27,0.8189,1.1673,1.66,0.8987,0.1404,0.0563,0.0777,0,0,0.1441,0,"WGOM","NEFSC_BTS"
"NMFS_BTS_WGOM_FALL",1984,"FALL",3.4427,0.28,0,0.6374,1.2631,0.898,0.2775,0.0814,0.1773,0.0395,0,0.0685,0,"WGOM","NEFSC_BTS"
"NMFS_BTS_WGOM_FALL",1985,"FALL",2.0884,0.22,0.4374,0.3416,0.7071,0.5244,0.1334,0.2442,0.0127,0,0.0439,0.0811,0,"WGOM","NEFSC_BTS"
"NMFS_BTS_WGOM_FALL",1986,"FALL",1.5397,0.21,0,0.1894,0.3814,0.4622,0.2929,0.0849,0.0499,0,0,0.079,0,"WGOM","NEFSC_BTS"
"NMFS_BTS_WGOM_FALL",1987,"FALL",4.1949,0.26,0.2392,0.8243,2.2635,0.6855,0.3176,0.104,0,0,0,0,0,"WGOM","NEFSC_BTS"
"NMFS_BTS_WGOM_FALL",1988,"FALL",7.1925,0.32,0.7095,2.553,3.0196,1.1044,0.3617,0.1538,0,0,0,0,0,"WGOM","NEFSC_BTS"
"NMFS_BTS_WGOM_FALL",1989,"FALL",6.7386,0.29,0.0254,2.5092,2.63,1.2447,0.2856,0.0691,0,0,0,0,0,"WGOM","NEFSC_BTS"
"NMFS_BTS_WGOM_FALL",1990,"FALL",5.6402,0.24,0,0.2938,1.2287,2.8955,0.7063,0.3907,0.066,0.0358,0,0.0234,0,"WGOM","NEFSC_BTS"
"NMFS_BTS_WGOM_FALL",1991,"FALL",1.6085,0.2,0.0384,0.4421,0.2671,0.3474,0.4921,0.0598,0,0,0,0,0,"WGOM","NEFSC_BTS"
"NMFS_BTS_WGOM_FALL",1992,"FALL",2.0781,0.21,0.0701,0.5016,0.8858,0.2035,0.1246,0.3108,0.0518,0,0,0,0,"WGOM","NEFSC_BTS"
"NMFS_BTS_WGOM_FALL",1993,"FALL",2.85,0.43,0.2101,1.1338,1.09,0.4917,0.0208,0.0335,0.0575,0,0,0.0227,0,"WGOM","NEFSC_BTS"
"NMFS_BTS_WGOM_FALL",1994,"FALL",5.0249,0.28,0.0982,1.0437,2.1213,1.6203,0.2264,0.0066,0,0,0.0066,0,0,"WGOM","NEFSC_BTS"
"NMFS_BTS_WGOM_FALL",1995,"FALL",4.7331,0.36,0.0087,0.2642,1.7587,2.0586,0.5446,0.0932,0.0138,0,0,0,0,"WGOM","NEFSC_BTS"
"NMFS_BTS_WGOM_FALL",1996,"FALL",1.5503,0.25,0.0174,0.3006,0.4782,0.3163,0.3715,0.0736,0.0101,0,0,0,0,"WGOM","NEFSC_BTS"
"NMFS_BTS_WGOM_FALL",1997,"FALL",1.2805,0.3,0.0066,0.5044,0.3486,0.1303,0.1885,0.1087,0,0,0,0,0,"WGOM","NEFSC_BTS"
"NMFS_BTS_WGOM_FALL",1998,"FALL",1.4879,0.28,0.0951,0.4177,0.7597,0.2058,0.0868,0.0082,0.0097,0,0,0,0,"WGOM","NEFSC_BTS"
"NMFS_BTS_WGOM_FALL",1999,"FALL",2.2988,0.19,0.1027,0.5319,0.4575,0.7015,0.3979,0.1866,0.0234,0,0,0,0,"WGOM","NEFSC_BTS"
"NMFS_BTS_WGOM_FALL",2000,"FALL",3.5818,0.33,0,1.1293,1.4219,0.3768,0.5221,0.1057,0.0124,0,0.0136,0,0,"WGOM","NEFSC_BTS"
"NMFS_BTS_WGOM_FALL",2001,"FALL",2.5834,0.26,0.0264,0,0.6727,0.9602,0.3704,0.3402,0.1145,0.0963,0,0.0291,0,"WGOM","NEFSC_BTS"
"NMFS_BTS_WGOM_FALL",2002,"FALL",7.6764,0.48,0.1637,0.7456,0.5264,1.808,2.9574,0.9877,0.5959,0,0.0554,0,0,"WGOM","NEFSC_BTS"
"NMFS_BTS_WGOM_FALL",2003,"FALL",2.53,0.3,0.8565,0.69,0.4868,0.1959,0.6116,0.4053,0.048,0.0652,0,0.0272,0,"WGOM","NEFSC_BTS"
"NMFS_BTS_WGOM_FALL",2004,"FALL",2.7,0.31,3.2859,1.1166,0.2957,0.529,0.1977,0.2939,0.1664,0.06,0.015,0.0257,0,"WGOM","NEFSC_BTS"
"NMFS_BTS_WGOM_FALL",2005,"FALL",1.8083,0.07,0.0766,0.1829,0.7073,0.1528,0.4808,0.0272,0.1058,0.0986,0.0272,0.0257,0,"WGOM","NEFSC_BTS"
"NMFS_BTS_WGOM_FALL",2006,"FALL",4.4772,0.28,0.2156,1.7663,0.7786,1.1041,0.3083,0.338,0.0449,0.0678,0.0513,0.0179,0,"WGOM","NEFSC_BTS"
"NMFS_BTS_WGOM_FALL",2007,"FALL",2.4718,0.36,0.0518,0.3834,1.0107,0.4641,0.5005,0.0239,0.0892,0,0,0,0,"WGOM","NEFSC_BTS"
"NMFS_BTS_WGOM_FALL",2008,"FALL",4.9037,0.41,2.4653,1.2863,2.0563,1.1222,0.1791,0.1939,0.0288,0,0,0.0371,0,"WGOM","NEFSC_BTS"
"NMFS_BTS_WGOM_FALL",2009,"FALL",4.5169,0.38,0.0513,1.4266,2.1493,0.478,0.3319,0.0591,0.0605,0,0.0115,0,0,"WGOM","NEFSC_BTS"
"NMFS_BTS_WGOM_FALL",2010,"FALL",1.5558,0.23,0.0015,0.2534,0.5606,0.3233,0.2373,0.1338,0.0311,0,0,0.0163,0,"WGOM","NEFSC_BTS"
"NMFS_BTS_WGOM_FALL",2011,"FALL",1.4772,0.23,0.0427,0.1691,0.4168,0.2801,0.3347,0.1556,0.0849,0.006,0.03,0,0,"WGOM","NEFSC_BTS"
"NMFS_BTS_WGOM_FALL",2012,"FALL",0.8518,0.27,0.0073,0.0415,0.2081,0.3654,0.1659,0.0382,0.0175,0.0152,0,0,0,"WGOM","NEFSC_BTS"
"NMFS_BTS_WGOM_FALL",2013,"FALL",0.5079,0.28,0.0051,0.0313,0.2088,0.1376,0.0952,0.0184,0.0166,0,0,0,0,"WGOM","NEFSC_BTS"
"NMFS_BTS_WGOM_FALL",2014,"FALL",1.0078,0.5,0.0094,0.2367,0.2833,0.3604,0.1274,0,0,0,0,0,0,"WGOM","NEFSC_BTS"
"NMFS_BTS_WGOM_FALL",2015,"FALL",0.615,0.37,0.0012,0.1026,0.3174,0.0673,0.0942,0.0304,0.0031,0,0,0,0,"WGOM","NEFSC_BTS"
"NMFS_BTS_WGOM_FALL",2016,"FALL",1.9539,0.51,0,0.0013,0.1117,1.2765,0.2621,0.265,0.0307,0.0066,0,0,0,"WGOM","NEFSC_BTS"
"NMFS_BTS_WGOM_FALL",2017,"FALL",1.2274,0.27,0.0062,0,0.0695,0.2611,0.7096,0.1341,0.0531,0,0,0,0,"WGOM","NEFSC_BTS"
"NMFS_BTS_WGOM_FALL",2018,"FALL",0.6421,0.3,0.0084,0.1327,0.1103,0.118,0.1131,0.1611,0,0.0069,0,0,0,"WGOM","NEFSC_BTS"
"NMFS_BTS_WGOM_FALL",2019,"FALL",0.1826,0.48,0.0201,0.0043,0.0719,0.0204,0.0205,0.046,0.0054,0,0.0141,0,0,"WGOM","NEFSC_BTS"
"NMFS_BTS_WGOM_FALL",2021,"FALL",0.7477,0.44,0.0769,0.2783,0.3554,0.0646,0.0494,0,0,0,0,0,0,"WGOM","NEFSC_BTS"
"NMFS_BTS_WGOM_SPRING",1970,"SPRING",3.8233,0.18,0,0.0957,0.2179,0.1982,0.7743,0.3796,0.794,0.8456,0.1548,0.3632,0,"WGOM","NEFSC_BTS"
"NMFS_BTS_WGOM_SPRING",1971,"SPRING",2.3455,0.18,0,0.1377,0.3723,0.2305,0.247,0.2796,0.1394,0.313,0.2225,0.4035,0,"WGOM","NEFSC_BTS"
"NMFS_BTS_WGOM_SPRING",1972,"SPRING",3.9291,0.14,0,0.7057,0.5629,1.0392,0.2673,0.2104,0.2838,0.0681,0.1907,0.601,0,"WGOM","NEFSC_BTS"
"NMFS_BTS_WGOM_SPRING",1973,"SPRING",10.579,0.3,0,0.3,6.7513,0.8258,0.7112,0.2714,0.2603,0.1254,0.2036,1.13,0,"WGOM","NEFSC_BTS"
"NMFS_BTS_WGOM_SPRING",1974,"SPRING",5.4673,0.15,0,0.6868,0.2877,3.2631,0.3148,0.3485,0.1652,0.0774,0.0794,0.2444,0,"WGOM","NEFSC_BTS"
"NMFS_BTS_WGOM_SPRING",1975,"SPRING",3.9082,0.15,0.009,0.1667,0.9353,0.4672,1.5619,0.1379,0.2827,0.0501,0.0218,0.2846,0,"WGOM","NEFSC_BTS"
"NMFS_BTS_WGOM_SPRING",1976,"SPRING",4.143,0.23,0,0.069,0.9201,1.5881,0.2867,0.9132,0.1902,0.1065,0.0298,0.0394,0,"WGOM","NEFSC_BTS"
"NMFS_BTS_WGOM_SPRING",1977,"SPRING",5.2533,0.22,0,0,1.3319,0.6642,1.8935,0.1192,1.1008,0.0238,0.0745,0.0454,0,"WGOM","NEFSC_BTS"
"NMFS_BTS_WGOM_SPRING",1978,"SPRING",3.2429,0.2,1.0867,0.2456,0.1589,1.1224,0.4453,0.6181,0.0398,0.4074,0.0233,0.1821,0,"WGOM","NEFSC_BTS"
"NMFS_BTS_WGOM_SPRING",1979,"SPRING",2.8905,0.14,0.1932,0.1273,0.8216,0.2575,0.699,0.2802,0.3973,0.1,0.1362,0.0714,0,"WGOM","NEFSC_BTS"
"NMFS_BTS_WGOM_SPRING",1980,"SPRING",2.4676,0.19,1.2168,0.063,0.4554,0.5942,0.1068,0.2469,0.2781,0.4918,0.0122,0.2192,0,"WGOM","NEFSC_BTS"
"NMFS_BTS_WGOM_SPRING",1981,"SPRING",5.905,0.21,0,1.7726,1.1063,1.0666,1.1697,0.1557,0.3079,0.0829,0.137,0.1063,0,"WGOM","NEFSC_BTS"
"NMFS_BTS_WGOM_SPRING",1982,"SPRING",5.2572,0.19,0,0.8114,1.7748,0.7303,0.6642,0.9646,0.0804,0.1115,0,0.12,0,"WGOM","NEFSC_BTS"
"NMFS_BTS_WGOM_SPRING",1983,"SPRING",5.0858,0.24,0,0.8172,1.8135,1.2647,0.4082,0.4117,0.14,0.0196,0.1446,0.0663,0,"WGOM","NEFSC_BTS"
"NMFS_BTS_WGOM_SPRING",1984,"SPRING",4.7871,0.4,0,0.2751,1.9122,1.1992,0.9028,0.3096,0.0897,0.0985,0,0,0,"WGOM","NEFSC_BTS"
"NMFS_BTS_WGOM_SPRING",1985,"SPRING",2.6653,0.2,0,0.0657,0.6473,0.5585,0.6908,0.4995,0.0838,0.1197,0,0,0,"WGOM","NEFSC_BTS"
"NMFS_BTS_WGOM_SPRING",1986,"SPRING",2.4273,0.16,0,0.377,0.2753,0.9954,0.3005,0.1657,0.1797,0.0611,0.051,0.0216,0,"WGOM","NEFSC_BTS"
"NMFS_BTS_WGOM_SPRING",1987,"SPRING",2.6276,0.23,0,0.1342,1.2325,0.5474,0.387,0.1674,0.1082,0,0.0279,0.023,0,"WGOM","NEFSC_BTS"
"NMFS_BTS_WGOM_SPRING",1988,"SPRING",4.0956,0.2,0.0762,0.552,1.6079,1.3414,0.378,0.1338,0.0654,0.0171,0,0,0,"WGOM","NEFSC_BTS"
"NMFS_BTS_WGOM_SPRING",1989,"SPRING",3.2283,0.19,0,0.2628,0.9048,0.9699,0.8865,0.1147,0.0896,0,0,0,0,"WGOM","NEFSC_BTS"
"NMFS_BTS_WGOM_SPRING",1990,"SPRING",4.3517,0.29,0,0.1141,1.5735,1.6192,0.6548,0.2977,0.0621,0.0303,0,0,0,"WGOM","NEFSC_BTS"
"NMFS_BTS_WGOM_SPRING",1991,"SPRING",3.2088,0.23,0,0.1695,0.1935,0.7441,1.7473,0.2884,0.0208,0.0344,0.0108,0,0,"WGOM","NEFSC_BTS"
"NMFS_BTS_WGOM_SPRING",1992,"SPRING",3.0267,0.29,0,0.0435,0.7681,0.5107,0.2863,1.2358,0.1501,0.0322,0,0,0,"WGOM","NEFSC_BTS"
"NMFS_BTS_WGOM_SPRING",1993,"SPRING",1.768,0.31,0.0812,0.1035,0.6125,0.495,0.2179,0.0783,0.2085,0.0121,0,0.0402,0,"WGOM","NEFSC_BTS"
"NMFS_BTS_WGOM_SPRING",1994,"SPRING",1.2309,0.26,0,0.0801,0.3597,0.4849,0.1682,0.0643,0.0218,0.0401,0,0.0118,0,"WGOM","NEFSC_BTS"
"NMFS_BTS_WGOM_SPRING",1995,"SPRING",2.98,0.24,0.0087,0.0515,0.7533,1.4101,0.4672,0.2162,0.0139,0.0171,0.0507,0,0,"WGOM","NEFSC_BTS"
"NMFS_BTS_WGOM_SPRING",1996,"SPRING",2.5899,0.28,0,0,0.0259,0.588,1.5035,0.4103,0.0622,0,0,0,0,"WGOM","NEFSC_BTS"
"NMFS_BTS_WGOM_SPRING",1997,"SPRING",2.5154,0.16,0.0137,0.34,0.4957,0.4676,0.4374,0.5773,0.0981,0.0993,0,0,0,"WGOM","NEFSC_BTS"
"NMFS_BTS_WGOM_SPRING",1998,"SPRING",2.1798,0.37,0,0.0987,0.3129,0.4971,0.6744,0.2313,0.255,0.0967,0.0137,0,0,"WGOM","NEFSC_BTS"
"NMFS_BTS_WGOM_SPRING",1999,"SPRING",2.9649,0.22,0,0.4662,0.63,0.7736,0.3469,0.3337,0.121,0.2799,0,0.0136,0,"WGOM","NEFSC_BTS"
"NMFS_BTS_WGOM_SPRING",2000,"SPRING",3.3697,0.22,0,0.823,1.0318,0.7147,0.5517,0.1387,0.0764,0.0101,0.0233,0,0,"WGOM","NEFSC_BTS"
"NMFS_BTS_WGOM_SPRING",2001,"SPRING",2.4385,0.31,0,0.0638,0.5713,0.6224,0.4545,0.3352,0.1818,0.1301,0.0658,0.0136,0,"WGOM","NEFSC_BTS"
"NMFS_BTS_WGOM_SPRING",2002,"SPRING",3.2587,0.25,0,0.3362,0.1073,0.5321,1.2478,0.4617,0.3229,0.1905,0.0136,0.0466,0,"WGOM","NEFSC_BTS"
"NMFS_BTS_WGOM_SPRING",2003,"SPRING",4.1964,0.21,0,0.0615,0.8426,0.0486,0.8695,1.3094,0.4598,0.3661,0.1065,0.1324,0,"WGOM","NEFSC_BTS"
"NMFS_BTS_WGOM_SPRING",2004,"SPRING",1.4735,0.22,0.0613,0.587,0.0878,0.2697,0.0851,0.1797,0.2249,0.0136,0.0136,0.0121,0,"WGOM","NEFSC_BTS"
"NMFS_BTS_WGOM_SPRING",2005,"SPRING",2.217,0.23,0.0174,0.0908,0.9283,0.2088,0.6868,0.0136,0.1516,0.1195,0.0176,0,0,"WGOM","NEFSC_BTS"
"NMFS_BTS_WGOM_SPRING",2006,"SPRING",2.4134,0.28,0.0336,0.3715,0.3574,1.1059,0.1538,0.2238,0.0194,0.1163,0.0556,0.0097,0,"WGOM","NEFSC_BTS"
"NMFS_BTS_WGOM_SPRING",2007,"SPRING",13.4875,0.7,0,0.3578,5.0477,3.483,3.9095,0.2894,0.3386,0.0494,0.0121,0,0,"WGOM","NEFSC_BTS"
"NMFS_BTS_WGOM_SPRING",2008,"SPRING",10.6453,0.64,0.2847,0.6801,2.6364,4.3616,1.9459,0.9098,0.0357,0.0758,0,0,0,"WGOM","NEFSC_BTS"
"NMFS_BTS_WGOM_SPRING",2009,"SPRING",1.733,0.27,0,0.2409,0.354,0.3629,0.3463,0.2311,0.1642,0.0104,0.0188,0.0044,0,"WGOM","NEFSC_BTS"
"NMFS_BTS_WGOM_SPRING",2010,"SPRING",3.0291,0.58,0,0.2142,1.2096,0.7643,0.3874,0.2432,0.1312,0.0187,0.0176,0.0429,0,"WGOM","NEFSC_BTS"
"NMFS_BTS_WGOM_SPRING",2011,"SPRING",0.9942,0.25,0,0.0038,0.1591,0.1456,0.3132,0.188,0.1009,0.041,0.0426,0,0,"WGOM","NEFSC_BTS"
"NMFS_BTS_WGOM_SPRING",2012,"SPRING",1.0152,0.23,0.0018,0.0359,0.1073,0.2391,0.3062,0.2117,0.0675,0.0395,0.0041,0.0039,0,"WGOM","NEFSC_BTS"
"NMFS_BTS_WGOM_SPRING",2013,"SPRING",0.8068,0.34,0,0.0069,0.1834,0.1722,0.1687,0.2135,0.0372,0.0249,0,0,0,"WGOM","NEFSC_BTS"
"NMFS_BTS_WGOM_SPRING",2014,"SPRING",0.6133,0.22,0,0.0036,0.0276,0.0537,0.3246,0.1027,0.0435,0.0431,0,0.0145,0,"WGOM","NEFSC_BTS"
"NMFS_BTS_WGOM_SPRING",2015,"SPRING",4.0617,0.36,0.0016,0.0194,0.7229,1.2107,1.884,0.1466,0.0609,0.0172,0,0,0,"WGOM","NEFSC_BTS"
"NMFS_BTS_WGOM_SPRING",2016,"SPRING",2.3903,0.5,8e-04,0.0065,0.167,1.4824,0.5237,0.185,0.0135,0.0065,0.0057,0,0,"WGOM","NEFSC_BTS"
"NMFS_BTS_WGOM_SPRING",2017,"SPRING",1.5647,0.27,0.0011,0.0329,0.0398,0.2756,0.5777,0.3458,0.2823,0.0106,0,0,0,"WGOM","NEFSC_BTS"
"NMFS_BTS_WGOM_SPRING",2018,"SPRING",0.6739,0.23,0,0.0234,0.0093,0.0327,0.1816,0.3534,0.0385,0.035,0,0,0,"WGOM","NEFSC_BTS"
"NMFS_BTS_WGOM_SPRING",2019,"SPRING",0.2069,0.33,0.0021,0.0198,0.0645,0.0238,0.0078,0.0209,0.0603,0,0.0098,0,0,"WGOM","NEFSC_BTS"
"NMFS_BTS_WGOM_SPRING",2021,"SPRING",0.1188,0.42,0.0247,0.0169,0.0615,0.0404,0,0,0,0,0,0,0,"WGOM","NEFSC_BTS"
"NMFS_BTS_WGOM_SPRING",2022,"SPRING",0.8149,0.28,0.0035,0.0471,0.1279,0.4685,0.0692,0.1022,0,0,0,0,0,"WGOM","NEFSC_BTS"
"NMFS_BTS_GBK_SPRING",1970,"SPRING",2.9084,0.23,0,0.2924,0.6414,0.3066,1.0421,0.0948,0.2927,0.0952,0.0351,0.1081,0,"GBK","NEFSC_BTS"
"NMFS_BTS_GBK_SPRING",1971,"SPRING",2.3711,0.16,0,0.1339,0.4775,0.4494,0.1884,0.415,0.1017,0.2196,0.2616,0.124,0,"GBK","NEFSC_BTS"
"NMFS_BTS_GBK_SPRING",1972,"SPRING",6.8111,0.17,0,2.5052,1.3887,1.922,0.4627,0.0739,0.1623,0.1067,0.0614,0.1282,0,"GBK","NEFSC_BTS"
"NMFS_BTS_GBK_SPRING",1973,"SPRING",48.5653,0.64,0,0.4266,35.9886,5.346,5.2385,0.4077,0.3922,0.3414,0,0.4243,0,"GBK","NEFSC_BTS"
"NMFS_BTS_GBK_SPRING",1974,"SPRING",10.8639,0.19,0,0.2351,3.8149,3.9267,0.5381,1.6818,0.3412,0.0597,0.1505,0.1159,0,"GBK","NEFSC_BTS"
"NMFS_BTS_GBK_SPRING",1975,"SPRING",5.1632,0.39,0,0.018,0.2281,1.6151,2.4557,0.1565,0.4579,0.0837,0.0861,0.0621,0,"GBK","NEFSC_BTS"
"NMFS_BTS_GBK_SPRING",1976,"SPRING",4.7477,0.19,0,1.2411,1.1964,0.4814,0.4079,1.1305,0.0202,0.2142,0.0203,0.0357,0,"GBK","NEFSC_BTS"
"NMFS_BTS_GBK_SPRING",1977,"SPRING",4.405,0.14,0,0,2.4965,0.8662,0.2868,0.2373,0.4205,0.0428,0.0549,0,0,"GBK","NEFSC_BTS"
"NMFS_BTS_GBK_SPRING",1978,"SPRING",6.4126,0.19,2.8554,0.2657,0,4.0682,0.7913,0.5117,0.0942,0.4796,0.0444,0.1575,0,"GBK","NEFSC_BTS"
"NMFS_BTS_GBK_SPRING",1979,"SPRING",3.5972,0.15,0.086,0.3752,0.9996,0.0881,1.3896,0.4236,0.1549,0.0633,0.0972,0.0057,0,"GBK","NEFSC_BTS"
"NMFS_BTS_GBK_SPRING",1980,"SPRING",6.181,0.24,0,0.1025,1.8981,2.0756,0.1355,1.4753,0.3046,0.1006,0.0191,0.0697,0,"GBK","NEFSC_BTS"
"NMFS_BTS_GBK_SPRING",1981,"SPRING",9.4102,0.17,0.3312,2.1749,1.5143,2.9934,1.5103,0.0547,0.7891,0.2127,0.1063,0.0545,0,"GBK","NEFSC_BTS"
"NMFS_BTS_GBK_SPRING",1982,"SPRING",34.4004,0.76,0,0.4362,5.595,9.7436,9.7198,5.7456,0.0927,2.2926,0.7278,0.0471,0,"GBK","NEFSC_BTS"
"NMFS_BTS_GBK_SPRING",1983,"SPRING",4.9821,0.28,0,0.222,0.9477,2.1216,0.569,0.5264,0.3658,0.0276,0.0778,0.1242,0,"GBK","NEFSC_BTS"
"NMFS_BTS_GBK_SPRING",1984,"SPRING",2.3816,0.19,0,0.2538,0.0517,0.4046,0.8264,0.2888,0.3061,0.1036,0,0.1466,0,"GBK","NEFSC_BTS"
"NMFS_BTS_GBK_SPRING",1985,"SPRING",8.2774,0.23,0.33,0.0594,3.3331,0.8482,1.3102,1.7341,0.3225,0.2227,0.2363,0.2109,0,"GBK","NEFSC_BTS"
"NMFS_BTS_GBK_SPRING",1986,"SPRING",5.1571,0.15,0,1.226,0.3242,1.7569,0.2582,0.5677,0.7069,0.0347,0.1069,0.1756,0,"GBK","NEFSC_BTS"
"NMFS_BTS_GBK_SPRING",1987,"SPRING",3.433,0.16,0,0,1.792,0.2764,0.8706,0.077,0.15,0.1672,0.0371,0.0627,0,"GBK","NEFSC_BTS"
"NMFS_BTS_GBK_SPRING",1988,"SPRING",6.4506,0.21,0.2207,0.7901,0.5576,3.7805,0.3804,0.782,0.0273,0.0312,0.1015,0,0,"GBK","NEFSC_BTS"
"NMFS_BTS_GBK_SPRING",1989,"SPRING",6.0142,0.23,0,0.2733,1.6399,0.5741,2.2384,0.3944,0.5287,0.0575,0.1149,0.193,0,"GBK","NEFSC_BTS"
"NMFS_BTS_GBK_SPRING",1990,"SPRING",6.226,0.27,0,0.2349,0.8923,2.4995,0.8785,1.2774,0.2227,0.1734,0,0.0473,0,"GBK","NEFSC_BTS"
"NMFS_BTS_GBK_SPRING",1991,"SPRING",6.3852,0.11,0.3331,1.7515,0.7728,0.8857,1.4457,0.8293,0.5127,0.0593,0.1282,0,0,"GBK","NEFSC_BTS"
"NMFS_BTS_GBK_SPRING",1992,"SPRING",2.5843,0.19,0,0.145,1.0872,0.4551,0.1835,0.2906,0.136,0.216,0.0205,0.0504,0,"GBK","NEFSC_BTS"
"NMFS_BTS_GBK_SPRING",1993,"SPRING",2.5052,0.3,0.096,0,0.3929,1.5103,0.2275,0.061,0.179,0.0515,0.0487,0.0343,0,"GBK","NEFSC_BTS"
"NMFS_BTS_GBK_SPRING",1994,"SPRING",1.0617,0.28,0,0.1415,0.3136,0.2239,0.2291,0.0585,0.0097,0.0527,0,0.0327,0,"GBK","NEFSC_BTS"
"NMFS_BTS_GBK_SPRING",1995,"SPRING",3.0096,0.3,0.6397,0.0555,0.3208,0.8843,0.5044,0.7384,0.2056,0.2605,0,0.0401,0,"GBK","NEFSC_BTS"
"NMFS_BTS_GBK_SPRING",1996,"SPRING",3.1385,0.26,0,0.0987,0.2906,0.8852,1.4221,0.1884,0.2029,0.0277,0.0229,0,0,"GBK","NEFSC_BTS"
"NMFS_BTS_GBK_SPRING",1997,"SPRING",1.4534,0.22,0.3902,0.0948,0.194,0.0431,0.3756,0.5555,0.0419,0.0921,0.0564,0,0,"GBK","NEFSC_BTS"
"NMFS_BTS_GBK_SPRING",1998,"SPRING",4.9179,0.36,0.0241,0.036,0.9414,1.5905,0.8552,0.7961,0.6301,0.0443,0.0243,0,0,"GBK","NEFSC_BTS"
"NMFS_BTS_GBK_SPRING",1999,"SPRING",2.0686,0.18,0.0903,0.02,0.1645,0.6131,0.6191,0.341,0.1653,0.0996,0.0341,0.0119,0,"GBK","NEFSC_BTS"
"NMFS_BTS_GBK_SPRING",2000,"SPRING",3.1122,0.24,0.0715,0,0.3677,0.6236,1.4312,0.4623,0.1617,0.0469,0.0188,0,0,"GBK","NEFSC_BTS"
"NMFS_BTS_GBK_SPRING",2001,"SPRING",1.7619,0.32,0,0,0.1064,0.9521,0.1673,0.3949,0.1218,0,0.01,0.0094,0,"GBK","NEFSC_BTS"
"NMFS_BTS_GBK_SPRING",2002,"SPRING",2.3294,0.25,0.0241,0,0.0979,0.4259,1.2575,0.2672,0.2283,0.0526,0,0,0,"GBK","NEFSC_BTS"
"NMFS_BTS_GBK_SPRING",2003,"SPRING",3.0134,0.39,0,0,0.1472,0.4705,0.9403,1.1927,0.1224,0.1303,0.01,0,0,"GBK","NEFSC_BTS"
"NMFS_BTS_GBK_SPRING",2004,"SPRING",7.046,0.44,0,0.7466,0.0327,0.6935,1.8852,1.8533,1.3091,0.2334,0.2701,0.0221,0,"GBK","NEFSC_BTS"
"NMFS_BTS_GBK_SPRING",2005,"SPRING",2.1315,0.17,0.0593,0.0176,0.4635,0.0511,0.7744,0.331,0.2818,0.1662,0.0459,0,0,"GBK","NEFSC_BTS"
"NMFS_BTS_GBK_SPRING",2006,"SPRING",2.7477,0.24,0,0.0318,0.0726,0.8913,0.3836,0.8801,0.2897,0.1174,0.0812,0,0,"GBK","NEFSC_BTS"
"NMFS_BTS_GBK_SPRING",2007,"SPRING",3.4784,0.25,0,0.0242,0.367,0.3268,2.1994,0.251,0.2505,0.0344,0.0251,0,0,"GBK","NEFSC_BTS"
"NMFS_BTS_GBK_SPRING",2008,"SPRING",2.5188,0.23,0.0482,0.0373,0.1412,0.6199,0.3404,1.2753,0.0457,0.059,0,0,0,"GBK","NEFSC_BTS"
"NMFS_BTS_GBK_SPRING",2009,"SPRING",3.123,0.26,0,0.2764,0.2083,1.1294,0.5904,0.3025,0.5378,0.0379,0.017,0.0233,0,"GBK","NEFSC_BTS"
"NMFS_BTS_GBK_SPRING",2010,"SPRING",3.0263,0.16,0,0.1922,0.4392,0.7007,1.0746,0.2617,0.0677,0.2666,0,0.0236,0,"GBK","NEFSC_BTS"
"NMFS_BTS_GBK_SPRING",2011,"SPRING",2.6411,0.21,0,0.5657,0.5568,0.4107,0.638,0.3218,0.0924,0.0169,0.0388,0,0,"GBK","NEFSC_BTS"
"NMFS_BTS_GBK_SPRING",2012,"SPRING",4.9508,0.23,0.0301,0.0542,1.5161,1.4403,1.3405,0.3279,0.2246,0.0472,0,0,0,"GBK","NEFSC_BTS"
"NMFS_BTS_GBK_SPRING",2013,"SPRING",10.0465,0.45,0,0.0565,1.6358,6.3021,1.7341,0.2142,0.0772,0.0266,0,0,0,"GBK","NEFSC_BTS"
"NMFS_BTS_GBK_SPRING",2014,"SPRING",4.5942,0.27,0,0.3511,0.3126,1.6629,1.9117,0.2841,0.0718,0,0,0,0,"GBK","NEFSC_BTS"
"NMFS_BTS_GBK_SPRING",2015,"SPRING",1.9609,0.21,0,0.087,0.8251,0.1815,0.3454,0.4849,0.037,0,0,0,0,"GBK","NEFSC_BTS"
"NMFS_BTS_GBK_SPRING",2016,"SPRING",5.065,0.48,0.0195,0.0271,0.5167,3.6776,0.4574,0.263,0.1136,0.0096,0,0,0,"GBK","NEFSC_BTS"
"NMFS_BTS_GBK_SPRING",2017,"SPRING",9.9101,0.31,0.0228,0.1994,0.2883,1.3671,5.6013,1.4604,0.7539,0.2397,0,0,0,"GBK","NEFSC_BTS"
"NMFS_BTS_GBK_SPRING",2018,"SPRING",3.5465,0.45,0,0.5031,0.3752,1.0726,0.8499,0.7307,0,0,0,0.015,0,"GBK","NEFSC_BTS"
"NMFS_BTS_GBK_SPRING",2019,"SPRING",9.7673,0.75,0.1684,0.5605,3.0624,1.6392,2.9853,1.1713,0.3389,0.0097,0,0,0,"GBK","NEFSC_BTS"
"NMFS_BTS_GBK_SPRING",2021,"SPRING",2.7869,0.31,0.2552,0.1743,0.8655,0.9537,0.6271,0.1511,0,0.0152,0,0,0,"GBK","NEFSC_BTS"
"NMFS_BTS_GBK_SPRING",2022,"SPRING",3.3202,0.37,0.0182,0.3428,0.9245,1.3718,0.4813,0.1588,0.041,0,0,0,0,"GBK","NEFSC_BTS"
"NMFS_BTS_GBK_FALL",1970,"FALL",3.0936,0.18,0.356,1.3064,1.0039,0.374,0.3701,0.0392,0,0,0,0,0,"GBK","NEFSC_BTS"
"NMFS_BTS_GBK_FALL",1971,"FALL",1.396,0.3,0.1341,0.4501,0.4316,0.2139,0.0646,0.1997,0.0254,0.0107,0,0,0,"GBK","NEFSC_BTS"
"NMFS_BTS_GBK_FALL",1972,"FALL",3.1917,0.34,0.6112,2.083,0.4558,0.4829,0.1122,0.0322,0.0256,0,0,0,0,"GBK","NEFSC_BTS"
"NMFS_BTS_GBK_FALL",1973,"FALL",5.0881,0.36,0.0094,1.2512,1.903,0.8317,0.9379,0.0873,0.0196,0.0139,0.0435,0,0,"GBK","NEFSC_BTS"
"NMFS_BTS_GBK_FALL",1974,"FALL",1.2777,0.28,0.0564,0.1176,0.2903,0.6494,0.1367,0.0647,0.019,0,0,0,0,"GBK","NEFSC_BTS"
"NMFS_BTS_GBK_FALL",1975,"FALL",1.319,0.35,0.217,0.3711,0.1317,0.2337,0.5333,0,0.0492,0,0,0,0,"GBK","NEFSC_BTS"
"NMFS_BTS_GBK_FALL",1976,"FALL",5.2203,0.37,0,4.6043,0.2401,0.1577,0.0066,0.1322,0,0.0794,0,0,0,"GBK","NEFSC_BTS"
"NMFS_BTS_GBK_FALL",1977,"FALL",3.5062,0.21,0.0818,0,2.579,0.5021,0.108,0.1226,0.1754,0.0068,0.0123,0,0,"GBK","NEFSC_BTS"
"NMFS_BTS_GBK_FALL",1978,"FALL",4.3196,0.21,0.139,1.0763,0.0723,2.5634,0.3788,0.0468,0.0617,0.1019,0.0144,0.004,0,"GBK","NEFSC_BTS"
"NMFS_BTS_GBK_FALL",1979,"FALL",4.3189,0.27,0.1223,1.2372,1.1938,0.0883,1.4333,0.2151,0.0849,0.0132,0.039,0.0141,0,"GBK","NEFSC_BTS"
"NMFS_BTS_GBK_FALL",1980,"FALL",1.6609,0.25,0.2534,0.6205,0.3485,0.4872,0.0275,0.1588,0.0075,0,0.0109,0,0,"GBK","NEFSC_BTS"
"NMFS_BTS_GBK_FALL",1981,"FALL",4.124,0.21,0.266,1.9967,0.9076,0.8395,0.2284,0.0027,0.1009,0,0,0.0482,0,"GBK","NEFSC_BTS"
"NMFS_BTS_GBK_FALL",1982,"FALL",0.8402,0.33,0.2356,0.34,0.4075,0.033,0.0417,0,0,0.018,0,0,0,"GBK","NEFSC_BTS"
"NMFS_BTS_GBK_FALL",1983,"FALL",0.8751,0.4,0,0.4483,0.119,0.2813,0.006,0,0.0205,0,0,0,0,"GBK","NEFSC_BTS"
"NMFS_BTS_GBK_FALL",1984,"FALL",2.2748,0.33,0.1446,1.094,0.0939,0.4372,0.5515,0.0598,0.0333,0,0,0.0051,0,"GBK","NEFSC_BTS"
"NMFS_BTS_GBK_FALL",1985,"FALL",1.4648,0.47,0.848,0.1906,1.0532,0.0785,0.1031,0,0.033,0,0,0.0064,0,"GBK","NEFSC_BTS"
"NMFS_BTS_GBK_FALL",1986,"FALL",3.3002,0.45,0.1287,2.9584,0.1034,0.1641,0,0.0241,0.0057,0.0445,0,0,0,"GBK","NEFSC_BTS"
"NMFS_BTS_GBK_FALL",1987,"FALL",1.4412,0.34,0.1452,0.1444,1.0207,0.1044,0.1516,0,0.0107,0,0,0.0094,0,"GBK","NEFSC_BTS"
"NMFS_BTS_GBK_FALL",1988,"FALL",2.105,0.32,0.0873,0.5278,0.1398,1.0444,0.0856,0.2408,0,0.0282,0.0384,0,0,"GBK","NEFSC_BTS"
"NMFS_BTS_GBK_FALL",1989,"FALL",3.6836,0.33,0.3815,1.036,1.5242,0.2239,0.7112,0.162,0.0263,0,0,0,0,"GBK","NEFSC_BTS"
"NMFS_BTS_GBK_FALL",1990,"FALL",3.0102,0.41,0.2688,0.475,1.0349,1.0996,0.1702,0.1778,0.0527,0,0,0,0,"GBK","NEFSC_BTS"
"NMFS_BTS_GBK_FALL",1991,"FALL",0.465,0.38,0.0233,0.1751,0.1042,0.1389,0.0108,0.036,0,0,0,0,0,"GBK","NEFSC_BTS"
"NMFS_BTS_GBK_FALL",1992,"FALL",1.0725,0.34,0,0.1751,0.7355,0.1195,0,0.0318,0.0106,0,0,0,0,"GBK","NEFSC_BTS"
"NMFS_BTS_GBK_FALL",1993,"FALL",0.602,0.32,0,0.0856,0.121,0.3491,0.0463,0,0,0,0,0,0,"GBK","NEFSC_BTS"
"NMFS_BTS_GBK_FALL",1994,"FALL",0.9866,0.43,0.0094,0.1312,0.3313,0.2829,0.1363,0.0851,0.0198,0,0,0,0,"GBK","NEFSC_BTS"
"NMFS_BTS_GBK_FALL",1995,"FALL",0.8101,0.36,0.2046,0.0239,0.2225,0.4458,0.0718,0.0294,0.0167,0,0,0,0,"GBK","NEFSC_BTS"
"NMFS_BTS_GBK_FALL",1996,"FALL",1.0155,0.35,0.0094,0.2608,0.0891,0.451,0.1747,0.0154,0.0245,0,0,0,0,"GBK","NEFSC_BTS"
"NMFS_BTS_GBK_FALL",1997,"FALL",0.6226,0.66,0,0.1078,0.2438,0.1146,0.0681,0.0595,0.0188,0.01,0,0,0,"GBK","NEFSC_BTS"
"NMFS_BTS_GBK_FALL",1998,"FALL",1.2063,0.32,0,0.1422,0.5721,0.3711,0.0571,0.0544,0,0,0.0094,0,0,"GBK","NEFSC_BTS"
"NMFS_BTS_GBK_FALL",1999,"FALL",0.3939,0.48,0,0.0094,0.0094,0.2643,0.085,0.0258,0,0,0,0,0,"GBK","NEFSC_BTS"
"NMFS_BTS_GBK_FALL",2000,"FALL",0.506,0.3,0,0.0747,0.2342,0.0709,0.0903,0.0359,0,0,0,0,0,"GBK","NEFSC_BTS"
"NMFS_BTS_GBK_FALL",2001,"FALL",0.5457,0.33,0.0212,0.0636,0.1105,0.2562,0.031,0.0632,0.0106,0.0106,0,0,0,"GBK","NEFSC_BTS"
"NMFS_BTS_GBK_FALL",2002,"FALL",3.9696,0.44,0.1052,0.0965,0.5359,0.6641,2.3236,0.1421,0.1918,0.0156,0,0,0,"GBK","NEFSC_BTS"
"NMFS_BTS_GBK_FALL",2003,"FALL",0.3211,0.29,0.1397,0,0.0518,0.142,0.0897,0.0282,0,0.0094,0,0,0,"GBK","NEFSC_BTS"
"NMFS_BTS_GBK_FALL",2004,"FALL",2.6445,0.51,0.1412,0.4827,0.0628,0.8259,0.2623,0.486,0.3852,0.0863,0.027,0.0263,0,"GBK","NEFSC_BTS"
"NMFS_BTS_GBK_FALL",2005,"FALL",0.913,0.39,0.0274,0.0281,0.4746,0.0961,0.2579,0.0469,0,0.0094,0,0,0,"GBK","NEFSC_BTS"
"NMFS_BTS_GBK_FALL",2006,"FALL",1.0687,0.57,0,0.1834,0.0967,0.5242,0.0264,0.1852,0.0132,0.0132,0.0132,0.0132,0,"GBK","NEFSC_BTS"
"NMFS_BTS_GBK_FALL",2007,"FALL",0.2753,0.31,0.0582,0.0282,0.1486,0.0094,0.0797,0,0.0094,0,0,0,0,"GBK","NEFSC_BTS"
"NMFS_BTS_GBK_FALL",2008,"FALL",0.3786,0.28,0.0094,0.047,0.1563,0.0583,0.0132,0.0828,0.0094,0.0116,0,0,0,"GBK","NEFSC_BTS"
"NMFS_BTS_GBK_FALL",2009,"FALL",0.8772,0.44,0.2997,0.1306,0.2173,0.4104,0.0758,0.0243,0.0188,0,0,0,0,"GBK","NEFSC_BTS"
"NMFS_BTS_GBK_FALL",2010,"FALL",0.4745,0.71,2.3815,0.0765,0.1116,0.0955,0.1817,0.0092,0,0,0,0,0,"GBK","NEFSC_BTS"
"NMFS_BTS_GBK_FALL",2011,"FALL",3.0876,0.46,0.311,1.2512,0.9372,0.4287,0.2691,0.1795,0.0219,0,0,0,0,"GBK","NEFSC_BTS"
"NMFS_BTS_GBK_FALL",2012,"FALL",0.8002,0.41,0,0.0585,0.4804,0.1975,0.023,0.0408,0,0,0,0,0,"GBK","NEFSC_BTS"
"NMFS_BTS_GBK_FALL",2013,"FALL",2.3719,0.53,0.7998,0.1692,1.1015,0.7956,0.3056,0,0,0,0,0,0,"GBK","NEFSC_BTS"
"NMFS_BTS_GBK_FALL",2014,"FALL",1.1633,0.49,0.4017,0.5213,0.0865,0.2116,0.2904,0.0318,0.0217,0,0,0,0,"GBK","NEFSC_BTS"
"NMFS_BTS_GBK_FALL",2015,"FALL",4.4331,0.39,0.2173,0.9413,2.9324,0.1315,0.2422,0.1857,0,0,0,0,0,"GBK","NEFSC_BTS"
"NMFS_BTS_GBK_FALL",2016,"FALL",3.9307,0.47,0.0096,0.0387,0.6102,2.9087,0.0998,0.1933,0.08,0,0,0,0,"GBK","NEFSC_BTS"
"NMFS_BTS_GBK_FALL",2017,"FALL",0.9785,0.57,0.1861,0.3049,0.3466,0.1455,0.1815,0,0,0,0,0,0,"GBK","NEFSC_BTS"
"NMFS_BTS_GBK_FALL",2018,"FALL",2.5092,0.51,0.1085,1.1124,0.392,0.3788,0.3804,0.2456,0,0,0,0,0,"GBK","NEFSC_BTS"
"NMFS_BTS_GBK_FALL",2019,"FALL",1.5294,0.61,0.1022,0.387,0.3774,0.3607,0.1622,0.1291,0.113,0,0,0,0,"GBK","NEFSC_BTS"
"NMFS_BTS_GBK_FALL",2021,"FALL",1.3622,0.64,0.0638,1.1306,0.1027,0.0601,0.0538,0.015,0,0,0,0,0,"GBK","NEFSC_BTS"
"NMFS_BTS_SNE_FALL",1970,"FALL",0.1064,0.92,0,0.0266,0.0266,0.0532,0,0,0,0,0,0,0,"SNE","NEFSC_BTS"
"NMFS_BTS_SNE_FALL",1971,"FALL",0.0166,0.59,0,0,0,0,0,0,0.0166,0,0,0,0,"SNE","NEFSC_BTS"
"NMFS_BTS_SNE_FALL",1972,"FALL",0,NA,0,0,0,0,0,0,0,0,0,0,0,"SNE","NEFSC_BTS"
"NMFS_BTS_SNE_FALL",1973,"FALL",0,NA,0,0,0,0,0,0,0,0,0,0,0,"SNE","NEFSC_BTS"
"NMFS_BTS_SNE_FALL",1974,"FALL",0.0222,0.93,0,0,0,0.0222,0,0,0,0,0,0,0,"SNE","NEFSC_BTS"
"NMFS_BTS_SNE_FALL",1975,"FALL",0,NA,0,0,0,0,0,0,0,0,0,0,0,"SNE","NEFSC_BTS"
"NMFS_BTS_SNE_FALL",1976,"FALL",0,NA,0,0,0,0,0,0,0,0,0,0,0,"SNE","NEFSC_BTS"
"NMFS_BTS_SNE_FALL",1977,"FALL",0,NA,0,0,0,0,0,0,0,0,0,0,0,"SNE","NEFSC_BTS"
"NMFS_BTS_SNE_FALL",1978,"FALL",0.0105,0.96,0,0.0105,0,0,0,0,0,0,0,0,0,"SNE","NEFSC_BTS"
"NMFS_BTS_SNE_FALL",1979,"FALL",0,NA,0,0,0,0,0,0,0,0,0,0,0,"SNE","NEFSC_BTS"
"NMFS_BTS_SNE_FALL",1980,"FALL",0,0.83,NA,NA,NA,NA,NA,NA,NA,NA,NA,NA,0,"SNE","NEFSC_BTS"
"NMFS_BTS_SNE_FALL",1981,"FALL",0,NA,0,0,0,0,0,0,0,0,0,0,0,"SNE","NEFSC_BTS"
"NMFS_BTS_SNE_FALL",1982,"FALL",0,NA,0,0,0,0,0,0,0,0,0,0,0,"SNE","NEFSC_BTS"
"NMFS_BTS_SNE_FALL",1983,"FALL",0,NA,0,0,0,0,0,0,0,0,0,0,0,"SNE","NEFSC_BTS"
"NMFS_BTS_SNE_FALL",1984,"FALL",0,0.91,NA,NA,NA,NA,NA,NA,NA,NA,NA,NA,0,"SNE","NEFSC_BTS"
"NMFS_BTS_SNE_FALL",1985,"FALL",0,NA,0,0,0,0,0,0,0,0,0,0,0,"SNE","NEFSC_BTS"
"NMFS_BTS_SNE_FALL",1986,"FALL",0,NA,0,0,0,0,0,0,0,0,0,0,0,"SNE","NEFSC_BTS"
"NMFS_BTS_SNE_FALL",1987,"FALL",0,NA,0,0,0,0,0,0,0,0,0,0,0,"SNE","NEFSC_BTS"
"NMFS_BTS_SNE_FALL",1988,"FALL",0,0.88,0.0171,0,0,0,0,0,0,0,0,0,0,"SNE","NEFSC_BTS"
"NMFS_BTS_SNE_FALL",1989,"FALL",0,NA,0,0,0,0,0,0,0,0,0,0,0,"SNE","NEFSC_BTS"
"NMFS_BTS_SNE_FALL",1990,"FALL",0,NA,0,0,0,0,0,0,0,0,0,0,0,"SNE","NEFSC_BTS"
"NMFS_BTS_SNE_FALL",1991,"FALL",0,NA,0,0,0,0,0,0,0,0,0,0,0,"SNE","NEFSC_BTS"
"NMFS_BTS_SNE_FALL",1992,"FALL",0.0171,0.58,0.0664,0,0.0171,0,0,0,0,0,0,0,0,"SNE","NEFSC_BTS"
"NMFS_BTS_SNE_FALL",1993,"FALL",0.0135,0.89,0,0,0.0135,0,0,0,0,0,0,0,0,"SNE","NEFSC_BTS"
"NMFS_BTS_SNE_FALL",1994,"FALL",0,0.88,NA,NA,NA,NA,NA,NA,NA,NA,NA,NA,0,"SNE","NEFSC_BTS"
"NMFS_BTS_SNE_FALL",1995,"FALL",0,NA,0,0,0,0,0,0,0,0,0,0,0,"SNE","NEFSC_BTS"
"NMFS_BTS_SNE_FALL",1996,"FALL",0,NA,0,0,0,0,0,0,0,0,0,0,0,"SNE","NEFSC_BTS"
"NMFS_BTS_SNE_FALL",1997,"FALL",0,NA,0,0,0,0,0,0,0,0,0,0,0,"SNE","NEFSC_BTS"
"NMFS_BTS_SNE_FALL",1998,"FALL",0,NA,0,0,0,0,0,0,0,0,0,0,0,"SNE","NEFSC_BTS"
"NMFS_BTS_SNE_FALL",1999,"FALL",0,NA,0,0,0,0,0,0,0,0,0,0,0,"SNE","NEFSC_BTS"
"NMFS_BTS_SNE_FALL",2000,"FALL",0,NA,0,0,0,0,0,0,0,0,0,0,0,"SNE","NEFSC_BTS"
"NMFS_BTS_SNE_FALL",2001,"FALL",0,NA,0,0,0,0,0,0,0,0,0,0,0,"SNE","NEFSC_BTS"
"NMFS_BTS_SNE_FALL",2002,"FALL",0,NA,0,0,0,0,0,0,0,0,0,0,0,"SNE","NEFSC_BTS"
"NMFS_BTS_SNE_FALL",2003,"FALL",0,NA,0,0,0,0,0,0,0,0,0,0,0,"SNE","NEFSC_BTS"
"NMFS_BTS_SNE_FALL",2004,"FALL",0,NA,0,0,0,0,0,0,0,0,0,0,0,"SNE","NEFSC_BTS"
"NMFS_BTS_SNE_FALL",2005,"FALL",0,0.93,0.3739,0,0,0,0,0,0,0,0,0,0,"SNE","NEFSC_BTS"
"NMFS_BTS_SNE_FALL",2006,"FALL",0,NA,0,0,0,0,0,0,0,0,0,0,0,"SNE","NEFSC_BTS"
"NMFS_BTS_SNE_FALL",2007,"FALL",0.0171,0.9,0,0,0.0171,0,0,0,0,0,0,0,0,"SNE","NEFSC_BTS"
"NMFS_BTS_SNE_FALL",2008,"FALL",0.0171,0.89,0,0,0,0.0171,0,0,0,0,0,0,0,"SNE","NEFSC_BTS"
"NMFS_BTS_SNE_FALL",2009,"FALL",0,NA,0,0,0,0,0,0,0,0,0,0,0,"SNE","NEFSC_BTS"
"NMFS_BTS_SNE_FALL",2010,"FALL",0,NA,0,0,0,0,0,0,0,0,0,0,0,"SNE","NEFSC_BTS"
"NMFS_BTS_SNE_FALL",2011,"FALL",0,NA,0,0,0,0,0,0,0,0,0,0,0,"SNE","NEFSC_BTS"
"NMFS_BTS_SNE_FALL",2012,"FALL",0.0259,0.92,0,0,0,0.0259,0,0,0,0,0,0,0,"SNE","NEFSC_BTS"
"NMFS_BTS_SNE_FALL",2013,"FALL",0,NA,0,0,0,0,0,0,0,0,0,0,0,"SNE","NEFSC_BTS"
"NMFS_BTS_SNE_FALL",2014,"FALL",0,NA,0,0,0,0,0,0,0,0,0,0,0,"SNE","NEFSC_BTS"
"NMFS_BTS_SNE_FALL",2015,"FALL",0,NA,0,0,0,0,0,0,0,0,0,0,0,"SNE","NEFSC_BTS"
"NMFS_BTS_SNE_FALL",2016,"FALL",0,NA,0,0,0,0,0,0,0,0,0,0,0,"SNE","NEFSC_BTS"
"NMFS_BTS_SNE_FALL",2017,"FALL",0,NA,NA,NA,NA,NA,NA,NA,NA,NA,NA,NA,0,"SNE","NEFSC_BTS"
"NMFS_BTS_SNE_FALL",2018,"FALL",0,NA,0,0,0,0,0,0,0,0,0,0,0,"SNE","NEFSC_BTS"
"NMFS_BTS_SNE_FALL",2019,"FALL",0,NA,0,0,0,0,0,0,0,0,0,0,0,"SNE","NEFSC_BTS"
"NMFS_BTS_SNE_FALL",2021,"FALL",0.0454,0.9,0,0,0.0238,0.0216,0,0,0,0,0,0,0,"SNE","NEFSC_BTS"
"NMFS_BTS_SNE_SPRING",1970,"SPRING",0.7631,0.36,0,0,0,0.1481,0.4004,0.0877,0.0936,0,0,0.0333,0,"SNE","NEFSC_BTS"
"NMFS_BTS_SNE_SPRING",1971,"SPRING",0.7617,0.27,0,0,0.0915,0,0.1303,0.3644,0.0803,0.0686,0.0266,0,0,"SNE","NEFSC_BTS"
"NMFS_BTS_SNE_SPRING",1972,"SPRING",0,0.42,0,0,0,0,0,0,0,0,0,0,0,"SNE","NEFSC_BTS"
"NMFS_BTS_SNE_SPRING",1973,"SPRING",3.8065,0.3,0,0,3.0618,0.0547,0.263,0.1316,0.085,0.1758,0.0346,0,0,"SNE","NEFSC_BTS"
"NMFS_BTS_SNE_SPRING",1974,"SPRING",1.0253,0.27,0,0,0,0.6693,0.1306,0.1168,0,0.0726,0.036,0,0,"SNE","NEFSC_BTS"
"NMFS_BTS_SNE_SPRING",1975,"SPRING",0.4989,0.19,0,0,0,0,0.3893,0,0,0,0.0772,0.0324,0,"SNE","NEFSC_BTS"
"NMFS_BTS_SNE_SPRING",1976,"SPRING",0,0.4,0,0,0,0,0,0,0,0,0,0,0,"SNE","NEFSC_BTS"
"NMFS_BTS_SNE_SPRING",1977,"SPRING",0.4855,0.27,0,0,0.0797,0.0548,0,0,0.3236,0,0,0.0274,0,"SNE","NEFSC_BTS"
"NMFS_BTS_SNE_SPRING",1978,"SPRING",0.2621,0.51,0.3419,0,0,0.1005,0,0,0.0598,0.0568,0.045,0,0,"SNE","NEFSC_BTS"
"NMFS_BTS_SNE_SPRING",1979,"SPRING",0.212,0.59,0,0.0105,0,0,0.1188,0.0105,0.0445,0,0.0277,0,0,"SNE","NEFSC_BTS"
"NMFS_BTS_SNE_SPRING",1980,"SPRING",0.308,0.3,0.4635,0.014,0.0331,0.0512,0,0.0406,0.0446,0.0321,0,0.0924,0,"SNE","NEFSC_BTS"
"NMFS_BTS_SNE_SPRING",1981,"SPRING",1.2051,0.63,0,0,0,0,1.1091,0,0.0736,0,0,0.0224,0,"SNE","NEFSC_BTS"
"NMFS_BTS_SNE_SPRING",1982,"SPRING",0.0545,0.35,0,0,0,0.0545,0,0,0,0,0,0,0,"SNE","NEFSC_BTS"
"NMFS_BTS_SNE_SPRING",1983,"SPRING",0.1329,0.72,0.3888,0,0,0.0517,0,0,0,0.048,0,0.0332,0,"SNE","NEFSC_BTS"
"NMFS_BTS_SNE_SPRING",1984,"SPRING",0.2026,0.44,0,0.0332,0.0332,0.0332,0.0664,0,0,0.0366,0,0,0,"SNE","NEFSC_BTS"
"NMFS_BTS_SNE_SPRING",1985,"SPRING",0.6024,0.67,0,0.1025,0.0326,0.0569,0.2495,0.1609,0,0,0,0,0,"SNE","NEFSC_BTS"
"NMFS_BTS_SNE_SPRING",1986,"SPRING",0.1433,0.51,0,0.0721,0,0,0.0527,0.0185,0,0,0,0,0,"SNE","NEFSC_BTS"
"NMFS_BTS_SNE_SPRING",1987,"SPRING",0,NA,0,0,0,0,0,0,0,0,0,0,0,"SNE","NEFSC_BTS"
"NMFS_BTS_SNE_SPRING",1988,"SPRING",0.21,0.34,0,0.0284,0.035,0.1466,0,0,0,0,0,0,0,"SNE","NEFSC_BTS"
"NMFS_BTS_SNE_SPRING",1989,"SPRING",0.6604,0.24,0,0.0541,0.0294,0.2008,0.3555,0,0,0,0,0.0206,0,"SNE","NEFSC_BTS"
"NMFS_BTS_SNE_SPRING",1990,"SPRING",0.1687,0.5,0,0,0,0.1174,0,0.0513,0,0,0,0,0,"SNE","NEFSC_BTS"
"NMFS_BTS_SNE_SPRING",1991,"SPRING",0.0629,0.53,0,0,0,0.0288,0,0.0341,0,0,0,0,0,"SNE","NEFSC_BTS"
"NMFS_BTS_SNE_SPRING",1992,"SPRING",0.1286,0.4,0,0,0.0355,0.0107,0.0611,0.0213,0,0,0,0,0,"SNE","NEFSC_BTS"
"NMFS_BTS_SNE_SPRING",1993,"SPRING",0.0634,0.46,0,0.0213,0,0.0213,0.0208,0,0,0,0,0,0,"SNE","NEFSC_BTS"
"NMFS_BTS_SNE_SPRING",1994,"SPRING",0.1242,0.28,0,0,0.0135,0.0758,0.0146,0.0067,0.0136,0,0,0,0,"SNE","NEFSC_BTS"
"NMFS_BTS_SNE_SPRING",1995,"SPRING",0.1196,0.58,0,0,0.0171,0.0513,0.0512,0,0,0,0,0,0,"SNE","NEFSC_BTS"
"NMFS_BTS_SNE_SPRING",1996,"SPRING",0.0185,0.97,0,0,0,0.0185,0,0,0,0,0,0,0,"SNE","NEFSC_BTS"
"NMFS_BTS_SNE_SPRING",1997,"SPRING",0,NA,0,0,0,0,0,0,0,0,0,0,0,"SNE","NEFSC_BTS"
"NMFS_BTS_SNE_SPRING",1998,"SPRING",0.0355,0.69,0,0,0.0355,0,0,0,0,0,0,0,0,"SNE","NEFSC_BTS"
"NMFS_BTS_SNE_SPRING",1999,"SPRING",0.4777,0.82,0,0,0.1876,0.2901,0,0,0,0,0,0,0,"SNE","NEFSC_BTS"
"NMFS_BTS_SNE_SPRING",2000,"SPRING",0.0512,0.63,0,0,0.0341,0,0,0,0.0171,0,0,0,0,"SNE","NEFSC_BTS"
"NMFS_BTS_SNE_SPRING",2001,"SPRING",0.0342,0.6,0,0,0,0.0342,0,0,0,0,0,0,0,"SNE","NEFSC_BTS"
"NMFS_BTS_SNE_SPRING",2002,"SPRING",0.0171,0.87,0,0,0,0,0,0,0.0171,0,0,0,0,"SNE","NEFSC_BTS"
"NMFS_BTS_SNE_SPRING",2003,"SPRING",0.0135,0.87,0,0,0,0,0,0.0135,0,0,0,0,0,"SNE","NEFSC_BTS"
"NMFS_BTS_SNE_SPRING",2004,"SPRING",1.3668,0.83,0.0185,1.3326,0.0342,0,0,0,0,0,0,0,0,"SNE","NEFSC_BTS"
"NMFS_BTS_SNE_SPRING",2005,"SPRING",0.0564,0.54,0,0.0185,0.0171,0.0208,0,0,0,0,0,0,0,"SNE","NEFSC_BTS"
"NMFS_BTS_SNE_SPRING",2006,"SPRING",0,NA,0,0,0,0,0,0,0,0,0,0,0,"SNE","NEFSC_BTS"
"NMFS_BTS_SNE_SPRING",2007,"SPRING",0,NA,0,0,0,0,0,0,0,0,0,0,0,"SNE","NEFSC_BTS"
"NMFS_BTS_SNE_SPRING",2008,"SPRING",0.0171,0.9,0,0,0.0171,0,0,0,0,0,0,0,0,"SNE","NEFSC_BTS"
"NMFS_BTS_SNE_SPRING",2009,"SPRING",0.0233,0.59,0,0.0058,0.0063,0.0112,0,0,0,0,0,0,0,"SNE","NEFSC_BTS"
"NMFS_BTS_SNE_SPRING",2010,"SPRING",0.0687,0.37,0,0.0129,0.0128,0.0089,0.0341,0,0,0,0,0,0,"SNE","NEFSC_BTS"
"NMFS_BTS_SNE_SPRING",2011,"SPRING",0.1321,0.33,0,0,0.0409,0.0794,0.0118,0,0,0,0,0,0,"SNE","NEFSC_BTS"
"NMFS_BTS_SNE_SPRING",2012,"SPRING",0,NA,0,0,0,0,0,0,0,0,0,0,0,"SNE","NEFSC_BTS"
"NMFS_BTS_SNE_SPRING",2013,"SPRING",0.0806,0.43,0,0,0.0186,0.0203,0.0417,0,0,0,0,0,0,"SNE","NEFSC_BTS"
"NMFS_BTS_SNE_SPRING",2014,"SPRING",0.0235,0.47,0,0,0.0147,0.0088,0,0,0,0,0,0,0,"SNE","NEFSC_BTS"
"NMFS_BTS_SNE_SPRING",2015,"SPRING",0.0748,0.33,0,0.0053,0.0445,0.0114,0.0136,0,0,0,0,0,0,"SNE","NEFSC_BTS"
"NMFS_BTS_SNE_SPRING",2016,"SPRING",0.0109,0.86,0,0,0,0.0109,0,0,0,0,0,0,0,"SNE","NEFSC_BTS"
"NMFS_BTS_SNE_SPRING",2017,"SPRING",0.0724,0.65,0,0,0.0112,0.0123,0.0489,0,0,0,0,0,0,"SNE","NEFSC_BTS"
"NMFS_BTS_SNE_SPRING",2018,"SPRING",0.0618,0.71,0,0,0.0447,0.0171,0,0,0,0,0,0,0,"SNE","NEFSC_BTS"
"NMFS_BTS_SNE_SPRING",2019,"SPRING",0.0247,0.64,0,0,0,0.0124,0,0.0123,0,0,0,0,0,"SNE","NEFSC_BTS"
"NMFS_BTS_SNE_SPRING",2021,"SPRING",0,NA,0,0,0,0,0,0,0,0,0,0,0,"SNE","NEFSC_BTS"
"NMFS_BTS_SNE_SPRING",2022,"SPRING",0.0201,0.67,0,0,0.0117,0.0084,0,0,0,0,0,0,0,"SNE","NEFSC_BTS"
"NMFS_BTS_EGOM_FALL",1970,"FALL",5.5191,0.38,0,1.0115,0.4046,0.52,0.1484,0.4855,1.2152,0.9247,0.2107,0.5985,0,"EGOM","NEFSC_BTS"
"NMFS_BTS_EGOM_FALL",1971,"FALL",1.8369,0.28,0,0.0692,0.5196,0,0.2428,0,0.291,0.3331,0.1038,0.2774,0,"EGOM","NEFSC_BTS"
"NMFS_BTS_EGOM_FALL",1972,"FALL",4.8197,0.51,0,1.2666,1.4718,1.9088,0.1725,0,0,0,0,0,0,"EGOM","NEFSC_BTS"
"NMFS_BTS_EGOM_FALL",1973,"FALL",2.9747,0.39,0.6923,0.2308,1.1839,0.2023,1.04,0,0.1154,0,0.2023,0,0,"EGOM","NEFSC_BTS"
"NMFS_BTS_EGOM_FALL",1974,"FALL",4.6442,0.38,0,0.8661,0.4811,2.679,0,0,0,0,0,0.618,0,"EGOM","NEFSC_BTS"
"NMFS_BTS_EGOM_FALL",1975,"FALL",6.7275,0.14,0,0.1053,2.0885,0.3384,4.1953,0,0,0,0,0,0,"EGOM","NEFSC_BTS"
"NMFS_BTS_EGOM_FALL",1976,"FALL",2.6176,0.39,0,0,0,0.6586,0.2428,1.6297,0,0.0865,0,0,0,"EGOM","NEFSC_BTS"
"NMFS_BTS_EGOM_FALL",1977,"FALL",2.3452,0.3,0,0.3318,0.4124,0.4389,0.6859,0,0.2307,0,0.1228,0.1227,0,"EGOM","NEFSC_BTS"
"NMFS_BTS_EGOM_FALL",1978,"FALL",11.8978,0.38,0.6869,6.2095,0.7658,1.574,0.7901,2.085,0,0.3976,0,0.0758,0,"EGOM","NEFSC_BTS"
"NMFS_BTS_EGOM_FALL",1979,"FALL",3.183,0.23,0,0,0.8438,0.4548,0.6622,0.2684,0.57,0,0.3838,0,0,"EGOM","NEFSC_BTS"
"NMFS_BTS_EGOM_FALL",1980,"FALL",4.3696,0.33,0,0,0.4472,1.9305,0.7388,0.4686,0.3486,0.4359,0,0,0,"EGOM","NEFSC_BTS"
"NMFS_BTS_EGOM_FALL",1981,"FALL",1.5806,0.64,0.0547,0.4844,0,1.0962,0,0,0,0,0,0,0,"EGOM","NEFSC_BTS"
"NMFS_BTS_EGOM_FALL",1982,"FALL",6.242,0.7,0,0.4866,2.8254,2.0326,0.8974,0,0,0,0,0,0,"EGOM","NEFSC_BTS"
"NMFS_BTS_EGOM_FALL",1983,"FALL",4.5889,0.14,0,0.601,1.7305,0.6181,1.3965,0,0.2428,0,0,0,0,"EGOM","NEFSC_BTS"
"NMFS_BTS_EGOM_FALL",1984,"FALL",3.5162,0.22,0,1.3846,0.4998,0.8452,0.5298,0,0,0,0,0.2568,0,"EGOM","NEFSC_BTS"
"NMFS_BTS_EGOM_FALL",1985,"FALL",4.5533,0.25,0,1.5316,1.888,0.8695,0.0499,0,0.2143,0,0,0,0,"EGOM","NEFSC_BTS"
"NMFS_BTS_EGOM_FALL",1986,"FALL",4.2666,0.44,0,1.5995,0.5549,1.4455,0.4459,0,0.2208,0,0,0,0,"EGOM","NEFSC_BTS"
"NMFS_BTS_EGOM_FALL",1987,"FALL",1.347,0.33,0,0.9718,0.1839,0.1913,0,0,0,0,0,0,0,"EGOM","NEFSC_BTS"
"NMFS_BTS_EGOM_FALL",1988,"FALL",2.9776,0.23,0,1.1492,0.847,0.7952,0.1862,0,0,0,0,0,0,"EGOM","NEFSC_BTS"
"NMFS_BTS_EGOM_FALL",1989,"FALL",4.4134,0.31,0,0,1.8073,2.1482,0.2624,0.1955,0,0,0,0,0,"EGOM","NEFSC_BTS"
"NMFS_BTS_EGOM_FALL",1990,"FALL",2.3521,0.26,0,0.2787,0.182,1.4218,0.0304,0.371,0,0.0682,0,0,0,"EGOM","NEFSC_BTS"
"NMFS_BTS_EGOM_FALL",1991,"FALL",0.6495,0.65,0,0.1229,0.1229,0,0.2459,0,0,0.1578,0,0,0,"EGOM","NEFSC_BTS"
"NMFS_BTS_EGOM_FALL",1992,"FALL",1.4653,0.29,0.1665,0.8767,0.322,0.2666,0,0,0,0,0,0,0,"EGOM","NEFSC_BTS"
"NMFS_BTS_EGOM_FALL",1993,"FALL",0.9088,0.44,0.1052,0.1052,0.1888,0.6148,0,0,0,0,0,0,0,"EGOM","NEFSC_BTS"
"NMFS_BTS_EGOM_FALL",1994,"FALL",0.3776,0.44,0.111,0.2666,0.111,0,0,0,0,0,0,0,0,"EGOM","NEFSC_BTS"
"NMFS_BTS_EGOM_FALL",1995,"FALL",0.6672,0.73,0.0444,0,0.1112,0.4448,0.1112,0,0,0,0,0,0,"EGOM","NEFSC_BTS"
"NMFS_BTS_EGOM_FALL",1996,"FALL",0.4668,0.66,0.1556,0,0.1556,0.1556,0,0.1556,0,0,0,0,0,"EGOM","NEFSC_BTS"
"NMFS_BTS_EGOM_FALL",1997,"FALL",0.778,0.56,0,0.1556,0.3112,0.1556,0,0.1556,0,0,0,0,0,"EGOM","NEFSC_BTS"
"NMFS_BTS_EGOM_FALL",1998,"FALL",0.8336,0.55,0.1664,0,0.5418,0.1945,0.0973,0,0,0,0,0,0,"EGOM","NEFSC_BTS"
"NMFS_BTS_EGOM_FALL",1999,"FALL",0.5212,0.64,0,0.4347,0.0865,0,0,0,0,0,0,0,0,"EGOM","NEFSC_BTS"
"NMFS_BTS_EGOM_FALL",2000,"FALL",0.9775,0.65,0.0444,0.3014,0.3649,0.3112,0,0,0,0,0,0,0,"EGOM","NEFSC_BTS"
"NMFS_BTS_EGOM_FALL",2001,"FALL",0.3483,0.73,0.037,0,0.037,0.3113,0,0,0,0,0,0,0,"EGOM","NEFSC_BTS"
"NMFS_BTS_EGOM_FALL",2002,"FALL",0,NA,0,0,0,0,0,0,0,0,0,0,0,"EGOM","NEFSC_BTS"
"NMFS_BTS_EGOM_FALL",2003,"FALL",0.9336,0.66,0.1109,0,0,0.1556,0.3112,0.3112,0.1556,0,0,0,0,"EGOM","NEFSC_BTS"
"NMFS_BTS_EGOM_FALL",2004,"FALL",0.5835,0.56,0,0.1945,0,0.389,0,0,0,0,0,0,0,"EGOM","NEFSC_BTS"
"NMFS_BTS_EGOM_FALL",2005,"FALL",0.2111,0.73,0,0.1556,0.0555,0,0,0,0,0,0,0,0,"EGOM","NEFSC_BTS"
"NMFS_BTS_EGOM_FALL",2006,"FALL",0.9336,0.56,0,0.1556,0,0.6224,0,0.1556,0,0,0,0,0,"EGOM","NEFSC_BTS"
"NMFS_BTS_EGOM_FALL",2007,"FALL",0.6224,0.44,0,0,0.3112,0.1556,0.1556,0,0,0,0,0,0,"EGOM","NEFSC_BTS"
"NMFS_BTS_EGOM_FALL",2008,"FALL",0.3112,0.54,0,0,0.1556,0,0,0.1556,0,0,0,0,0,"EGOM","NEFSC_BTS"
"NMFS_BTS_EGOM_FALL",2009,"FALL",0.3425,0.46,0,0.1235,0.1416,0.0774,0,0,0,0,0,0,0,"EGOM","NEFSC_BTS"
"NMFS_BTS_EGOM_FALL",2010,"FALL",0.0125,0.63,0.0098,0.0125,0,0,0,0,0,0,0,0,0,"EGOM","NEFSC_BTS"
"NMFS_BTS_EGOM_FALL",2011,"FALL",0.1609,0.69,0,0.0412,0.1197,0,0,0,0,0,0,0,0,"EGOM","NEFSC_BTS"
"NMFS_BTS_EGOM_FALL",2012,"FALL",0.2233,0.56,0,0.0708,0.1525,0,0,0,0,0,0,0,0,"EGOM","NEFSC_BTS"
"NMFS_BTS_EGOM_FALL",2013,"FALL",0.0563,0.31,0.0168,0.0416,0.0147,0,0,0,0,0,0,0,0,"EGOM","NEFSC_BTS"
"NMFS_BTS_EGOM_FALL",2014,"FALL",0.1272,0.62,0,0.0211,0.0497,0.0564,0,0,0,0,0,0,0,"EGOM","NEFSC_BTS"
"NMFS_BTS_EGOM_FALL",2015,"FALL",0.1008,0.54,0,0,0.1008,0,0,0,0,0,0,0,0,"EGOM","NEFSC_BTS"
"NMFS_BTS_EGOM_FALL",2016,"FALL",0.1197,0.59,0.0064,0,0,0.1197,0,0,0,0,0,0,0,"EGOM","NEFSC_BTS"
"NMFS_BTS_EGOM_FALL",2017,"FALL",0.0994,0.63,0,0,0.0994,0,0,0,0,0,0,0,0,"EGOM","NEFSC_BTS"
"NMFS_BTS_EGOM_FALL",2018,"FALL",0,NA,0,0,0,0,0,0,0,0,0,0,0,"EGOM","NEFSC_BTS"
"NMFS_BTS_EGOM_FALL",2019,"FALL",0.0305,0.89,0,0,0.0305,0,0,0,0,0,0,0,0,"EGOM","NEFSC_BTS"
"NMFS_BTS_EGOM_FALL",2021,"FALL",0,NA,0,0,0,0,0,0,0,0,0,0,0,"EGOM","NEFSC_BTS"
"NMFS_BTS_EGOM_SPRING",1970,"SPRING",1.7669,0.37,0,0,0,0,0,0.8198,0.4736,0.1947,0,0.2788,0,"EGOM","NEFSC_BTS"
"NMFS_BTS_EGOM_SPRING",1971,"SPRING",1.4961,0.27,0,0.2096,0.2058,0.2023,0.2715,0,0,0.4046,0.2023,0,0,"EGOM","NEFSC_BTS"
"NMFS_BTS_EGOM_SPRING",1972,"SPRING",3.849,0.55,0,0.4099,0.4046,1.2138,0.6069,0.6069,0,0,0.4046,0.2023,0,"EGOM","NEFSC_BTS"
"NMFS_BTS_EGOM_SPRING",1973,"SPRING",4.3312,0.33,0,0,0.0865,1.8107,0.7661,0.8171,0,0.0973,0.1699,0.5836,0,"EGOM","NEFSC_BTS"
"NMFS_BTS_EGOM_SPRING",1974,"SPRING",2.5993,0.37,0,0.4504,0,0.8316,0.2428,0.0692,0.2428,0,0.1384,0.6241,0,"EGOM","NEFSC_BTS"
"NMFS_BTS_EGOM_SPRING",1975,"SPRING",4.056,0.66,0,0,0.9533,0,2.7626,0.3401,0,0,0,0,0,"EGOM","NEFSC_BTS"
"NMFS_BTS_EGOM_SPRING",1976,"SPRING",3.1176,0.31,0,0,0.6056,0.3465,0.1734,1.5588,0,0,0,0.4333,0,"EGOM","NEFSC_BTS"
"NMFS_BTS_EGOM_SPRING",1977,"SPRING",2.8062,0.33,0,0.0692,0,0.5047,2.2323,0,0,0,0,0,0,"EGOM","NEFSC_BTS"
"NMFS_BTS_EGOM_SPRING",1978,"SPRING",4.5054,0.39,0,0.1368,0.352,1.1164,1.2718,1.0799,0.1608,0.1014,0,0.2863,0,"EGOM","NEFSC_BTS"
"NMFS_BTS_EGOM_SPRING",1979,"SPRING",8.4358,0.51,0,1.4467,4.6633,0.2931,0.4459,0.7406,0.769,0.0772,0,0,0,"EGOM","NEFSC_BTS"
"NMFS_BTS_EGOM_SPRING",1980,"SPRING",3.1412,0.46,0,0.0912,0.5407,0.9887,0.4416,0.2732,0.8058,0,0,0,0,"EGOM","NEFSC_BTS"
"NMFS_BTS_EGOM_SPRING",1981,"SPRING",5.7455,0.22,0,0.9581,0.2252,0.94,2.6259,0.6146,0.2217,0,0.16,0,0,"EGOM","NEFSC_BTS"
"NMFS_BTS_EGOM_SPRING",1982,"SPRING",3.2417,0.42,0,0.283,0.9495,0.3836,0.0912,1.3425,0,0.1919,0,0,0,"EGOM","NEFSC_BTS"
"NMFS_BTS_EGOM_SPRING",1983,"SPRING",6.242,0.23,0.0692,0.6071,2.147,1.4147,0.8475,0.457,0.5227,0,0,0.246,0,"EGOM","NEFSC_BTS"
"NMFS_BTS_EGOM_SPRING",1984,"SPRING",3.971,0.63,0,0.2428,0,2.2717,1.4565,0,0,0,0,0,0,"EGOM","NEFSC_BTS"
"NMFS_BTS_EGOM_SPRING",1985,"SPRING",1.7119,0.61,0,0.1556,0.2108,0.8787,0.4668,0,0,0,0,0,0,"EGOM","NEFSC_BTS"
"NMFS_BTS_EGOM_SPRING",1986,"SPRING",5.2244,0.59,0,2.6512,0.9726,1.4008,0.1998,0,0,0,0,0,0,"EGOM","NEFSC_BTS"
"NMFS_BTS_EGOM_SPRING",1987,"SPRING",0.2458,0.93,0,0,0,0,0.2458,0,0,0,0,0,0,"EGOM","NEFSC_BTS"
"NMFS_BTS_EGOM_SPRING",1988,"SPRING",2.7325,0.27,0,1.9103,0.345,0,0,0.2804,0.1968,0,0,0,0,"EGOM","NEFSC_BTS"
"NMFS_BTS_EGOM_SPRING",1989,"SPRING",1.7031,0.26,0,0.0351,0.9295,0.3698,0.3687,0,0,0,0,0,0,"EGOM","NEFSC_BTS"
"NMFS_BTS_EGOM_SPRING",1990,"SPRING",2.4936,0.46,0,0,0.1545,1.6017,0.602,0.1354,0,0,0,0,0,"EGOM","NEFSC_BTS"
"NMFS_BTS_EGOM_SPRING",1991,"SPRING",1.475,0.71,0,0,0,0.2846,0.8183,0.3721,0,0,0,0,0,"EGOM","NEFSC_BTS"
"NMFS_BTS_EGOM_SPRING",1992,"SPRING",0.8335,0.85,0,0.2111,0.4668,0,0.1556,0,0,0,0,0,0,"EGOM","NEFSC_BTS"
"NMFS_BTS_EGOM_SPRING",1993,"SPRING",2.7936,0.33,0,0.5409,0.7302,0.5596,0.4961,0.1556,0.3112,0,0,0,0,"EGOM","NEFSC_BTS"
"NMFS_BTS_EGOM_SPRING",1994,"SPRING",0.9656,0.67,0,0.0351,0.5618,0.2458,0,0,0,0.1229,0,0,0,"EGOM","NEFSC_BTS"
"NMFS_BTS_EGOM_SPRING",1995,"SPRING",0.3556,0.5,0,0.0444,0,0.3112,0,0,0,0,0,0,0,"EGOM","NEFSC_BTS"
"NMFS_BTS_EGOM_SPRING",1996,"SPRING",0.4669,0.59,0,0.3113,0,0.1556,0,0,0,0,0,0,0,"EGOM","NEFSC_BTS"
"NMFS_BTS_EGOM_SPRING",1997,"SPRING",0.9112,0.61,0,0.5556,0.3112,0.0444,0,0,0,0,0,0,0,"EGOM","NEFSC_BTS"
"NMFS_BTS_EGOM_SPRING",1998,"SPRING",0.238,0.53,0,0.0634,0.0634,0,0.1112,0,0,0,0,0,0,"EGOM","NEFSC_BTS"
"NMFS_BTS_EGOM_SPRING",1999,"SPRING",0.2,0.71,0,0.0444,0,0,0,0,0.1556,0,0,0,0,"EGOM","NEFSC_BTS"
"NMFS_BTS_EGOM_SPRING",2000,"SPRING",5.5977,0.57,0,3.886,1.7117,0,0,0,0,0,0,0,0,"EGOM","NEFSC_BTS"
"NMFS_BTS_EGOM_SPRING",2001,"SPRING",0.4668,0.89,0,0.1556,0,0.3112,0,0,0,0,0,0,0,"EGOM","NEFSC_BTS"
"NMFS_BTS_EGOM_SPRING",2002,"SPRING",1.1556,0.58,0,0.6444,0,0.2,0.3112,0,0,0,0,0,0,"EGOM","NEFSC_BTS"
"NMFS_BTS_EGOM_SPRING",2003,"SPRING",1.6588,0.57,0,0.2458,1.2901,0,0.1229,0,0,0,0,0,0,"EGOM","NEFSC_BTS"
"NMFS_BTS_EGOM_SPRING",2004,"SPRING",0.463,0.76,0,0.463,0,0,0,0,0,0,0,0,0,"EGOM","NEFSC_BTS"
"NMFS_BTS_EGOM_SPRING",2005,"SPRING",0.778,0.4,0,0.1556,0.3112,0.1556,0.1556,0,0,0,0,0,0,"EGOM","NEFSC_BTS"
"NMFS_BTS_EGOM_SPRING",2006,"SPRING",0.2407,0.64,0,0.1297,0.111,0,0,0,0,0,0,0,0,"EGOM","NEFSC_BTS"
"NMFS_BTS_EGOM_SPRING",2007,"SPRING",0.4165,0.58,0,0.1665,0.0555,0,0.1945,0,0,0,0,0,0,"EGOM","NEFSC_BTS"
"NMFS_BTS_EGOM_SPRING",2008,"SPRING",0.4668,0.89,0,0,0,0,0.4668,0,0,0,0,0,0,"EGOM","NEFSC_BTS"
"NMFS_BTS_EGOM_SPRING",2009,"SPRING",0.0667,0.6,0,0,0.0667,0,0,0,0,0,0,0,0,"EGOM","NEFSC_BTS"
"NMFS_BTS_EGOM_SPRING",2010,"SPRING",0.1998,0.78,0,0.084,0.082,0.0338,0,0,0,0,0,0,0,"EGOM","NEFSC_BTS"
"NMFS_BTS_EGOM_SPRING",2011,"SPRING",0.0989,0.61,0,0.012,0.0202,0,0.0667,0,0,0,0,0,0,"EGOM","NEFSC_BTS"
"NMFS_BTS_EGOM_SPRING",2012,"SPRING",0.3494,0.38,0,0.085,0.0535,0.1504,0,0,0.0605,0,0,0,0,"EGOM","NEFSC_BTS"
"NMFS_BTS_EGOM_SPRING",2013,"SPRING",0.0076,0.56,0,0.0076,0,0,0,0,0,0,0,0,0,"EGOM","NEFSC_BTS"
"NMFS_BTS_EGOM_SPRING",2014,"SPRING",0.0124,0.66,0,0,0.0124,0,0,0,0,0,0,0,0,"EGOM","NEFSC_BTS"
"NMFS_BTS_EGOM_SPRING",2015,"SPRING",0.0224,0.68,0,0.0073,0.0151,0,0,0,0,0,0,0,0,"EGOM","NEFSC_BTS"
"NMFS_BTS_EGOM_SPRING",2016,"SPRING",0.2526,0.76,0,0.0981,0.0713,0.0832,0,0,0,0,0,0,0,"EGOM","NEFSC_BTS"
"NMFS_BTS_EGOM_SPRING",2017,"SPRING",0.1884,0.39,0,0,0.0097,0.0505,0.0402,0,0,0.088,0,0,0,"EGOM","NEFSC_BTS"
"NMFS_BTS_EGOM_SPRING",2018,"SPRING",0.0191,0.78,0,0.0191,0,0,0,0,0,0,0,0,0,"EGOM","NEFSC_BTS"
"NMFS_BTS_EGOM_SPRING",2019,"SPRING",0.1032,0.6,0,0,0,0,0.0466,0.0566,0,0,0,0,0,"EGOM","NEFSC_BTS"
"NMFS_BTS_EGOM_SPRING",2021,"SPRING",0,NA,0,0,0,0,0,0,0,0,0,0,0,"EGOM","NEFSC_BTS"
"NMFS_BTS_EGOM_SPRING",2022,"SPRING",0,NA,0,0,0,0,0,0,0,0,0,0,0,"EGOM","NEFSC_BTS"
"MADMF_Industry_SPRING",2004,"SPRING",1884.78511175352,0.151773233803988,0,541.183005053114,250.44954077415,495.944455811434,70.5888525295729,205.345348567811,164.098457713611,77.5262404248092,37.4848924955001,42.1643183835194,0,"WGOM","MADMF_Industry"
"MADMF_Industry_SPRING",2005,"SPRING",1559.77734454183,0.133941514445478,0,158.293953943091,669.390899936214,148.415727846969,280.485839084734,43.1184208138243,125.282133458182,70.5821560457553,30.5611930198217,33.6470203932439,0,"WGOM","MADMF_Industry"
"MADMF_Industry_SPRING",2006,"SPRING",2489.38141594297,0.152352668942019,0,435.586921031393,738.143206407486,623.662579403303,129.248752487624,347.954783567306,63.8137515807707,68.7373113684199,43.7861625860332,38.4479475106362,0,"WGOM","MADMF_Industry"
"MADMF_Industry_SPRING",2007,"SPRING",2518.88647667865,0.174685432375862,0,267.974755398774,856.03405948586,589.282118350338,458.099877533759,99.4175096245215,179.30825690666,28.2667174901836,20.3779219053253,20.125259983225,0,"WGOM","MADMF_Industry"
"MADMF_Industry_SPRING",2008,"SPRING",NA,NA,NA,NA,NA,NA,NA,NA,NA,NA,NA,NA,NA,"WGOM","MADMF_Industry"
"MADMF_Industry_SPRING",2009,"SPRING",NA,NA,NA,NA,NA,NA,NA,NA,NA,NA,NA,NA,NA,"WGOM","MADMF_Industry"
"MADMF_Industry_SPRING",2010,"SPRING",NA,NA,NA,NA,NA,NA,NA,NA,NA,NA,NA,NA,NA,"WGOM","MADMF_Industry"
"MADMF_Industry_SPRING",2011,"SPRING",NA,NA,NA,NA,NA,NA,NA,NA,NA,NA,NA,NA,NA,"WGOM","MADMF_Industry"
"MADMF_Industry_SPRING",2012,"SPRING",NA,NA,NA,NA,NA,NA,NA,NA,NA,NA,NA,NA,NA,"WGOM","MADMF_Industry"
"MADMF_Industry_SPRING",2013,"SPRING",NA,NA,NA,NA,NA,NA,NA,NA,NA,NA,NA,NA,NA,"WGOM","MADMF_Industry"
"MADMF_Industry_SPRING",2014,"SPRING",NA,NA,NA,NA,NA,NA,NA,NA,NA,NA,NA,NA,NA,"WGOM","MADMF_Industry"
"MADMF_Industry_SPRING",2015,"SPRING",NA,NA,NA,NA,NA,NA,NA,NA,NA,NA,NA,NA,NA,"WGOM","MADMF_Industry"
"MADMF_Industry_SPRING",2016,"SPRING",411.724836835948,0.171399093754833,0,18.756997122245,57.855337432288,166.193968419784,61.6539727175883,74.2742376174002,19.4767822740857,8.27768632388526,3.74972712859268,1.4861278000794,0,"WGOM","MADMF_Industry"
"MADMF_Industry_SPRING",2017,"SPRING",221.88330226988,0.184523964301708,0,6.14412487293099,18.925766822646,47.8761793325001,77.7597033539224,34.9839492426202,28.8725381503622,5.00530342569331,1.58408004751807,0.731657021686412,0,"WGOM","MADMF_Industry"
"MADMF_Industry_SPRING",2018,"SPRING",156.266773772225,0.167074650257769,0,18.001886083515,13.1013533838724,21.0774479258545,26.342839927815,48.2527401039441,15.2954332630098,9.52100071045383,3.31653409862526,1.35753827513523,0,"WGOM","MADMF_Industry"
"DFO_5Z1-2_SUMMER",1989,"SUMMER",6602032.29903815,0.578652588943022,0,351788.646260742,1300391.75336261,485188.071999933,817788.224540848,52922.8796759714,157878.462385042,13099.6178861789,0,0,0,"GBK","DFO_Trawl"
"DFO_5Z1-2_SUMMER",1990,"SUMMER",2807957.65715107,0.457350387664649,226928.223306233,181740.034101174,504387.045248881,776726.762269687,567238.419566433,399489.536228588,74900.0778507024,51791.7524005135,0,24755.8061788618,0,"GBK","DFO_Trawl"
"DFO_5Z1-2_SUMMER",1991,"SUMMER",NA,NA,NA,NA,NA,NA,NA,NA,NA,NA,NA,NA,NA,"GBK","DFO_Trawl"
"DFO_5Z1-2_SUMMER",1992,"SUMMER",NA,NA,NA,NA,NA,NA,NA,NA,NA,NA,NA,NA,NA,"GBK","DFO_Trawl"
"DFO_5Z1-2_SUMMER",1993,"SUMMER",NA,NA,NA,NA,NA,NA,NA,NA,NA,NA,NA,NA,NA,"GBK","DFO_Trawl"
"DFO_5Z1-2_SUMMER",1994,"SUMMER",NA,NA,NA,NA,NA,NA,NA,NA,NA,NA,NA,NA,NA,"GBK","DFO_Trawl"
"DFO_5Z1-2_SUMMER",1995,"SUMMER",NA,NA,NA,NA,NA,NA,NA,NA,NA,NA,NA,NA,NA,"GBK","DFO_Trawl"
"DFO_5Z1-2_SUMMER",1996,"SUMMER",NA,NA,NA,NA,NA,NA,NA,NA,NA,NA,NA,NA,NA,"GBK","DFO_Trawl"
"DFO_5Z1-2_SUMMER",1997,"SUMMER",NA,NA,NA,NA,NA,NA,NA,NA,NA,NA,NA,NA,NA,"GBK","DFO_Trawl"
"DFO_5Z1-2_SUMMER",1998,"SUMMER",NA,NA,NA,NA,NA,NA,NA,NA,NA,NA,NA,NA,NA,"GBK","DFO_Trawl"
"DFO_5Z1-2_SUMMER",1999,"SUMMER",NA,NA,NA,NA,NA,NA,NA,NA,NA,NA,NA,NA,NA,"GBK","DFO_Trawl"
"DFO_5Z1-2_SUMMER",2000,"SUMMER",NA,NA,NA,NA,NA,NA,NA,NA,NA,NA,NA,NA,NA,"GBK","DFO_Trawl"
"DFO_5Z1-2_SUMMER",2001,"SUMMER",NA,NA,NA,NA,NA,NA,NA,NA,NA,NA,NA,NA,NA,"GBK","DFO_Trawl"
"DFO_5Z1-2_SUMMER",2002,"SUMMER",NA,NA,NA,NA,NA,NA,NA,NA,NA,NA,NA,NA,NA,"GBK","DFO_Trawl"
"DFO_5Z1-2_SUMMER",2003,"SUMMER",NA,NA,NA,NA,NA,NA,NA,NA,NA,NA,NA,NA,NA,"GBK","DFO_Trawl"
"DFO_5Z1-2_SUMMER",2004,"SUMMER",NA,NA,NA,NA,NA,NA,NA,NA,NA,NA,NA,NA,NA,"GBK","DFO_Trawl"
"DFO_5Z1-2_SUMMER",2005,"SUMMER",NA,NA,NA,NA,NA,NA,NA,NA,NA,NA,NA,NA,NA,"GBK","DFO_Trawl"
"DFO_5Z1-2_SUMMER",2006,"SUMMER",NA,NA,NA,NA,NA,NA,NA,NA,NA,NA,NA,NA,NA,"GBK","DFO_Trawl"
"DFO_5Z1-2_SUMMER",2007,"SUMMER",NA,NA,NA,NA,NA,NA,NA,NA,NA,NA,NA,NA,NA,"GBK","DFO_Trawl"
"DFO_5Z1-2_SUMMER",2008,"SUMMER",NA,NA,NA,NA,NA,NA,NA,NA,NA,NA,NA,NA,NA,"GBK","DFO_Trawl"
"DFO_5Z1-2_SUMMER",2009,"SUMMER",NA,NA,NA,NA,NA,NA,NA,NA,NA,NA,NA,NA,NA,"GBK","DFO_Trawl"
"DFO_5Z1-2_SUMMER",2010,"SUMMER",NA,NA,NA,NA,NA,NA,NA,NA,NA,NA,NA,NA,NA,"GBK","DFO_Trawl"
"DFO_5Z1-2_SUMMER",2011,"SUMMER",NA,NA,NA,NA,NA,NA,NA,NA,NA,NA,NA,NA,0,"GBK","DFO_Trawl"
"DFO_5Z1-2_SUMMER",2012,"SUMMER",NA,NA,NA,NA,NA,NA,NA,NA,NA,NA,NA,NA,NA,"GBK","DFO_Trawl"
"DFO_5Z1-2_SUMMER",2013,"SUMMER",1660862.13228615,0.634106102332649,0,0,41068.8231406945,91015.149465337,32246.6315030638,0,0,0,0,0,0,"GBK","DFO_Trawl"
"DFO_5Z1-2_SUMMER",2014,"SUMMER",NA,NA,NA,NA,NA,NA,NA,NA,NA,NA,NA,NA,NA,"GBK","DFO_Trawl"
"DFO_5Z1-2_SUMMER",2015,"SUMMER",NA,NA,NA,NA,NA,NA,NA,NA,NA,NA,NA,NA,NA,"GBK","DFO_Trawl"
"DFO_5Z1-2_SUMMER",2016,"SUMMER",NA,NA,NA,NA,NA,NA,NA,NA,NA,NA,NA,NA,0,"GBK","DFO_Trawl"
"DFO_5Z1-2_SUMMER",2017,"SUMMER",3802575.6891228,0.550165416232676,0,23532.9586926299,118528.344221559,1245566.68470294,2150211.66967859,0,245917.745957071,18818.2858700095,0,0,0,"GBK","DFO_Trawl"
"DFO_5Z1-2_SUMMER",2018,"SUMMER",NA,NA,NA,NA,NA,NA,NA,NA,NA,NA,NA,NA,NA,"GBK","DFO_Trawl"
"DFO_5Z1-2_SUMMER",2019,"SUMMER",896484.867840711,0.365101110060571,295983.348954563,20816.4283160299,276233.298346031,43705.5262404453,77579.9444577645,99684.863534193,82481.4579916854,0,0,0,0,"GBK","DFO_Trawl"
"DFO_5Z1-2_SUMMER",2020,"SUMMER",758004.132253294,0.405427217178692,0,154622.17060265,205192.435103011,286825.677079229,38929.72020223,59611.7158448029,0,0,0,0,0,"GBK","DFO_Trawl"
"DFO_5Z1-2_SUMMER",2021,"SUMMER",9500272.79169267,0.756015666360428,631572.95757378,5519141.71455704,1842062.44228041,359915.404012484,478249.43719471,197822.740553152,59298.6807955394,0,0,0,0,"GBK","DFO_Trawl"
"DFO_5Z1-7_SPRING",1987,"SPRING",7344249.59031186,0.261130770958799,0,353583.929180615,2993142.94340527,1293692.19728033,1534090.84939408,465851.935747079,163920.823678801,297965.358695943,103571.439574875,138430.113354854,0,"GBK","DFO_Trawl"
"DFO_5Z1-7_SPRING",1988,"SPRING",11288424.8386603,0.239965100895387,0,391729.556611236,1395736.9321725,6566903.8857267,824834.96202258,1438343.21446996,182094.393665492,108655.25541392,245106.131209172,135020.507368731,0,"GBK","DFO_Trawl"
"DFO_5Z1-7_SPRING",1989,"SPRING",13354386.4116699,0.160375503636616,0,2145667.93840583,3804881.29949956,1895875.90277709,3951027.58498648,509835.04307969,587953.801549559,64928.0561563099,134108.957607595,260107.827607804,0,"GBK","DFO_Trawl"
"DFO_5Z1-7_SPRING",1990,"SPRING",20943679.3251027,0.166508909213876,21234.1697678,637496.097406394,3685623.58090956,5421545.92387077,2967016.79751603,5477570.70980154,595678.048655686,1312983.59892535,162733.31410196,656522.4095356,0,"GBK","DFO_Trawl"
"DFO_5Z1-7_SPRING",1991,"SPRING",12853260.5226861,0.132913055156543,0,1649840.16392726,1634188.10694979,2568203.38653988,3002280.93282896,1462955.77756942,1828237.56197026,219137.607397759,312084.487356928,176332.498145861,0,"GBK","DFO_Trawl"
"DFO_5Z1-7_SPRING",1992,"SPRING",10934055.5656423,0.178164931930479,0,161798.282056456,4022983.4291426,2485837.74429288,1130428.38093906,1380987.10378641,850599.281785175,605692.327491718,163682.850625423,132046.165522542,0,"GBK","DFO_Trawl"
"DFO_5Z1-7_SPRING",1993,"SPRING",5924871.85097524,0.231500240025419,0,42210.0185550172,479134.043208358,2261978.6188048,827891.674413588,498408.364253933,980709.172299957,354680.128504867,332761.603233831,147098.227700892,0,"GBK","DFO_Trawl"
"DFO_5Z1-7_SPRING",1994,"SPRING",3951988.46112427,0.310285853815926,0,12545.1720500989,642851.09726885,714601.629496094,1322796.84282441,483605.714409674,183127.127685293,363544.693311287,84048.1320723579,140593.914199077,0,"GBK","DFO_Trawl"
"DFO_5Z1-7_SPRING",1995,"SPRING",5672979.57728123,0.257729316526815,0,95687.3142869337,949552.096268544,2116501.31630751,1211226.83572737,845284.707676303,272899.555280844,55247.2953340006,67096.5053152866,59483.9510844365,0,"GBK","DFO_Trawl"
"DFO_5Z1-7_SPRING",1996,"SPRING",13202168.3136607,0.225219731156468,0,199863.948020305,683484.321573884,3254603.53748243,5660334.39301692,1529255.55874402,1112921.90761574,457555.503690441,106790.816102098,197358.327414862,0,"GBK","DFO_Trawl"
"DFO_5Z1-7_SPRING",1997,"SPRING",6038425.28375236,0.190873261696325,0,455975.054663659,745612.084481836,770892.842828546,1764525.02142016,1732669.65856256,383258.037138951,84856.8957173392,46636.2325754975,50645.6170151477,0,"GBK","DFO_Trawl"
"DFO_5Z1-7_SPRING",1998,"SPRING",3835933.09832538,0.193442875620706,0,20096.0130216966,944727.060638887,1332203.79593068,489531.430590168,498526.660615617,389096.103184457,92669.4010436282,32028.2553512633,37054.3779489856,0,"GBK","DFO_Trawl"
"DFO_5Z1-7_SPRING",1999,"SPRING",5730365.30116425,0.184668483063898,0,457877.600493797,449040.217888468,2092140.0686633,1530404.51151308,570100.006757941,364246.082803092,205021.44363364,9910.27835592091,48163.0633402618,0,"GBK","DFO_Trawl"
"DFO_5Z1-7_SPRING",2000,"SPRING",12232306.2280108,0.486603270183728,0,141540.207793032,618840.857651421,1483793.40988102,5477510.47977309,2452459.73962733,1116176.99776829,546088.825181788,340374.517305939,52472.4484255924,0,"GBK","DFO_Trawl"
"DFO_5Z1-7_SPRING",2001,"SPRING",4764333.58105713,0.332264264018774,0,3329.18318704435,80312.7204325739,899310.157486568,586862.265912373,1558717.71901854,731494.627300426,365218.379891556,234847.470955503,304241.056872542,0,"GBK","DFO_Trawl"
"DFO_5Z1-7_SPRING",2002,"SPRING",7489759.03582787,0.262677930195267,0,12893.3866708094,121745.751524448,805617.062933319,2887078.74068697,961543.139191777,1718160.59623614,563812.313593246,232375.504910141,186532.540081016,0,"GBK","DFO_Trawl"
"DFO_5Z1-7_SPRING",2003,"SPRING",4238300.44370244,0.149165654857254,0,0,31360.3350934893,419144.851715369,912160.363074147,1706764.20060129,447151.192262331,474403.540543437,227598.554530884,19717.4058814942,0,"GBK","DFO_Trawl"
"DFO_5Z1-7_SPRING",2004,"SPRING",3523502.58382371,0.184771176668475,0,753776.15896989,134498.760107505,551715.685340429,595577.584196422,634621.401227434,545453.653405308,103827.818547659,165354.269023794,38677.2530052738,0,"GBK","DFO_Trawl"
"DFO_5Z1-7_SPRING",2005,"SPRING",15449152.8280648,0.523303679157497,0,32635.0890475501,2202885.85026017,1480525.3912755,7694749.6263201,2071864.43493472,956843.414984369,838935.974626211,58860.2734408688,102554.525331358,0,"GBK","DFO_Trawl"
"DFO_5Z1-7_SPRING",2006,"SPRING",5820768.55031912,0.24864443781838,0,0,42872.5899263281,1694531.9401629,747393.928824525,1925221.23629992,804197.866271891,230777.993938841,230106.237024445,145666.757870278,0,"GBK","DFO_Trawl"
"DFO_5Z1-7_SPRING",2007,"SPRING",7111539.49683971,0.170849831329471,0,169875.086062057,642098.873899835,1168117.74497052,3634534.51981633,479648.816437053,748016.92347772,119045.394914238,93681.059983132,56521.0772788263,0,"GBK","DFO_Trawl"
"DFO_5Z1-7_SPRING",2008,"SPRING",6290379.85647818,0.240089103518503,0,12271.3862932933,454928.463742301,1259822.82814086,835775.822032081,3069288.5068972,196496.006166358,396500.50185357,41216.7683786035,24079.5729739082,0,"GBK","DFO_Trawl"
"DFO_5Z1-7_SPRING",2009,"SPRING",9148487.31541504,0.528998134287754,0,42483.7822707174,329526.770478083,2769060.714767,2457410.08939234,513470.283541319,2937387.09535595,0,81590.1684948995,17558.4111147332,0,"GBK","DFO_Trawl"
"DFO_5Z1-7_SPRING",2010,"SPRING",11091246.3387503,0.61745482989594,0,4612.88313891835,144190.556423378,1101333.17932628,4671161.75150723,2060007.36194469,812961.892864479,2119119.63872036,74798.0544156745,103061.020409305,0,"GBK","DFO_Trawl"
"DFO_5Z1-7_SPRING",2011,"SPRING",4711865.18629076,0.191466149613855,0,179637.215786665,612401.834498207,941812.654770136,1100031.5099329,1406367.75825138,266868.587119302,68114.2282025964,111457.692059412,19021.9026941422,0,"GBK","DFO_Trawl"
"DFO_5Z1-7_SPRING",2012,"SPRING",1276360.01242526,0.177134305766033,0,8692.89950017961,174037.373130504,376427.235762086,327288.609765127,199676.237257727,161144.959341911,7626.09722965546,17347.2860629503,4119.31437512327,0,"GBK","DFO_Trawl"
"DFO_5Z1-7_SPRING",2013,"SPRING",6877917.18881963,0.423466257000541,0,0,474075.720523965,3800183.62460453,2089737.60588884,299489.640454467,80988.9471325281,52458.391856827,9822.11002015146,0,0,"GBK","DFO_Trawl"
"DFO_5Z1-7_SPRING",2014,"SPRING",1369790.74043841,0.209325570871918,0,57995.0917983799,26681.6871138446,457220.471352037,582722.673163035,178344.220221248,36917.7074160211,0,18000.1458409531,0,0,"GBK","DFO_Trawl"
"DFO_5Z1-7_SPRING",2015,"SPRING",1790668.47848217,0.324266255970637,0,0,481615.890321143,152819.081973909,604942.401328962,446623.075928857,97178.4671160391,7489.5618132545,0,0,0,"GBK","DFO_Trawl"
"DFO_5Z1-7_SPRING",2016,"SPRING",2128628.44992559,0.183140593439578,0,8258.30754383652,288439.789025604,1127916.30175361,223757.424032531,299935.415158234,159095.985126085,17122.0549908584,4103.17229483897,0,0,"GBK","DFO_Trawl"
"DFO_5Z1-7_SPRING",2017,"SPRING",8833422.74423945,0.582439696316658,87367.2002874725,4748.55617241595,154290.26209778,1900060.21711046,6049525.62214408,188330.753331637,264233.005337924,184867.127757686,0,0,0,"GBK","DFO_Trawl"
"DFO_5Z1-7_SPRING",2018,"SPRING",4033367.83121283,0.321330504202915,0,58784.7362430386,218523.429237273,592074.765337862,1186658.19047247,1837125.25493474,81471.2085194713,51289.9659405231,7440.28052745058,0,0,"GBK","DFO_Trawl"
"DFO_5Z1-7_SPRING",2019,"SPRING",2937776.4744417,0.609283884551986,0,9482.56110017689,466427.187474072,1069350.63839226,670514.287672107,395141.696807497,314422.598522983,0,0,12437.5044725974,0,"GBK","DFO_Trawl"
"DFO_5Z1-7_SPRING",2020,"SPRING",3267440.42793669,0.41713660309781,0,31961.9019068406,462906.816160865,1749710.52337734,619135.182127245,329643.40788799,49201.8570478311,19559.6748930694,5321.06453551211,0,0,"GBK","DFO_Trawl"
"DFO_5Z1-7_SPRING",2021,"SPRING",1144082.0729699,0.314977456587264,4057.4420092103,62477.5294662577,185520.077881965,307869.871633358,400340.594417456,105751.128555856,43827.6646284227,6453.93134321583,27783.833034159,0,0,"GBK","DFO_Trawl"
"DFO_5ZJM_SPRING",1987,"SPRING",3811760.153,0.420465432869655,0,48211.24629,1790661.586,641988.6241,753378.8079,162262.1865,89260.91582,181215.9155,88943.93151,55836.9395,0,"GBK","DFO_Trawl"
"DFO_5ZJM_SPRING",1988,"SPRING",7740728.928,0.329900646487201,0,147914.8647,449910.9002,5336796.51,564631.5267,838208.9228,95132.80755,78547.15775,179313.5187,50272.71928,0,"GBK","DFO_Trawl"
"DFO_5ZJM_SPRING",1989,"SPRING",5867557.968,0.158125686100663,0,350082.4945,2168745.506,764161.4916,1705505.853,258250.7421,331999.904,41678.78873,84746.48577,162386.7021,0,"GBK","DFO_Trawl"
"DFO_5ZJM_SPRING",1990,"SPRING",13125007.11,0.184909772063892,20063.23694,105671.0487,794780.6957,3471199.644,1952990.031,4402093.414,535180.964,1094054.178,144324.4947,604649.3994,0,"GBK","DFO_Trawl"
"DFO_5ZJM_SPRING",1991,"SPRING",7876395.189,0.158349657923299,0,1197559.438,1019386.94,1407736.749,1639492.559,881612.7864,1194821.993,147558.5147,249470.2208,138755.9882,0,"GBK","DFO_Trawl"
"DFO_5ZJM_SPRING",1992,"SPRING",5276442.823,0.171219575416239,0,47509.41024,2049053.316,1220817.129,409092.3221,643424.9576,451225.1548,300334.7804,92648.1896,62337.56349,0,"GBK","DFO_Trawl"
"DFO_5ZJM_SPRING",1993,"SPRING",4504104.017,0.209572402325734,0,30953.63449,354940.4245,1722939.362,621526.5544,370272.1842,753984.0463,274428.5095,267584.1097,107475.1918,0,"GBK","DFO_Trawl"
"DFO_5ZJM_SPRING",1994,"SPRING",3871425.086,0.315748152621361,0,12545.17205,629174.2538,691301.8322,1288787.652,476674.288,181854.6222,363443.5879,84048.13207,143595.5465,0,"GBK","DFO_Trawl"
"DFO_5ZJM_SPRING",1995,"SPRING",3092658.883,0.336849724897481,0,32127.07971,187285.7904,1240107.72,756623.4952,519957.0824,186287.6976,43822.26763,66905.55831,59542.19139,0,"GBK","DFO_Trawl"
"DFO_5ZJM_SPRING",1996,"SPRING",9589552.348,0.244149011802408,0,90142.39024,202902.925,1744259.897,4336809,1431951.498,1033891.059,445089.9394,107147.3112,197358.3274,0,"GBK","DFO_Trawl"
"DFO_5ZJM_SPRING",1997,"SPRING",3904984.592,0.248250556899254,0,29811.56028,375853.0092,568000.7463,1324821.839,1261640.692,216393.33,50408.46356,34600.26974,43454.68305,0,"GBK","DFO_Trawl"
"DFO_5ZJM_SPRING",1998,"SPRING",2402203.901,0.18579464806501,0,5965.041243,581971.4583,830589.1953,322368.5552,316894.6426,237648.1126,56023.12545,28599.49335,22144.27727,0,"GBK","DFO_Trawl"
"DFO_5ZJM_SPRING",1999,"SPRING",3560745.338,0.241172747307755,0,3442.131004,156211.6045,1297811.876,1090491.25,449226.3236,317445.9365,190459.0246,9910.278356,45746.91341,0,"GBK","DFO_Trawl"
"DFO_5ZJM_SPRING",2000,"SPRING",10753810.8,0.549624060363857,0,0,422952.5286,1294320.455,4967095.544,2156594.629,1031266.316,509836.4431,316992.7713,54752.11534,0,"GBK","DFO_Trawl"
"DFO_5ZJM_SPRING",2001,"SPRING",4247583.583,0.368362297166429,0,3329.183187,36500.36308,802492.9452,519286.1028,1390587.017,644801.5116,333981.3044,224381.1483,292224.0075,0,"GBK","DFO_Trawl"
"DFO_5ZJM_SPRING",2002,"SPRING",5462245.178,0.312794241058095,0,0,118257.2885,476512.8075,2097450.197,694223.9581,1282622.943,458075.3447,188371.3392,146731.3003,0,"GBK","DFO_Trawl"
"DFO_5ZJM_SPRING",2003,"SPRING",2078159.601,0.150712406347329,0,0,7977.393048,199543.1128,509529.7977,867133.8446,193875.7954,219250.3394,68928.65929,11920.65924,0,"GBK","DFO_Trawl"
"DFO_5ZJM_SPRING",2004,"SPRING",2069001.879,0.195950079965709,0,427027.4639,39821.67054,246386.4857,380547.6381,421997.6435,353151.1662,59051.81303,108026.0463,32991.95192,0,"GBK","DFO_Trawl"
"DFO_5ZJM_SPRING",2005,"SPRING",14622524.5669204,0.598387555190356,0,26596.5987637773,1136318.15884367,1473790.73963659,8000904.71060687,2062204.31742391,954454.722401437,802019.965923877,57195.0612304889,99742.0442457718,0,"GBK","DFO_Trawl"
"DFO_5ZJM_SPRING",2006,"SPRING",5227607.08184799,0.2577191447644,0,0,41908.0998451529,1486166.70020979,654766.335622893,1730362.8999041,740057.627223958,216693.957783254,217178.067531761,140473.393727074,0,"GBK","DFO_Trawl"
"DFO_5ZJM_SPRING",2007,"SPRING",4591004.704,0.205752969200219,0,18050.47212,130064.841,548504.6825,2605562.486,378918.8504,652894.8019,119045.3949,81442.0975,56521.07728,0,"GBK","DFO_Trawl"
"DFO_5ZJM_SPRING",2008,"SPRING",5569008.303,0.266634802774266,0,12271.38629,147122.4326,1026582.788,754553.6373,2977536.897,193683.0675,391961.7525,41216.76838,24079.57297,0,"GBK","DFO_Trawl"
"DFO_5ZJM_SPRING",2009,"SPRING",8372183.41668003,0.576644514962152,0,10916.3482384824,50975.8972260081,2475428.02246054,2261063.14257961,519173.55846865,2955477.86809711,0,81590.1684948995,17558.41111,0,"GBK","DFO_Trawl"
"DFO_5ZJM_SPRING",2010,"SPRING",9622579.37,0.586889613476346,0,4612.883139,91883.36814,955758.8004,4105405.6,1781203.639,702832.1012,1827650.872,64558.42016,88673.68621,0,"GBK","DFO_Trawl"
"DFO_5ZJM_SPRING",2011,"SPRING",3964867.111,0.216837620982841,0,192535.4581,271374.3386,766222.6776,951899.4112,1323829.621,255825.5821,67159.7807,112142.5822,23877.65974,0,"GBK","DFO_Trawl"
"DFO_5ZJM_SPRING",2012,"SPRING",1188930.89416852,0.177126684577587,0,8692.89950017961,149778.478017669,328437.099613942,316990.604425932,196652.184972119,159236.206759422,6775.51354669001,18220.8304355205,4147.076897,0,"GBK","DFO_Trawl"
"DFO_5ZJM_SPRING",2013,"SPRING",6786398.204,0.430818962204346,0,0,430874.2901,3753636.296,2173113.176,285472.0127,81021.9269,52458.39186,9822.11002,0,0,"GBK","DFO_Trawl"
"DFO_5ZJM_SPRING",2014,"SPRING",1213289.846,0.220593643684148,0,75648.03405,8548.040317,359978.4983,537978.1445,169378.2381,34869.81108,0,26889.07968,0,0,"GBK","DFO_Trawl"
"DFO_5ZJM_SPRING",2015,"SPRING",1770011.401,0.32707229794204,0,0,476414.767,152337.7313,598027.9648,438507.9971,97233.3794,7489.561813,0,0,0,"GBK","DFO_Trawl"
"DFO_5ZJM_SPRING",2016,"SPRING",1848274.558,0.209406462692156,0,8258.307544,196674.4402,1003876.369,199135.6317,272914.2177,147005.9811,16306.43895,4103.172295,0,0,"GBK","DFO_Trawl"
"DFO_5ZJM_SPRING",2017,"SPRING",8266099.625,0.678729733169934,0,4748.556172,52399.07565,1660205.573,5897034.611,193721.0633,269533.9728,188456.774,0,0,0,"GBK","DFO_Trawl"
"DFO_5ZJM_SPRING",2018,"SPRING",3708113.04110294,0.340137683198544,0,45368.8784511572,183721.477901294,552421.567917702,1114987.73537749,1674646.46118789,79095.5622603441,50431.0774796073,7440.28052745058,0,0,"GBK","DFO_Trawl"
"DFO_5ZJM_SPRING",2019,"SPRING",2542154.102,0.696807722651362,0,9482.5611,268642.7689,1004936.251,573891.2473,388589.5648,283826.4802,0,0,12785.22929,0,"GBK","DFO_Trawl"
"DFO_5ZJM_SPRING",2020,"SPRING",3274328.839,0.416497768346711,0,31961.90191,465709.4628,1752526.394,620013.2136,329966.8838,49270.2441,19559.67489,5321.064536,0,0,"GBK","DFO_Trawl"
"DFO_5ZJM_SPRING",2021,"SPRING",1124347.954,0.322059476248308,4057.442009,62477.52947,189194.2832,296674.998,393802.6062,100998.1558,43437.21788,6453.931343,27251.79022,0,0,"GBK","DFO_Trawl"
