INDEX_NAME,YEAR,SEASON,NTOWS,INDEX,SE,CI_LO,CI_HI,CV,STOCK,AGES,SURVEY
WGOM,2014,FALL,45,2.464877615,NA,NA,NA,0.293505258,WGOM,A0+,NEFSC BLLS
WGOM,2015,FALL,45,3.265227,NA,NA,NA,0.182539977,WGOM,A0+,NEFSC BLLS
WGOM,2016,FALL,45,3.954749526,NA,NA,NA,0.20627447,WGOM,A0+,NEFSC BLLS
WGOM,2017,FALL,43,3.051944065,NA,NA,NA,0.292447335,WGOM,A0+,NEFSC BLLS
WGOM,2018,FALL,45,3.02533643,NA,NA,NA,0.233078835,WGOM,A0+,NEFSC BLLS
WGOM,2019,FALL,45,1.830619792,NA,NA,NA,0.241138044,WGOM,A0+,NEFSC BLLS
WGOM,2020,FALL,43,1.626221475,NA,NA,NA,0.254516269,WGOM,A0+,NEFSC BLLS
WGOM,2021,FALL,44,0.638870194,NA,NA,NA,0.287482818,WGOM,A0+,NEFSC BLLS
WGOM,2014,SPRING,45,5.547133153,NA,NA,NA,0.28260104,WGOM,A0+,NEFSC BLLS
WGOM,2015,SPRING,45,4.725810476,NA,NA,NA,0.128313052,WGOM,A0+,NEFSC BLLS
WGOM,2016,SPRING,45,3.885163258,NA,NA,NA,0.259564057,WGOM,A0+,NEFSC BLLS
WGOM,2017,SPRING,45,2.118228847,NA,NA,NA,0.231088335,WGOM,A0+,NEFSC BLLS
WGOM,2018,SPRING,45,4.05802197,NA,NA,NA,0.236311887,WGOM,A0+,NEFSC BLLS
WGOM,2019,SPRING,45,2.221742835,NA,NA,NA,0.20519235,WGOM,A0+,NEFSC BLLS
WGOM,2020,SPRING,NA,NA,NA,NA,NA,NA,WGOM,A0+,NEFSC BLLS
WGOM,2021,SPRING,45,2.676825893,NA,NA,NA,0.527119454,WGOM,A0+,NEFSC BLLS
EGOM,1963,FALL,NA,1.3863,NA,0.5192,2.6001,0.4639,EGOM,A0+,NEFSC BTS
EGOM,1964,FALL,NA,6.387,NA,0,18.8725,0.9508,EGOM,A0+,NEFSC BTS
EGOM,1965,FALL,NA,3.4061,NA,1.5586,5.1955,0.3269,EGOM,A0+,NEFSC BTS
EGOM,1966,FALL,NA,1.7836,NA,1.0384,2.7018,0.2983,EGOM,A0+,NEFSC BTS
EGOM,1967,FALL,NA,4.2612,NA,0.765,9.2557,0.5983,EGOM,A0+,NEFSC BTS
EGOM,1968,FALL,NA,7.8,NA,4.1798,11.7024,0.2969,EGOM,A0+,NEFSC BTS
EGOM,1969,FALL,NA,3.2787,NA,1.8581,4.6199,0.2514,EGOM,A0+,NEFSC BTS
EGOM,1970,FALL,NA,5.5193,NA,1.9646,8.9585,0.3849,EGOM,A0+,NEFSC BTS
EGOM,1971,FALL,NA,1.8369,NA,1.0043,2.6695,0.2789,EGOM,A0+,NEFSC BTS
EGOM,1972,FALL,NA,4.8194,NA,1.542,9.4672,0.5061,EGOM,A0+,NEFSC BTS
EGOM,1973,FALL,NA,3.6669,NA,1.3577,5.976,0.3875,EGOM,A0+,NEFSC BTS
EGOM,1974,FALL,NA,4.644,NA,1.9403,7.7293,0.3814,EGOM,A0+,NEFSC BTS
EGOM,1975,FALL,NA,6.7274,NA,5.2367,8.3922,0.1418,EGOM,A0+,NEFSC BTS
EGOM,1976,FALL,NA,2.6176,NA,0.9879,4.5766,0.3915,EGOM,A0+,NEFSC BTS
EGOM,1977,FALL,NA,2.345,NA,1.2493,3.5268,0.2977,EGOM,A0+,NEFSC BTS
EGOM,1978,FALL,NA,12.5845,NA,5.6946,21.2918,0.3831,EGOM,A0+,NEFSC BTS
EGOM,1979,FALL,NA,3.1834,NA,2.0775,4.4354,0.2299,EGOM,A0+,NEFSC BTS
EGOM,1980,FALL,NA,4.3694,NA,2.0679,6.9177,0.3283,EGOM,A0+,NEFSC BTS
EGOM,1981,FALL,NA,1.6352,NA,0.2188,3.8202,0.6434,EGOM,A0+,NEFSC BTS
EGOM,1982,FALL,NA,6.2419,NA,0.9009,15.71,0.6973,EGOM,A0+,NEFSC BTS
EGOM,1983,FALL,NA,4.5886,NA,3.3748,5.5597,0.1397,EGOM,A0+,NEFSC BTS
EGOM,1984,FALL,NA,3.5166,NA,2.1994,4.8339,0.2209,EGOM,A0+,NEFSC BTS
EGOM,1985,FALL,NA,4.5526,NA,2.8872,6.6298,0.2546,EGOM,A0+,NEFSC BTS
EGOM,1986,FALL,NA,4.2669,NA,1.6444,7.2116,0.4371,EGOM,A0+,NEFSC BTS
EGOM,1987,FALL,NA,1.3467,NA,0.6734,2.1526,0.3281,EGOM,A0+,NEFSC BTS
EGOM,1988,FALL,NA,2.9775,NA,1.8444,4.0778,0.2339,EGOM,A0+,NEFSC BTS
EGOM,1989,FALL,NA,4.4137,NA,2.2008,6.7497,0.3063,EGOM,A0+,NEFSC BTS
EGOM,1990,FALL,NA,2.3522,NA,1.4225,3.4578,0.2602,EGOM,A0+,NEFSC BTS
EGOM,1991,FALL,NA,0.6498,NA,0.0526,1.2995,0.6487,EGOM,A0+,NEFSC BTS
EGOM,1992,FALL,NA,1.6318,NA,0.866,2.3529,0.2883,EGOM,A0+,NEFSC BTS
EGOM,1993,FALL,NA,1.0138,NA,0.2805,1.677,0.4408,EGOM,A0+,NEFSC BTS
EGOM,1994,FALL,NA,0.4884,NA,0.1664,0.866,0.4383,EGOM,A0+,NEFSC BTS
EGOM,1995,FALL,NA,0.7113,NA,0.0444,1.7118,0.7327,EGOM,A0+,NEFSC BTS
EGOM,1996,FALL,NA,0.6225,NA,0,1.4006,0.663,EGOM,A0+,NEFSC BTS
EGOM,1997,FALL,NA,0.7781,NA,0,1.5562,0.5576,EGOM,A0+,NEFSC BTS
EGOM,1998,FALL,NA,1,NA,0.2777,2.0699,0.5512,EGOM,A0+,NEFSC BTS
EGOM,1999,FALL,NA,0.5211,NA,0.0865,1.2104,0.6358,EGOM,A0+,NEFSC BTS
EGOM,2000,FALL,NA,1.0219,NA,0,2.2669,0.6462,EGOM,A0+,NEFSC BTS
EGOM,2001,FALL,NA,0.3852,NA,0.037,0.9337,0.7346,EGOM,A0+,NEFSC BTS
EGOM,2002,FALL,NA,0,NA,0,0,0,EGOM,A0+,NEFSC BTS
EGOM,2003,FALL,NA,1.0447,NA,0.1109,2.3343,0.6554,EGOM,A0+,NEFSC BTS
EGOM,2004,FALL,NA,0.5836,NA,0,1.1672,0.56,EGOM,A0+,NEFSC BTS
EGOM,2005,FALL,NA,0.2111,NA,0,0.4669,0.7255,EGOM,A0+,NEFSC BTS
EGOM,2006,FALL,NA,0.9337,NA,0.1556,1.8675,0.5561,EGOM,A0+,NEFSC BTS
EGOM,2007,FALL,NA,0.6225,NA,0.1556,1.0894,0.4355,EGOM,A0+,NEFSC BTS
EGOM,2008,FALL,NA,0.3112,NA,0,0.6225,0.5397,EGOM,A0+,NEFSC BTS
EGOM,2009,FALL,NA,0.3423,NA,0.1118,0.6076,0.4553,EGOM,A0+,NEFSC BTS
EGOM,2010,FALL,NA,0.0223,NA,0,0.046,0.6257,EGOM,A0+,NEFSC BTS
EGOM,2011,FALL,NA,0.1608,NA,0.0113,0.3705,0.6887,EGOM,A0+,NEFSC BTS
EGOM,2012,FALL,NA,0.2234,NA,0.0551,0.4488,0.5575,EGOM,A0+,NEFSC BTS
EGOM,2013,FALL,NA,0.073,NA,0.0346,0.113,0.3134,EGOM,A0+,NEFSC BTS
EGOM,2014,FALL,NA,0.1273,NA,0,0.2684,0.6171,EGOM,A0+,NEFSC BTS
EGOM,2015,FALL,NA,0.1008,NA,0.016,0.1889,0.538,EGOM,A0+,NEFSC BTS
EGOM,2016,FALL,NA,0.1262,NA,0.0064,0.2571,0.5917,EGOM,A0+,NEFSC BTS
EGOM,2017,FALL,NA,0.0994,NA,0,0.1988,0.6291,EGOM,A0+,NEFSC BTS
EGOM,2018,FALL,NA,0,NA,0,0,0,EGOM,A0+,NEFSC BTS
EGOM,2019,FALL,NA,0.0305,NA,0,0.0916,0.8928,EGOM,A0+,NEFSC BTS
EGOM,1968,SPRING,NA,5.2869,NA,2.05,9.4501,0.4211,EGOM,A0+,NEFSC BTS
EGOM,1969,SPRING,NA,6.4154,NA,0.7163,16.6119,0.7382,EGOM,A0+,NEFSC BTS
EGOM,1970,SPRING,NA,1.7667,NA,0.6923,2.9446,0.3725,EGOM,A0+,NEFSC BTS
EGOM,1971,SPRING,NA,1.4961,NA,0.8785,2.1723,0.2694,EGOM,A0+,NEFSC BTS
EGOM,1972,SPRING,NA,3.8493,NA,0.8146,7.6932,0.5524,EGOM,A0+,NEFSC BTS
EGOM,1973,SPRING,NA,4.3315,NA,2.2859,7.1751,0.3317,EGOM,A0+,NEFSC BTS
EGOM,1974,SPRING,NA,2.5994,NA,1.1432,4.3154,0.3717,EGOM,A0+,NEFSC BTS
EGOM,1975,SPRING,NA,4.056,NA,0,9.36,0.6586,EGOM,A0+,NEFSC BTS
EGOM,1976,SPRING,NA,3.118,NA,1.4735,4.7637,0.31,EGOM,A0+,NEFSC BTS
EGOM,1977,SPRING,NA,2.8061,NA,1.3866,4.4857,0.326,EGOM,A0+,NEFSC BTS
EGOM,1978,SPRING,NA,4.5055,NA,2.0517,7.625,0.3863,EGOM,A0+,NEFSC BTS
EGOM,1979,SPRING,NA,8.4348,NA,2.8045,16.823,0.5123,EGOM,A0+,NEFSC BTS
EGOM,1980,SPRING,NA,3.1408,NA,1.0814,5.7803,0.4573,EGOM,A0+,NEFSC BTS
EGOM,1981,SPRING,NA,5.7453,NA,3.7613,7.8645,0.2171,EGOM,A0+,NEFSC BTS
EGOM,1982,SPRING,NA,3.2414,NA,1.0406,5.579,0.418,EGOM,A0+,NEFSC BTS
EGOM,1983,SPRING,NA,6.3111,NA,3.9877,8.8427,0.2313,EGOM,A0+,NEFSC BTS
EGOM,1984,SPRING,NA,3.9709,NA,0.8149,7.3781,0.6321,EGOM,A0+,NEFSC BTS
EGOM,1985,SPRING,NA,1.7119,NA,0.3112,3.8906,0.6109,EGOM,A0+,NEFSC BTS
EGOM,1986,SPRING,NA,5.2243,NA,0.4219,11.2492,0.5852,EGOM,A0+,NEFSC BTS
EGOM,1987,SPRING,NA,0.2459,NA,0,0.7377,0.9252,EGOM,A0+,NEFSC BTS
EGOM,1988,SPRING,NA,2.7325,NA,1.5781,4.0198,0.2699,EGOM,A0+,NEFSC BTS
EGOM,1989,SPRING,NA,1.7034,NA,0.9833,2.4761,0.2552,EGOM,A0+,NEFSC BTS
EGOM,1990,SPRING,NA,2.4939,NA,0.7727,4.382,0.461,EGOM,A0+,NEFSC BTS
EGOM,1991,SPRING,NA,1.4753,NA,0.1229,3.6883,0.7071,EGOM,A0+,NEFSC BTS
EGOM,1992,SPRING,NA,0.8336,NA,0,2.3343,0.8451,EGOM,A0+,NEFSC BTS
EGOM,1993,SPRING,NA,2.7935,NA,1.1633,4.2758,0.3319,EGOM,A0+,NEFSC BTS
EGOM,1994,SPRING,NA,0.9658,NA,0.1052,2.3181,0.671,EGOM,A0+,NEFSC BTS
EGOM,1995,SPRING,NA,0.3556,NA,0.0444,0.6669,0.4951,EGOM,A0+,NEFSC BTS
EGOM,1996,SPRING,NA,0.4669,NA,0,0.9337,0.5879,EGOM,A0+,NEFSC BTS
EGOM,1997,SPRING,NA,0.9112,NA,0.1444,2.0006,0.6118,EGOM,A0+,NEFSC BTS
EGOM,1998,SPRING,NA,0.238,NA,0.0634,0.4759,0.5337,EGOM,A0+,NEFSC BTS
EGOM,1999,SPRING,NA,0.2,NA,0,0.4669,0.7097,EGOM,A0+,NEFSC BTS
EGOM,2000,SPRING,NA,5.5976,NA,0.7334,10.7951,0.5698,EGOM,A0+,NEFSC BTS
EGOM,2001,SPRING,NA,0.4669,NA,0,1.4006,0.8877,EGOM,A0+,NEFSC BTS
EGOM,2002,SPRING,NA,1.1556,NA,0.2,2.4231,0.5842,EGOM,A0+,NEFSC BTS
EGOM,2003,SPRING,NA,1.6591,NA,0.4297,3.53,0.5684,EGOM,A0+,NEFSC BTS
EGOM,2004,SPRING,NA,0.463,NA,0,1.1672,0.7637,EGOM,A0+,NEFSC BTS
EGOM,2005,SPRING,NA,0.7781,NA,0.3112,1.245,0.4012,EGOM,A0+,NEFSC BTS
EGOM,2006,SPRING,NA,0.2407,NA,0,0.4906,0.6406,EGOM,A0+,NEFSC BTS
EGOM,2007,SPRING,NA,0.4164,NA,0,0.8328,0.5803,EGOM,A0+,NEFSC BTS
EGOM,2008,SPRING,NA,0.4669,NA,0,1.4006,0.8871,EGOM,A0+,NEFSC BTS
EGOM,2009,SPRING,NA,0.0667,NA,0.0076,0.1427,0.6018,EGOM,A0+,NEFSC BTS
EGOM,2010,SPRING,NA,0.1998,NA,0.0145,0.5463,0.7836,EGOM,A0+,NEFSC BTS
EGOM,2011,SPRING,NA,0.0989,NA,0.012,0.2067,0.6086,EGOM,A0+,NEFSC BTS
EGOM,2012,SPRING,NA,0.3491,NA,0.1391,0.5811,0.3836,EGOM,A0+,NEFSC BTS
EGOM,2013,SPRING,NA,0.0076,NA,0,0.0151,0.5566,EGOM,A0+,NEFSC BTS
EGOM,2014,SPRING,NA,0.0124,NA,0,0.0271,0.6615,EGOM,A0+,NEFSC BTS
EGOM,2015,SPRING,NA,0.0224,NA,0,0.0521,0.675,EGOM,A0+,NEFSC BTS
EGOM,2016,SPRING,NA,0.2523,NA,0.0195,0.6415,0.7596,EGOM,A0+,NEFSC BTS
EGOM,2017,SPRING,NA,0.1883,NA,0.0698,0.3144,0.3913,EGOM,A0+,NEFSC BTS
EGOM,2018,SPRING,NA,0.0191,NA,0,0.0382,0.7798,EGOM,A0+,NEFSC BTS
EGOM,2019,SPRING,NA,0.1033,NA,0,0.2065,0.5977,EGOM,A0+,NEFSC BTS
GBK,1963,FALL,NA,2.2924,NA,1.2268,3.5517,0.3201,GBK,A0+,NEFSC BTS
GBK,1964,FALL,NA,1.1585,NA,0.5407,1.9249,0.3693,GBK,A0+,NEFSC BTS
GBK,1965,FALL,NA,1.2718,NA,0.8246,1.793,0.2339,GBK,A0+,NEFSC BTS
GBK,1966,FALL,NA,2.6872,NA,1.4543,3.9712,0.2876,GBK,A0+,NEFSC BTS
GBK,1967,FALL,NA,7.888,NA,4.6791,11.6747,0.2671,GBK,A0+,NEFSC BTS
GBK,1968,FALL,NA,1.4372,NA,0.7865,2.1473,0.2968,GBK,A0+,NEFSC BTS
GBK,1969,FALL,NA,1.1136,NA,0.7069,1.5206,0.2234,GBK,A0+,NEFSC BTS
GBK,1970,FALL,NA,3.4495,NA,2.4526,4.5902,0.1842,GBK,A0+,NEFSC BTS
GBK,1971,FALL,NA,1.5298,NA,0.8432,2.3623,0.2954,GBK,A0+,NEFSC BTS
GBK,1972,FALL,NA,3.8031,NA,1.8449,6.1166,0.3438,GBK,A0+,NEFSC BTS
GBK,1973,FALL,NA,5.0974,NA,2.4805,8.541,0.3647,GBK,A0+,NEFSC BTS
GBK,1974,FALL,NA,1.333,NA,0.707,1.9443,0.2843,GBK,A0+,NEFSC BTS
GBK,1975,FALL,NA,1.5356,NA,0.7652,2.5555,0.3536,GBK,A0+,NEFSC BTS
GBK,1976,FALL,NA,5.2204,NA,2.3154,8.8128,0.3719,GBK,A0+,NEFSC BTS
GBK,1977,FALL,NA,3.5881,NA,2.4294,4.9621,0.2134,GBK,A0+,NEFSC BTS
GBK,1978,FALL,NA,4.4577,NA,2.9137,6.0135,0.2125,GBK,A0+,NEFSC BTS
GBK,1979,FALL,NA,4.441,NA,2.6853,6.5585,0.2666,GBK,A0+,NEFSC BTS
GBK,1980,FALL,NA,1.914,NA,1.1395,2.7028,0.2461,GBK,A0+,NEFSC BTS
GBK,1981,FALL,NA,4.3891,NA,2.9786,5.9493,0.2093,GBK,A0+,NEFSC BTS
GBK,1982,FALL,NA,1.0754,NA,0.5419,1.6903,0.3261,GBK,A0+,NEFSC BTS
GBK,1983,FALL,NA,0.8748,NA,0.2948,1.4732,0.3972,GBK,A0+,NEFSC BTS
GBK,1984,FALL,NA,2.4188,NA,1.1256,3.6746,0.3283,GBK,A0+,NEFSC BTS
GBK,1985,FALL,NA,2.3123,NA,0.7026,4.2113,0.468,GBK,A0+,NEFSC BTS
GBK,1986,FALL,NA,3.4284,NA,1.1901,6.1193,0.4477,GBK,A0+,NEFSC BTS
GBK,1987,FALL,NA,1.5861,NA,0.7851,2.6155,0.3403,GBK,A0+,NEFSC BTS
GBK,1988,FALL,NA,2.1921,NA,1.1334,3.4211,0.3227,GBK,A0+,NEFSC BTS
GBK,1989,FALL,NA,4.0649,NA,2.1053,6.5089,0.3283,GBK,A0+,NEFSC BTS
GBK,1990,FALL,NA,3.2791,NA,1.2097,5.5856,0.4062,GBK,A0+,NEFSC BTS
GBK,1991,FALL,NA,0.4882,NA,0.2134,0.7998,0.3789,GBK,A0+,NEFSC BTS
GBK,1992,FALL,NA,1.0723,NA,0.5219,1.7258,0.3416,GBK,A0+,NEFSC BTS
GBK,1993,FALL,NA,0.6017,NA,0.3135,0.9315,0.3163,GBK,A0+,NEFSC BTS
GBK,1994,FALL,NA,0.9947,NA,0.3243,1.7372,0.4318,GBK,A0+,NEFSC BTS
GBK,1995,FALL,NA,1.0141,NA,0.4753,1.6508,0.3571,GBK,A0+,NEFSC BTS
GBK,1996,FALL,NA,1.0247,NA,0.4987,1.7178,0.3539,GBK,A0+,NEFSC BTS
GBK,1997,FALL,NA,0.6222,NA,0.0819,1.2048,0.6619,GBK,A0+,NEFSC BTS
GBK,1998,FALL,NA,1.2064,NA,0.5888,1.8821,0.3183,GBK,A0+,NEFSC BTS
GBK,1999,FALL,NA,0.3933,NA,0.1085,0.7214,0.4816,GBK,A0+,NEFSC BTS
GBK,2000,FALL,NA,0.5058,NA,0.2802,0.7702,0.2977,GBK,A0+,NEFSC BTS
GBK,2001,FALL,NA,0.5668,NA,0.2823,0.8876,0.3318,GBK,A0+,NEFSC BTS
GBK,2002,FALL,NA,4.0746,NA,1.3512,7.1663,0.4376,GBK,A0+,NEFSC BTS
GBK,2003,FALL,NA,0.4601,NA,0.2394,0.6999,0.2946,GBK,A0+,NEFSC BTS
GBK,2004,FALL,NA,2.7854,NA,0.8976,5.5242,0.5054,GBK,A0+,NEFSC BTS
GBK,2005,FALL,NA,0.94,NA,0.3985,1.5862,0.3893,GBK,A0+,NEFSC BTS
GBK,2006,FALL,NA,1.0678,NA,0.2845,2.1866,0.5699,GBK,A0+,NEFSC BTS
GBK,2007,FALL,NA,0.3333,NA,0.1693,0.5087,0.3122,GBK,A0+,NEFSC BTS
GBK,2008,FALL,NA,0.3873,NA,0.217,0.5744,0.2811,GBK,A0+,NEFSC BTS
GBK,2009,FALL,NA,1.1773,NA,0.394,2.0555,0.4387,GBK,A0+,NEFSC BTS
GBK,2010,FALL,NA,2.8555,NA,0.3412,7.2968,0.7064,GBK,A0+,NEFSC BTS
GBK,2011,FALL,NA,3.3986,NA,1.1319,6.2566,0.4632,GBK,A0+,NEFSC BTS
GBK,2012,FALL,NA,0.8002,NA,0.2656,1.3681,0.4074,GBK,A0+,NEFSC BTS
GBK,2013,FALL,NA,3.1711,NA,0.8083,6.2175,0.5289,GBK,A0+,NEFSC BTS
GBK,2014,FALL,NA,1.5642,NA,0.3913,2.8682,0.493,GBK,A0+,NEFSC BTS
GBK,2015,FALL,NA,4.6496,NA,1.8924,7.9712,0.3917,GBK,A0+,NEFSC BTS
GBK,2016,FALL,NA,3.9395,NA,1.0877,7.2848,0.4676,GBK,A0+,NEFSC BTS
GBK,2017,FALL,NA,1.1645,NA,0.1875,2.403,0.5684,GBK,A0+,NEFSC BTS
GBK,2018,FALL,NA,2.617,NA,0.789,5.0613,0.5092,GBK,A0+,NEFSC BTS
GBK,2019,FALL,NA,1.6326,NA,0.046,3.4616,0.606,GBK,A0+,NEFSC BTS
GBK,2020,FALL,NA,NA,NA,NA,NA,NA,GBK,A0+,NEFSC BTS
GBK,2021,FALL,NA,1.4257,NA,0.2209,3.1617,0.6364,GBK,A0+,NEFSC BTS
GBK,1968,SPRING,NA,3.0375,NA,1.9612,4.3756,0.2379,GBK,A0+,NEFSC BTS
GBK,1969,SPRING,NA,3.1239,NA,2.2214,4.1185,0.1801,GBK,A0+,NEFSC BTS
GBK,1970,SPRING,NA,2.9081,NA,1.8944,4.0596,0.2261,GBK,A0+,NEFSC BTS
GBK,1971,SPRING,NA,2.3709,NA,1.7674,3.0265,0.1588,GBK,A0+,NEFSC BTS
GBK,1972,SPRING,NA,6.8108,NA,4.9298,8.7031,0.1704,GBK,A0+,NEFSC BTS
GBK,1973,SPRING,NA,48.5647,NA,13.0138,114.7001,0.6384,GBK,A0+,NEFSC BTS
GBK,1974,SPRING,NA,10.8637,NA,7.4967,14.3927,0.189,GBK,A0+,NEFSC BTS
GBK,1975,SPRING,NA,5.1628,NA,2.1325,8.5844,0.3863,GBK,A0+,NEFSC BTS
GBK,1976,SPRING,NA,4.7472,NA,3.3132,6.1996,0.1856,GBK,A0+,NEFSC BTS
GBK,1977,SPRING,NA,4.4048,NA,3.4458,5.4071,0.1376,GBK,A0+,NEFSC BTS
GBK,1978,SPRING,NA,9.2674,NA,6.552,12.3082,0.1871,GBK,A0+,NEFSC BTS
GBK,1979,SPRING,NA,3.6827,NA,2.8395,4.5846,0.1476,GBK,A0+,NEFSC BTS
GBK,1980,SPRING,NA,6.1811,NA,3.8837,8.8802,0.244,GBK,A0+,NEFSC BTS
GBK,1981,SPRING,NA,9.7415,NA,7.13,12.6669,0.1738,GBK,A0+,NEFSC BTS
GBK,1982,SPRING,NA,34.3997,NA,5.0386,88.3495,0.7637,GBK,A0+,NEFSC BTS
GBK,1983,SPRING,NA,4.9818,NA,2.9099,7.3099,0.279,GBK,A0+,NEFSC BTS
GBK,1984,SPRING,NA,2.3813,NA,1.6307,3.1659,0.1949,GBK,A0+,NEFSC BTS
GBK,1985,SPRING,NA,8.6062,NA,5.6884,12.3192,0.2312,GBK,A0+,NEFSC BTS
GBK,1986,SPRING,NA,5.1564,NA,3.8744,6.4561,0.1502,GBK,A0+,NEFSC BTS
GBK,1987,SPRING,NA,3.4327,NA,2.587,4.3422,0.1618,GBK,A0+,NEFSC BTS
GBK,1988,SPRING,NA,6.6711,NA,4.6631,9.2403,0.2069,GBK,A0+,NEFSC BTS
GBK,1989,SPRING,NA,6.0137,NA,3.9867,8.5447,0.2293,GBK,A0+,NEFSC BTS
GBK,1990,SPRING,NA,6.2253,NA,3.8451,9.2677,0.2654,GBK,A0+,NEFSC BTS
GBK,1991,SPRING,NA,6.7182,NA,5.5028,7.8878,0.1076,GBK,A0+,NEFSC BTS
GBK,1992,SPRING,NA,2.5845,NA,1.7653,3.4002,0.1936,GBK,A0+,NEFSC BTS
GBK,1993,SPRING,NA,2.6011,NA,1.4317,3.9543,0.2997,GBK,A0+,NEFSC BTS
GBK,1994,SPRING,NA,1.0611,NA,0.6128,1.6093,0.2832,GBK,A0+,NEFSC BTS
GBK,1995,SPRING,NA,3.6493,NA,2.0922,5.6906,0.2967,GBK,A0+,NEFSC BTS
GBK,1996,SPRING,NA,3.1383,NA,1.8704,4.5458,0.2593,GBK,A0+,NEFSC BTS
GBK,1997,SPRING,NA,1.8436,NA,1.2121,2.6062,0.2212,GBK,A0+,NEFSC BTS
GBK,1998,SPRING,NA,4.9415,NA,2.0498,7.7964,0.3614,GBK,A0+,NEFSC BTS
GBK,1999,SPRING,NA,2.1593,NA,1.5614,2.8226,0.1807,GBK,A0+,NEFSC BTS
GBK,2000,SPRING,NA,3.1832,NA,1.9632,4.4091,0.2355,GBK,A0+,NEFSC BTS
GBK,2001,SPRING,NA,1.7615,NA,0.9194,2.7642,0.3227,GBK,A0+,NEFSC BTS
GBK,2002,SPRING,NA,2.3539,NA,1.5065,3.3822,0.2546,GBK,A0+,NEFSC BTS
GBK,2003,SPRING,NA,3.0137,NA,1.4353,5.2489,0.3863,GBK,A0+,NEFSC BTS
GBK,2004,SPRING,NA,7.0451,NA,2.5254,11.6854,0.4424,GBK,A0+,NEFSC BTS
GBK,2005,SPRING,NA,2.1906,NA,1.6174,2.8356,0.1698,GBK,A0+,NEFSC BTS
GBK,2006,SPRING,NA,2.7475,NA,1.7611,3.8853,0.2416,GBK,A0+,NEFSC BTS
GBK,2007,SPRING,NA,3.4772,NA,2.0823,5.0142,0.2513,GBK,A0+,NEFSC BTS
GBK,2008,SPRING,NA,2.5664,NA,1.6595,3.5786,0.2271,GBK,A0+,NEFSC BTS
GBK,2009,SPRING,NA,3.123,NA,1.918,4.4573,0.258,GBK,A0+,NEFSC BTS
GBK,2010,SPRING,NA,3.0261,NA,2.1938,3.8327,0.1645,GBK,A0+,NEFSC BTS
GBK,2011,SPRING,NA,2.6408,NA,1.7818,3.6189,0.2136,GBK,A0+,NEFSC BTS
GBK,2012,SPRING,NA,4.981,NA,3.1936,6.9701,0.2288,GBK,A0+,NEFSC BTS
GBK,2013,SPRING,NA,10.0468,NA,3.5985,18.0997,0.454,GBK,A0+,NEFSC BTS
GBK,2014,SPRING,NA,4.5934,NA,2.6055,6.6593,0.2674,GBK,A0+,NEFSC BTS
GBK,2015,SPRING,NA,1.9604,NA,1.2894,2.6332,0.2074,GBK,A0+,NEFSC BTS
GBK,2016,SPRING,NA,5.0842,NA,1.8816,9.9263,0.4845,GBK,A0+,NEFSC BTS
GBK,2017,SPRING,NA,9.9325,NA,5.1693,14.9616,0.3086,GBK,A0+,NEFSC BTS
GBK,2018,SPRING,NA,3.5474,NA,1.318,6.4962,0.4523,GBK,A0+,NEFSC BTS
GBK,2019,SPRING,NA,9.9358,NA,1.5754,24.9452,0.7481,GBK,A0+,NEFSC BTS
GBK,2020,SPRING,NA,NA,NA,NA,NA,NA,GBK,A0+,NEFSC BTS
GBK,2021,SPRING,NA,3.0422,NA,1.6153,4.6581,0.3089,GBK,A0+,NEFSC BTS
GBK,2022,SPRING,NA,3.3382,NA,1.4465,5.3653,0.3662,GBK,A0+,NEFSC BTS
SNE,1963,FALL,NA,0.886,NA,0.0667,1.7053,0.555,SNE,A0+,NEFSC BTS
SNE,1964,FALL,NA,0,NA,NA,NA,NA,SNE,A0+,NEFSC BTS
SNE,1965,FALL,NA,1.1171,NA,0.1779,2.1452,0.5784,SNE,A0+,NEFSC BTS
SNE,1966,FALL,NA,0.3736,NA,0.0534,0.8539,0.6075,SNE,A0+,NEFSC BTS
SNE,1967,FALL,NA,0.785,NA,0.2893,1.3162,0.3932,SNE,A0+,NEFSC BTS
SNE,1968,FALL,NA,0.3933,NA,0.0532,0.8188,0.5997,SNE,A0+,NEFSC BTS
SNE,1969,FALL,NA,0.6225,NA,0.0798,1.3405,0.5877,SNE,A0+,NEFSC BTS
SNE,1970,FALL,NA,0.1064,NA,0,0.3191,0.9201,SNE,A0+,NEFSC BTS
SNE,1971,FALL,NA,0.0332,NA,0,0.0665,0.5889,SNE,A0+,NEFSC BTS
SNE,1972,FALL,NA,0,NA,0,0,0,SNE,A0+,NEFSC BTS
SNE,1973,FALL,NA,0,NA,0,0,0,SNE,A0+,NEFSC BTS
SNE,1974,FALL,NA,0.133,NA,0,0.3989,0.9306,SNE,A0+,NEFSC BTS
SNE,1975,FALL,NA,0,NA,0,0,0,SNE,A0+,NEFSC BTS
SNE,1976,FALL,NA,0,NA,0,0,0,SNE,A0+,NEFSC BTS
SNE,1977,FALL,NA,0,NA,0,0,0,SNE,A0+,NEFSC BTS
SNE,1978,FALL,NA,0.021,NA,0,0.063,0.958,SNE,A0+,NEFSC BTS
SNE,1979,FALL,NA,0,NA,0,0,0,SNE,A0+,NEFSC BTS
SNE,1980,FALL,NA,0.0263,NA,0,0.0788,0.8305,SNE,A0+,NEFSC BTS
SNE,1981,FALL,NA,0,NA,0,0,0,SNE,A0+,NEFSC BTS
SNE,1982,FALL,NA,0,NA,0,0,0,SNE,A0+,NEFSC BTS
SNE,1983,FALL,NA,0,NA,0,0,0,SNE,A0+,NEFSC BTS
SNE,1984,FALL,NA,0.0266,NA,0,0.0798,0.9097,SNE,A0+,NEFSC BTS
SNE,1985,FALL,NA,0,NA,0,0,0,SNE,A0+,NEFSC BTS
SNE,1986,FALL,NA,0,NA,0,0,0,SNE,A0+,NEFSC BTS
SNE,1987,FALL,NA,0,NA,0,0,0,SNE,A0+,NEFSC BTS
SNE,1988,FALL,NA,0.017,NA,0,0.0341,0.8768,SNE,A0+,NEFSC BTS
SNE,1989,FALL,NA,0,NA,0,0,0,SNE,A0+,NEFSC BTS
SNE,1990,FALL,NA,0,NA,0,0,0,SNE,A0+,NEFSC BTS
SNE,1991,FALL,NA,0,NA,0,0,0,SNE,A0+,NEFSC BTS
SNE,1992,FALL,NA,0.0834,NA,0.017,0.1667,0.578,SNE,A0+,NEFSC BTS
SNE,1993,FALL,NA,0.0135,NA,0,0.0404,0.892,SNE,A0+,NEFSC BTS
SNE,1994,FALL,NA,0.0142,NA,0,0.0426,0.8832,SNE,A0+,NEFSC BTS
SNE,1995,FALL,NA,0,NA,0,0,0,SNE,A0+,NEFSC BTS
SNE,1996,FALL,NA,0,NA,0,0,0,SNE,A0+,NEFSC BTS
SNE,1997,FALL,NA,0,NA,0,0,0,SNE,A0+,NEFSC BTS
SNE,1998,FALL,NA,0,NA,0,0,0,SNE,A0+,NEFSC BTS
SNE,1999,FALL,NA,0,NA,0,0,0,SNE,A0+,NEFSC BTS
SNE,2000,FALL,NA,0,NA,0,0,0,SNE,A0+,NEFSC BTS
SNE,2001,FALL,NA,0,NA,0,0,0,SNE,A0+,NEFSC BTS
SNE,2002,FALL,NA,0,NA,0,0,0,SNE,A0+,NEFSC BTS
SNE,2003,FALL,NA,0,NA,0,0,0,SNE,A0+,NEFSC BTS
SNE,2004,FALL,NA,0,NA,0,0,0,SNE,A0+,NEFSC BTS
SNE,2005,FALL,NA,0.7061,NA,0,2.0561,0.9251,SNE,A0+,NEFSC BTS
SNE,2006,FALL,NA,0,NA,0,0,0,SNE,A0+,NEFSC BTS
SNE,2007,FALL,NA,0.017,NA,0,0.0426,0.8959,SNE,A0+,NEFSC BTS
SNE,2008,FALL,NA,0.017,NA,0,0.0341,0.8883,SNE,A0+,NEFSC BTS
SNE,2009,FALL,NA,0,NA,0,0,0,SNE,A0+,NEFSC BTS
SNE,2010,FALL,NA,0,NA,0,0,0,SNE,A0+,NEFSC BTS
SNE,2011,FALL,NA,0,NA,0,0,0,SNE,A0+,NEFSC BTS
SNE,2012,FALL,NA,0.0259,NA,0,0.0778,0.9202,SNE,A0+,NEFSC BTS
SNE,2013,FALL,NA,0,NA,0,0,0,SNE,A0+,NEFSC BTS
SNE,2014,FALL,NA,0,NA,0,0,0,SNE,A0+,NEFSC BTS
SNE,2015,FALL,NA,0,NA,0,0,0,SNE,A0+,NEFSC BTS
SNE,2016,FALL,NA,0,NA,0,0,0,SNE,A0+,NEFSC BTS
SNE,2017,FALL,NA,NA,NA,NA,NA,NA,SNE,A0+,NEFSC BTS
SNE,2018,FALL,NA,0,NA,0,0,0,SNE,A0+,NEFSC BTS
SNE,2019,FALL,NA,0,NA,0,0,0,SNE,A0+,NEFSC BTS
SNE,2020,FALL,NA,NA,NA,NA,NA,NA,SNE,A0+,NEFSC BTS
SNE,2021,FALL,NA,0.0454,NA,0,0.1361,0.8959,SNE,A0+,NEFSC BTS
SNE,1968,SPRING,NA,0.6289,NA,0.4226,0.8698,0.2147,SNE,A0+,NEFSC BTS
SNE,1969,SPRING,NA,1.9542,NA,0.7334,3.8865,0.4794,SNE,A0+,NEFSC BTS
SNE,1970,SPRING,NA,0.7634,NA,0.3568,1.2523,0.357,SNE,A0+,NEFSC BTS
SNE,1971,SPRING,NA,0.7616,NA,0.441,1.1214,0.2748,SNE,A0+,NEFSC BTS
SNE,1972,SPRING,NA,0.2032,NA,0.0646,0.3607,0.4167,SNE,A0+,NEFSC BTS
SNE,1973,SPRING,NA,3.8065,NA,2.1058,5.7248,0.2981,SNE,A0+,NEFSC BTS
SNE,1974,SPRING,NA,1.0251,NA,0.5815,1.4961,0.2677,SNE,A0+,NEFSC BTS
SNE,1975,SPRING,NA,0.4991,NA,0.3467,0.6607,0.1867,SNE,A0+,NEFSC BTS
SNE,1976,SPRING,NA,0.4445,NA,0.1763,0.7569,0.4005,SNE,A0+,NEFSC BTS
SNE,1977,SPRING,NA,0.4855,NA,0.2848,0.7089,0.2667,SNE,A0+,NEFSC BTS
SNE,1978,SPRING,NA,0.6041,NA,0.1898,1.1595,0.5061,SNE,A0+,NEFSC BTS
SNE,1979,SPRING,NA,0.212,NA,0.0525,0.4522,0.5867,SNE,A0+,NEFSC BTS
SNE,1980,SPRING,NA,0.7714,NA,0.43,1.1657,0.3027,SNE,A0+,NEFSC BTS
SNE,1981,SPRING,NA,1.2051,NA,0.1824,2.326,0.6293,SNE,A0+,NEFSC BTS
SNE,1982,SPRING,NA,0.184,NA,0.0875,0.2971,0.3529,SNE,A0+,NEFSC BTS
SNE,1983,SPRING,NA,0.5218,NA,0.0665,1.2329,0.7223,SNE,A0+,NEFSC BTS
SNE,1984,SPRING,NA,0.2028,NA,0.0665,0.3656,0.4448,SNE,A0+,NEFSC BTS
SNE,1985,SPRING,NA,0.6019,NA,0.0964,1.4071,0.6723,SNE,A0+,NEFSC BTS
SNE,1986,SPRING,NA,0.1429,NA,0.0341,0.2646,0.5086,SNE,A0+,NEFSC BTS
SNE,1987,SPRING,NA,0,NA,0,0,0,SNE,A0+,NEFSC BTS
SNE,1988,SPRING,NA,0.2098,NA,0.0945,0.3345,0.3429,SNE,A0+,NEFSC BTS
SNE,1989,SPRING,NA,0.6601,NA,0.3923,0.9281,0.2417,SNE,A0+,NEFSC BTS
SNE,1990,SPRING,NA,0.1686,NA,0.0555,0.3272,0.4994,SNE,A0+,NEFSC BTS
SNE,1991,SPRING,NA,0.0629,NA,0.0164,0.1227,0.5346,SNE,A0+,NEFSC BTS
SNE,1992,SPRING,NA,0.1285,NA,0.0426,0.2143,0.4028,SNE,A0+,NEFSC BTS
SNE,1993,SPRING,NA,0.0634,NA,0.0213,0.106,0.4603,SNE,A0+,NEFSC BTS
SNE,1994,SPRING,NA,0.1241,NA,0.0703,0.1863,0.2757,SNE,A0+,NEFSC BTS
SNE,1995,SPRING,NA,0.1193,NA,0.017,0.2727,0.5842,SNE,A0+,NEFSC BTS
SNE,1996,SPRING,NA,0.0184,NA,0,0.0553,0.9699,SNE,A0+,NEFSC BTS
SNE,1997,SPRING,NA,0,NA,0,0,0,SNE,A0+,NEFSC BTS
SNE,1998,SPRING,NA,0.0355,NA,0,0.0724,0.6873,SNE,A0+,NEFSC BTS
SNE,1999,SPRING,NA,0.4773,NA,0,1.3296,0.823,SNE,A0+,NEFSC BTS
SNE,2000,SPRING,NA,0.0511,NA,0,0.1023,0.6253,SNE,A0+,NEFSC BTS
SNE,2001,SPRING,NA,0.0511,NA,0,0.1023,0.5972,SNE,A0+,NEFSC BTS
SNE,2002,SPRING,NA,0.017,NA,0,0.0511,0.8724,SNE,A0+,NEFSC BTS
SNE,2003,SPRING,NA,0.0135,NA,0,0.0404,0.8699,SNE,A0+,NEFSC BTS
SNE,2004,SPRING,NA,1.3849,NA,0.0369,3.9738,0.8303,SNE,A0+,NEFSC BTS
SNE,2005,SPRING,NA,0.0563,NA,0.017,0.1125,0.5356,SNE,A0+,NEFSC BTS
SNE,2006,SPRING,NA,0,NA,0,0,0,SNE,A0+,NEFSC BTS
SNE,2007,SPRING,NA,0,NA,0,0,0,SNE,A0+,NEFSC BTS
SNE,2008,SPRING,NA,0.017,NA,0,0.0511,0.8971,SNE,A0+,NEFSC BTS
SNE,2009,SPRING,NA,0.0233,NA,0.0028,0.0494,0.5938,SNE,A0+,NEFSC BTS
SNE,2010,SPRING,NA,0.0687,NA,0.0284,0.1121,0.3731,SNE,A0+,NEFSC BTS
SNE,2011,SPRING,NA,0.1322,NA,0.0668,0.2124,0.3284,SNE,A0+,NEFSC BTS
SNE,2012,SPRING,NA,0,NA,0,0,0,SNE,A0+,NEFSC BTS
SNE,2013,SPRING,NA,0.0807,NA,0.0296,0.1431,0.4342,SNE,A0+,NEFSC BTS
SNE,2014,SPRING,NA,0.0236,NA,0.0068,0.0403,0.4706,SNE,A0+,NEFSC BTS
SNE,2015,SPRING,NA,0.0748,NA,0.0351,0.116,0.3295,SNE,A0+,NEFSC BTS
SNE,2016,SPRING,NA,0.0109,NA,0,0.0326,0.8604,SNE,A0+,NEFSC BTS
SNE,2017,SPRING,NA,0.0725,NA,0.0112,0.1584,0.6484,SNE,A0+,NEFSC BTS
SNE,2018,SPRING,NA,0.0618,NA,0,0.1355,0.7138,SNE,A0+,NEFSC BTS
SNE,2019,SPRING,NA,0.0246,NA,0,0.0494,0.6445,SNE,A0+,NEFSC BTS
SNE,2020,SPRING,NA,0,NA,0,0,0,SNE,A0+,NEFSC BTS
SNE,2021,SPRING,NA,0,NA,0,0,0,SNE,A0+,NEFSC BTS
SNE,2022,SPRING,NA,0.0201,NA,0,0.0447,0.6666,SNE,A0+,NEFSC BTS
WGOM,1963,FALL,NA,6.7568,NA,3.9611,9.4955,0.2478,WGOM,A0+,NEFSC BTS
WGOM,1964,FALL,NA,2.6447,NA,2.0572,3.2903,0.1465,WGOM,A0+,NEFSC BTS
WGOM,1965,FALL,NA,7.1713,NA,4.3775,10.5231,0.2515,WGOM,A0+,NEFSC BTS
WGOM,1966,FALL,NA,5.3399,NA,3.6587,7.1538,0.2002,WGOM,A0+,NEFSC BTS
WGOM,1967,FALL,NA,3.7992,NA,2.8196,4.7831,0.1572,WGOM,A0+,NEFSC BTS
WGOM,1968,FALL,NA,4.5774,NA,3.0716,6.1211,0.2036,WGOM,A0+,NEFSC BTS
WGOM,1969,FALL,NA,3.3033,NA,2.5469,4.1103,0.1404,WGOM,A0+,NEFSC BTS
WGOM,1970,FALL,NA,5.3672,NA,2.7588,8.4074,0.3277,WGOM,A0+,NEFSC BTS
WGOM,1971,FALL,NA,6.0235,NA,4.2853,7.898,0.1877,WGOM,A0+,NEFSC BTS
WGOM,1972,FALL,NA,19.3006,NA,10.1153,30.9361,0.3301,WGOM,A0+,NEFSC BTS
WGOM,1973,FALL,NA,10.83,NA,7.8589,13.9311,0.1711,WGOM,A0+,NEFSC BTS
WGOM,1974,FALL,NA,5.938,NA,3.8506,8.3232,0.2215,WGOM,A0+,NEFSC BTS
WGOM,1975,FALL,NA,11.0499,NA,5.7321,17.6031,0.3199,WGOM,A0+,NEFSC BTS
WGOM,1976,FALL,NA,6.9459,NA,3.757,10.5718,0.3014,WGOM,A0+,NEFSC BTS
WGOM,1977,FALL,NA,4.6418,NA,3.759,5.5785,0.1236,WGOM,A0+,NEFSC BTS
WGOM,1978,FALL,NA,7.8172,NA,6.0943,9.5825,0.1319,WGOM,A0+,NEFSC BTS
WGOM,1979,FALL,NA,4.1582,NA,3.3862,4.9097,0.1126,WGOM,A0+,NEFSC BTS
WGOM,1980,FALL,NA,7.8315,NA,4.3138,11.6049,0.2794,WGOM,A0+,NEFSC BTS
WGOM,1981,FALL,NA,7.5885,NA,3.0439,14.5134,0.4586,WGOM,A0+,NEFSC BTS
WGOM,1982,FALL,NA,10.5935,NA,2.6519,22.4803,0.5487,WGOM,A0+,NEFSC BTS
WGOM,1983,FALL,NA,4.963,NA,2.7529,7.3613,0.2712,WGOM,A0+,NEFSC BTS
WGOM,1984,FALL,NA,3.4422,NA,1.8674,5.1419,0.2769,WGOM,A0+,NEFSC BTS
WGOM,1985,FALL,NA,2.5257,NA,1.5718,3.3439,0.2172,WGOM,A0+,NEFSC BTS
WGOM,1986,FALL,NA,1.5403,NA,1.0464,2.0911,0.2071,WGOM,A0+,NEFSC BTS
WGOM,1987,FALL,NA,4.4345,NA,2.6616,6.4421,0.2569,WGOM,A0+,NEFSC BTS
WGOM,1988,FALL,NA,7.9016,NA,4.3342,12.2698,0.3156,WGOM,A0+,NEFSC BTS
WGOM,1989,FALL,NA,6.7635,NA,3.6222,10.0847,0.2945,WGOM,A0+,NEFSC BTS
WGOM,1990,FALL,NA,5.6396,NA,3.5709,8.1221,0.2422,WGOM,A0+,NEFSC BTS
WGOM,1991,FALL,NA,1.6466,NA,1.1449,2.1738,0.2012,WGOM,A0+,NEFSC BTS
WGOM,1992,FALL,NA,2.1478,NA,1.4115,2.8782,0.2072,WGOM,A0+,NEFSC BTS
WGOM,1993,FALL,NA,3.0597,NA,1.2567,5.5412,0.4347,WGOM,A0+,NEFSC BTS
WGOM,1994,FALL,NA,5.1222,NA,2.9282,7.6944,0.2848,WGOM,A0+,NEFSC BTS
WGOM,1995,FALL,NA,4.7418,NA,2.2879,7.7489,0.3585,WGOM,A0+,NEFSC BTS
WGOM,1996,FALL,NA,1.5682,NA,0.9497,2.1875,0.2479,WGOM,A0+,NEFSC BTS
WGOM,1997,FALL,NA,1.2866,NA,0.7104,1.954,0.2971,WGOM,A0+,NEFSC BTS
WGOM,1998,FALL,NA,1.5821,NA,0.8713,2.3259,0.277,WGOM,A0+,NEFSC BTS
WGOM,1999,FALL,NA,2.4004,NA,1.708,3.1655,0.1876,WGOM,A0+,NEFSC BTS
WGOM,2000,FALL,NA,3.5822,NA,1.7587,5.7452,0.3315,WGOM,A0+,NEFSC BTS
WGOM,2001,FALL,NA,2.6098,NA,1.5168,3.8151,0.2614,WGOM,A0+,NEFSC BTS
WGOM,2002,FALL,NA,7.8406,NA,2.2232,14.035,0.4825,WGOM,A0+,NEFSC BTS
WGOM,2003,FALL,NA,3.3865,NA,1.7613,5.1153,0.3008,WGOM,A0+,NEFSC BTS
WGOM,2004,FALL,NA,5.9863,NA,3.1159,9.0321,0.3078,WGOM,A0+,NEFSC BTS
WGOM,2005,FALL,NA,1.8846,NA,1.6666,2.1094,0.0729,WGOM,A0+,NEFSC BTS
WGOM,2006,FALL,NA,4.6932,NA,2.6186,6.8045,0.2753,WGOM,A0+,NEFSC BTS
WGOM,2007,FALL,NA,2.5229,NA,1.1941,4.0817,0.36,WGOM,A0+,NEFSC BTS
WGOM,2008,FALL,NA,7.3692,NA,2.6914,12.4587,0.4054,WGOM,A0+,NEFSC BTS
WGOM,2009,FALL,NA,4.5679,NA,1.9706,7.7952,0.3832,WGOM,A0+,NEFSC BTS
WGOM,2010,FALL,NA,1.557,NA,0.9368,2.1259,0.232,WGOM,A0+,NEFSC BTS
WGOM,2011,FALL,NA,1.5201,NA,1.0102,2.1726,0.2263,WGOM,A0+,NEFSC BTS
WGOM,2012,FALL,NA,0.8592,NA,0.5077,1.2402,0.2714,WGOM,A0+,NEFSC BTS
WGOM,2013,FALL,NA,0.5135,NA,0.2742,0.7634,0.2823,WGOM,A0+,NEFSC BTS
WGOM,2014,FALL,NA,1.0172,NA,0.2773,1.927,0.5026,WGOM,A0+,NEFSC BTS
WGOM,2015,FALL,NA,0.6165,NA,0.2408,0.9869,0.369,WGOM,A0+,NEFSC BTS
WGOM,2016,FALL,NA,1.9536,NA,0.5017,3.6411,0.5063,WGOM,A0+,NEFSC BTS
WGOM,2017,FALL,NA,1.2339,NA,0.7206,1.7808,0.267,WGOM,A0+,NEFSC BTS
WGOM,2018,FALL,NA,0.6498,NA,0.3141,0.985,0.3032,WGOM,A0+,NEFSC BTS
WGOM,2019,FALL,NA,0.2023,NA,0.066,0.3723,0.4806,WGOM,A0+,NEFSC BTS
WGOM,2020,FALL,NA,NA,NA,NA,NA,NA,WGOM,A0+,NEFSC BTS
WGOM,2021,FALL,NA,0.8253,NA,0.2096,1.4317,0.4441,WGOM,A0+,NEFSC BTS
WGOM,1968,SPRING,NA,7.7754,NA,5.9046,9.8001,0.1533,WGOM,A0+,NEFSC BTS
WGOM,1969,SPRING,NA,4.3418,NA,2.8738,5.7351,0.2002,WGOM,A0+,NEFSC BTS
WGOM,1970,SPRING,NA,3.8231,NA,2.7356,4.9714,0.1795,WGOM,A0+,NEFSC BTS
WGOM,1971,SPRING,NA,2.3455,NA,1.6766,3.0516,0.1774,WGOM,A0+,NEFSC BTS
WGOM,1972,SPRING,NA,3.9288,NA,3.0602,4.8566,0.1389,WGOM,A0+,NEFSC BTS
WGOM,1973,SPRING,NA,10.5776,NA,5.8753,15.906,0.2966,WGOM,A0+,NEFSC BTS
WGOM,1974,SPRING,NA,5.4674,NA,4.0892,6.7883,0.1518,WGOM,A0+,NEFSC BTS
WGOM,1975,SPRING,NA,3.9171,NA,2.9522,4.8637,0.1501,WGOM,A0+,NEFSC BTS
WGOM,1976,SPRING,NA,4.1421,NA,2.6653,5.7581,0.2284,WGOM,A0+,NEFSC BTS
WGOM,1977,SPRING,NA,5.2532,NA,3.5098,7.2941,0.2214,WGOM,A0+,NEFSC BTS
WGOM,1978,SPRING,NA,4.3295,NA,3.0653,5.9098,0.2011,WGOM,A0+,NEFSC BTS
WGOM,1979,SPRING,NA,3.0834,NA,2.4132,3.8601,0.1422,WGOM,A0+,NEFSC BTS
WGOM,1980,SPRING,NA,3.6843,NA,2.7095,4.9286,0.1852,WGOM,A0+,NEFSC BTS
WGOM,1981,SPRING,NA,5.9049,NA,3.8871,7.9925,0.2088,WGOM,A0+,NEFSC BTS
WGOM,1982,SPRING,NA,5.2567,NA,3.6498,6.9551,0.1947,WGOM,A0+,NEFSC BTS
WGOM,1983,SPRING,NA,5.0858,NA,3.258,7.3275,0.2443,WGOM,A0+,NEFSC BTS
WGOM,1984,SPRING,NA,4.7871,NA,2.1602,8.3372,0.403,WGOM,A0+,NEFSC BTS
WGOM,1985,SPRING,NA,2.6654,NA,1.8133,3.5422,0.1981,WGOM,A0+,NEFSC BTS
WGOM,1986,SPRING,NA,2.4269,NA,1.812,3.09,0.1618,WGOM,A0+,NEFSC BTS
WGOM,1987,SPRING,NA,2.627,NA,1.6684,3.6684,0.2308,WGOM,A0+,NEFSC BTS
WGOM,1988,SPRING,NA,4.1713,NA,2.8449,5.5764,0.202,WGOM,A0+,NEFSC BTS
WGOM,1989,SPRING,NA,3.2275,NA,2.2844,4.2538,0.1864,WGOM,A0+,NEFSC BTS
WGOM,1990,SPRING,NA,4.3516,NA,2.513,6.6276,0.2936,WGOM,A0+,NEFSC BTS
WGOM,1991,SPRING,NA,3.2087,NA,2.1341,4.5547,0.2284,WGOM,A0+,NEFSC BTS
WGOM,1992,SPRING,NA,3.0261,NA,1.6972,4.5476,0.2886,WGOM,A0+,NEFSC BTS
WGOM,1993,SPRING,NA,1.8494,NA,1.0405,2.9352,0.3118,WGOM,A0+,NEFSC BTS
WGOM,1994,SPRING,NA,1.231,NA,0.7324,1.7673,0.2615,WGOM,A0+,NEFSC BTS
WGOM,1995,SPRING,NA,2.9887,NA,1.8205,4.1021,0.2357,WGOM,A0+,NEFSC BTS
WGOM,1996,SPRING,NA,2.5899,NA,1.357,3.8247,0.2804,WGOM,A0+,NEFSC BTS
WGOM,1997,SPRING,NA,2.5284,NA,1.9023,3.2048,0.1601,WGOM,A0+,NEFSC BTS
WGOM,1998,SPRING,NA,2.1794,NA,0.9413,3.682,0.37,WGOM,A0+,NEFSC BTS
WGOM,1999,SPRING,NA,2.9652,NA,1.801,4.0438,0.2244,WGOM,A0+,NEFSC BTS
WGOM,2000,SPRING,NA,3.3695,NA,2.2276,4.6672,0.221,WGOM,A0+,NEFSC BTS
WGOM,2001,SPRING,NA,2.438,NA,1.25,3.721,0.3082,WGOM,A0+,NEFSC BTS
WGOM,2002,SPRING,NA,3.2585,NA,1.9393,4.6422,0.2549,WGOM,A0+,NEFSC BTS
WGOM,2003,SPRING,NA,4.1958,NA,2.7438,5.7734,0.2132,WGOM,A0+,NEFSC BTS
WGOM,2004,SPRING,NA,1.535,NA,0.989,2.0787,0.2213,WGOM,A0+,NEFSC BTS
WGOM,2005,SPRING,NA,2.2355,NA,1.398,3.1083,0.2289,WGOM,A0+,NEFSC BTS
WGOM,2006,SPRING,NA,2.4469,NA,1.4395,3.623,0.2768,WGOM,A0+,NEFSC BTS
WGOM,2007,SPRING,NA,13.4876,NA,2.1074,26.0237,0.6983,WGOM,A0+,NEFSC BTS
WGOM,2008,SPRING,NA,10.9301,NA,2.179,25.6155,0.6402,WGOM,A0+,NEFSC BTS
WGOM,2009,SPRING,NA,1.7338,NA,1.0493,2.5685,0.2661,WGOM,A0+,NEFSC BTS
WGOM,2010,SPRING,NA,3.0295,NA,0.8063,6.5021,0.5847,WGOM,A0+,NEFSC BTS
WGOM,2011,SPRING,NA,0.9941,NA,0.616,1.4223,0.2462,WGOM,A0+,NEFSC BTS
WGOM,2012,SPRING,NA,1.0168,NA,0.6555,1.4275,0.2336,WGOM,A0+,NEFSC BTS
WGOM,2013,SPRING,NA,0.8062,NA,0.397,1.3128,0.345,WGOM,A0+,NEFSC BTS
WGOM,2014,SPRING,NA,0.6128,NA,0.3931,0.8376,0.217,WGOM,A0+,NEFSC BTS
WGOM,2015,SPRING,NA,4.063,NA,1.8384,6.6735,0.3633,WGOM,A0+,NEFSC BTS
WGOM,2016,SPRING,NA,2.3912,NA,0.7195,4.5924,0.5031,WGOM,A0+,NEFSC BTS
WGOM,2017,SPRING,NA,1.565,NA,0.9239,2.3116,0.2671,WGOM,A0+,NEFSC BTS
WGOM,2018,SPRING,NA,0.6734,NA,0.408,0.9521,0.2346,WGOM,A0+,NEFSC BTS
WGOM,2019,SPRING,NA,0.2087,NA,0.1085,0.33,0.3293,WGOM,A0+,NEFSC BTS
WGOM,2020,SPRING,NA,NA,NA,NA,NA,NA,WGOM,A0+,NEFSC BTS
WGOM,2021,SPRING,NA,0.1432,NA,0.0563,0.2524,0.4198,WGOM,A0+,NEFSC BTS
WGOM,2022,SPRING,NA,0.8188,NA,0.4473,1.2074,0.2823,WGOM,A0+,NEFSC BTS
WGOM,1983,SUMMER,NA,1.004976405,0.484783904,0.054799953,1.955152857,48.23833693,WGOM,A0+,ASMFC Shrimp Trawl
WGOM,1984,SUMMER,NA,1.006555191,0.252769197,0.511127565,1.501982817,25.11230375,WGOM,A0+,ASMFC Shrimp Trawl
WGOM,1985,SUMMER,NA,0.828387809,0.239701828,0.358572226,1.298203392,28.93594345,WGOM,A0+,ASMFC Shrimp Trawl
WGOM,1986,SUMMER,NA,0.359780674,0.137118341,0.091028726,0.628532621,38.11164705,WGOM,A0+,ASMFC Shrimp Trawl
WGOM,1987,SUMMER,NA,0.506636759,0.237654936,0.040833085,0.972440432,46.90834836,WGOM,A0+,ASMFC Shrimp Trawl
WGOM,1988,SUMMER,NA,1.207654412,0.328120406,0.564538416,1.850770408,27.17005816,WGOM,A0+,ASMFC Shrimp Trawl
WGOM,1989,SUMMER,NA,2.183913694,0.476214144,1.250533972,3.117293415,21.80553861,WGOM,A0+,ASMFC Shrimp Trawl
WGOM,1990,SUMMER,NA,1.955627359,0.545344795,0.88675156,3.024503158,27.88592586,WGOM,A0+,ASMFC Shrimp Trawl
WGOM,1991,SUMMER,NA,0.553445586,0.237389055,0.088163038,1.018728134,42.89293498,WGOM,A0+,ASMFC Shrimp Trawl
WGOM,1992,SUMMER,NA,0.052125614,0.039094211,-0.024499039,0.128750267,75,WGOM,A0+,ASMFC Shrimp Trawl
WGOM,1993,SUMMER,NA,0.773246457,0.575517697,-0.35476823,1.901261144,74.4287532,WGOM,A0+,ASMFC Shrimp Trawl
WGOM,1994,SUMMER,NA,0.338665441,0.094554492,0.153338637,0.523992245,27.91973447,WGOM,A0+,ASMFC Shrimp Trawl
WGOM,1995,SUMMER,NA,0.396028864,0.180796017,0.041668671,0.750389057,45.65223231,WGOM,A0+,ASMFC Shrimp Trawl
WGOM,1996,SUMMER,NA,1.105837428,0.533097852,0.060965638,2.150709218,48.2076152,WGOM,A0+,ASMFC Shrimp Trawl
WGOM,1997,SUMMER,NA,0.265135655,0.095115788,0.07870871,0.451562599,35.87438592,WGOM,A0+,ASMFC Shrimp Trawl
WGOM,1998,SUMMER,NA,0.161112298,0.06776051,0.028301699,0.293922897,42.05793763,WGOM,A0+,ASMFC Shrimp Trawl
WGOM,1999,SUMMER,NA,3.073474329,2.383386798,-1.597963795,7.744912453,77.54698895,WGOM,A0+,ASMFC Shrimp Trawl
WGOM,2000,SUMMER,NA,1.948084455,0.93213522,0.121099424,3.775069486,47.84880951,WGOM,A0+,ASMFC Shrimp Trawl
WGOM,2001,SUMMER,NA,0.725113681,0.323374056,0.091300532,1.35892683,44.59632523,WGOM,A0+,ASMFC Shrimp Trawl
WGOM,2002,SUMMER,NA,0.807484156,0.18550023,0.443903705,1.171064607,22.97261547,WGOM,A0+,ASMFC Shrimp Trawl
WGOM,2003,SUMMER,NA,0.489268675,0.192271205,0.112417113,0.866120237,39.29767326,WGOM,A0+,ASMFC Shrimp Trawl
WGOM,2004,SUMMER,NA,1.150273565,0.401928622,0.362493466,1.938053663,34.94200284,WGOM,A0+,ASMFC Shrimp Trawl
WGOM,2005,SUMMER,NA,1.445820629,0.32830659,0.802339713,2.089301545,22.70728355,WGOM,A0+,ASMFC Shrimp Trawl
WGOM,2006,SUMMER,NA,1.637636189,0.546751985,0.566002298,2.70927008,33.38665748,WGOM,A0+,ASMFC Shrimp Trawl
WGOM,2007,SUMMER,NA,3.781224551,1.42792658,0.982488454,6.579960647,37.76360173,WGOM,A0+,ASMFC Shrimp Trawl
WGOM,2008,SUMMER,NA,1.309569741,0.442082934,0.443087192,2.176052291,33.75787632,WGOM,A0+,ASMFC Shrimp Trawl
WGOM,2009,SUMMER,NA,0.621923141,0.228992563,0.173097717,1.070748565,36.82007442,WGOM,A0+,ASMFC Shrimp Trawl
WGOM,2010,SUMMER,NA,0.188123839,0.066086763,0.058593783,0.317653896,35.12939328,WGOM,A0+,ASMFC Shrimp Trawl
WGOM,2011,SUMMER,NA,0.434512828,0.096990661,0.244411132,0.624614523,22.3217026,WGOM,A0+,ASMFC Shrimp Trawl
WGOM,2012,SUMMER,NA,0.660279397,0.180011086,0.307457668,1.013101126,27.26286582,WGOM,A0+,ASMFC Shrimp Trawl
WGOM,2013,SUMMER,NA,0.404553362,0.2739764,-0.132440381,0.941547105,67.72317955,WGOM,A0+,ASMFC Shrimp Trawl
WGOM,2014,SUMMER,NA,0.092769487,0.039976387,0.014415769,0.171123205,43.09217189,WGOM,A0+,ASMFC Shrimp Trawl
WGOM,2015,SUMMER,NA,0.374393907,0.160181907,0.060437369,0.688350445,42.78432533,WGOM,A0+,ASMFC Shrimp Trawl
WGOM,2016,SUMMER,NA,0.218548981,0.07496713,0.071613406,0.365484555,34.3022097,WGOM,A0+,ASMFC Shrimp Trawl
WGOM,2017,SUMMER,NA,0.08513613,0.049414502,-0.011716294,0.181988553,58.04175247,WGOM,A0+,ASMFC Shrimp Trawl
WGOM,2018,SUMMER,NA,0.076505525,0.036812434,0.004353154,0.148657895,48.11735353,WGOM,A0+,ASMFC Shrimp Trawl
WGOM,2019,SUMMER,NA,0.679343038,0.513943721,-0.327986655,1.686672731,75.65304889,WGOM,A0+,ASMFC Shrimp Trawl
WGOM,2020,SUMMER,NA,NA,NA,NA,NA,NA,WGOM,A0+,ASMFC Shrimp Trawl
WGOM,2021,SUMMER,NA,0.101687674,0.072307573,-0.040035169,0.243410517,71.10751033,WGOM,A0+,ASMFC Shrimp Trawl
5Z1-2,1989,SUMMER,NA,6602032.299,3820283.082,NA,NA,0.578652589,GBK,A0+,DFO Trawl
5Z1-2,1990,SUMMER,NA,2807957.657,1284220.523,NA,NA,0.457350388,GBK,A0+,DFO Trawl
5Z1-2,1991,SUMMER,NA,NA,NA,NA,NA,NA,GBK,A0+,DFO Trawl
5Z1-2,1992,SUMMER,NA,NA,NA,NA,NA,NA,GBK,A0+,DFO Trawl
5Z1-2,1993,SUMMER,NA,NA,NA,NA,NA,NA,GBK,A0+,DFO Trawl
5Z1-2,1994,SUMMER,NA,NA,NA,NA,NA,NA,GBK,A0+,DFO Trawl
5Z1-2,1995,SUMMER,NA,NA,NA,NA,NA,NA,GBK,A0+,DFO Trawl
5Z1-2,1996,SUMMER,NA,NA,NA,NA,NA,NA,GBK,A0+,DFO Trawl
5Z1-2,1997,SUMMER,NA,NA,NA,NA,NA,NA,GBK,A0+,DFO Trawl
5Z1-2,1998,SUMMER,NA,NA,NA,NA,NA,NA,GBK,A0+,DFO Trawl
5Z1-2,1999,SUMMER,NA,NA,NA,NA,NA,NA,GBK,A0+,DFO Trawl
5Z1-2,2000,SUMMER,NA,NA,NA,NA,NA,NA,GBK,A0+,DFO Trawl
5Z1-2,2001,SUMMER,NA,NA,NA,NA,NA,NA,GBK,A0+,DFO Trawl
5Z1-2,2002,SUMMER,NA,NA,NA,NA,NA,NA,GBK,A0+,DFO Trawl
5Z1-2,2003,SUMMER,NA,NA,NA,NA,NA,NA,GBK,A0+,DFO Trawl
5Z1-2,2004,SUMMER,NA,NA,NA,NA,NA,NA,GBK,A0+,DFO Trawl
5Z1-2,2005,SUMMER,NA,NA,NA,NA,NA,NA,GBK,A0+,DFO Trawl
5Z1-2,2006,SUMMER,NA,NA,NA,NA,NA,NA,GBK,A0+,DFO Trawl
5Z1-2,2007,SUMMER,NA,NA,NA,NA,NA,NA,GBK,A0+,DFO Trawl
5Z1-2,2008,SUMMER,NA,NA,NA,NA,NA,NA,GBK,A0+,DFO Trawl
5Z1-2,2009,SUMMER,NA,NA,NA,NA,NA,NA,GBK,A0+,DFO Trawl
5Z1-2,2010,SUMMER,NA,NA,NA,NA,NA,NA,GBK,A0+,DFO Trawl
5Z1-2,2011,SUMMER,NA,NA,NA,NA,NA,NA,GBK,A0+,DFO Trawl
5Z1-2,2012,SUMMER,NA,NA,NA,NA,NA,NA,GBK,A0+,DFO Trawl
5Z1-2,2013,SUMMER,NA,1660862.132,1053162.813,NA,NA,0.634106102,GBK,A0+,DFO Trawl
5Z1-2,2014,SUMMER,NA,NA,NA,NA,NA,NA,GBK,A0+,DFO Trawl
5Z1-2,2015,SUMMER,NA,NA,NA,NA,NA,NA,GBK,A0+,DFO Trawl
5Z1-2,2016,SUMMER,NA,NA,NA,NA,NA,NA,GBK,A0+,DFO Trawl
5Z1-2,2017,SUMMER,NA,3802575.689,2092045.637,NA,NA,0.550165416,GBK,A0+,DFO Trawl
5Z1-2,2018,SUMMER,NA,NA,NA,NA,NA,NA,GBK,A0+,DFO Trawl
5Z1-2,2019,SUMMER,NA,896484.8678,327307.6204,NA,NA,0.36510111,GBK,A0+,DFO Trawl
5Z1-2,2020,SUMMER,NA,758004.1323,307315.5059,NA,NA,0.405427217,GBK,A0+,DFO Trawl
5Z1-2,2021,SUMMER,NA,9500272.792,7182355.065,NA,NA,0.756015666,GBK,A0+,DFO Trawl
5Z1-7,1987,SPRING,NA,7344249.59,1917809.558,NA,NA,0.261130771,GBK,A0+,DFO Trawl
5Z1-7,1988,SPRING,NA,11288424.84,2708828.005,NA,NA,0.239965101,GBK,A0+,DFO Trawl
5Z1-7,1989,SPRING,NA,13354386.41,2141716.447,NA,NA,0.160375504,GBK,A0+,DFO Trawl
5Z1-7,1990,SPRING,NA,20943679.33,3487309.199,NA,NA,0.166508909,GBK,A0+,DFO Trawl
5Z1-7,1991,SPRING,NA,12853260.52,1708366.125,NA,NA,0.132913055,GBK,A0+,DFO Trawl
5Z1-7,1992,SPRING,NA,10934055.57,1948065.266,NA,NA,0.178164932,GBK,A0+,DFO Trawl
5Z1-7,1993,SPRING,NA,5924871.851,1371609.256,NA,NA,0.23150024,GBK,A0+,DFO Trawl
5Z1-7,1994,SPRING,NA,3951988.461,1226246.114,NA,NA,0.310285854,GBK,A0+,DFO Trawl
5Z1-7,1995,SPRING,NA,5672979.577,1462093.149,NA,NA,0.257729317,GBK,A0+,DFO Trawl
5Z1-7,1996,SPRING,NA,13202168.31,2973388.798,NA,NA,0.225219731,GBK,A0+,DFO Trawl
5Z1-7,1997,SPRING,NA,6038425.284,1152573.929,NA,NA,0.190873262,GBK,A0+,DFO Trawl
5Z1-7,1998,SPRING,NA,3835933.098,742033.9292,NA,NA,0.193442876,GBK,A0+,DFO Trawl
5Z1-7,1999,SPRING,NA,5730365.301,1058217.868,NA,NA,0.184668483,GBK,A0+,DFO Trawl
5Z1-7,2000,SPRING,NA,12232306.23,5952280.212,NA,NA,0.48660327,GBK,A0+,DFO Trawl
5Z1-7,2001,SPRING,NA,4764333.581,1583017.791,NA,NA,0.332264264,GBK,A0+,DFO Trawl
5Z1-7,2002,SPRING,NA,7489759.036,1967394.401,NA,NA,0.26267793,GBK,A0+,DFO Trawl
5Z1-7,2003,SPRING,NA,4238300.444,632208.8612,NA,NA,0.149165655,GBK,A0+,DFO Trawl
5Z1-7,2004,SPRING,NA,3523502.584,651041.7184,NA,NA,0.184771177,GBK,A0+,DFO Trawl
5Z1-7,2005,SPRING,NA,15449152.83,8084598.515,NA,NA,0.523303679,GBK,A0+,DFO Trawl
5Z1-7,2006,SPRING,NA,5820768.55,1447301.724,NA,NA,0.248644438,GBK,A0+,DFO Trawl
5Z1-7,2007,SPRING,NA,7111539.497,1215005.324,NA,NA,0.170849831,GBK,A0+,DFO Trawl
5Z1-7,2008,SPRING,NA,6290379.856,1510251.661,NA,NA,0.240089104,GBK,A0+,DFO Trawl
5Z1-7,2009,SPRING,NA,9148487.315,4839532.721,NA,NA,0.528998134,GBK,A0+,DFO Trawl
5Z1-7,2010,SPRING,NA,11091246.34,6848343.621,NA,NA,0.61745483,GBK,A0+,DFO Trawl
5Z1-7,2011,SPRING,NA,4711865.186,902162.6847,NA,NA,0.19146615,GBK,A0+,DFO Trawl
5Z1-7,2012,SPRING,NA,1276360.012,226087.1447,NA,NA,0.177134306,GBK,A0+,DFO Trawl
5Z1-7,2013,SPRING,NA,6877917.189,2912565.848,NA,NA,0.423466257,GBK,A0+,DFO Trawl
5Z1-7,2014,SPRING,NA,1369790.74,286732.2287,NA,NA,0.209325571,GBK,A0+,DFO Trawl
5Z1-7,2015,SPRING,NA,1790668.478,580653.3632,NA,NA,0.324266256,GBK,A0+,DFO Trawl
5Z1-7,2016,SPRING,NA,2128628.45,389838.2775,NA,NA,0.183140593,GBK,A0+,DFO Trawl
5Z1-7,2017,SPRING,NA,8833422.744,5144936.061,NA,NA,0.582439696,GBK,A0+,DFO Trawl
5Z1-7,2018,SPRING,NA,4033367.831,1296044.119,NA,NA,0.321330504,GBK,A0+,DFO Trawl
5Z1-7,2019,SPRING,NA,2937776.474,1789939.862,NA,NA,0.609283885,GBK,A0+,DFO Trawl
5Z1-7,2020,SPRING,NA,3267440.428,1362969.001,NA,NA,0.417136603,GBK,A0+,DFO Trawl
5Z1-7,2021,SPRING,NA,1144082.073,360360.0615,NA,NA,0.314977457,GBK,A0+,DFO Trawl
5ZJ-M,1987,SPRING,NA,3811760.153,1602713.383,NA,NA,0.420465433,GBK,A0+,DFO Trawl
5ZJ-M,1988,SPRING,NA,7740728.928,2553671.478,NA,NA,0.329900646,GBK,A0+,DFO Trawl
5ZJ-M,1989,SPRING,NA,5867557.968,927811.6294,NA,NA,0.158125686,GBK,A0+,DFO Trawl
5ZJ-M,1990,SPRING,NA,13125007.11,2426942.073,NA,NA,0.184909772,GBK,A0+,DFO Trawl
5ZJ-M,1991,SPRING,NA,7876395.189,1247224.484,NA,NA,0.158349658,GBK,A0+,DFO Trawl
5ZJ-M,1992,SPRING,NA,5276442.823,903430.2999,NA,NA,0.171219575,GBK,A0+,DFO Trawl
5ZJ-M,1993,SPRING,NA,4504104.017,943935.8992,NA,NA,0.209572402,GBK,A0+,DFO Trawl
5ZJ-M,1994,SPRING,NA,3871425.086,1222395.319,NA,NA,0.315748153,GBK,A0+,DFO Trawl
5ZJ-M,1995,SPRING,NA,3092658.883,1041761.294,NA,NA,0.336849725,GBK,A0+,DFO Trawl
5ZJ-M,1996,SPRING,NA,9589552.348,2341279.729,NA,NA,0.244149012,GBK,A0+,DFO Trawl
5ZJ-M,1997,SPRING,NA,3904984.592,969414.5996,NA,NA,0.248250557,GBK,A0+,DFO Trawl
5ZJ-M,1998,SPRING,NA,2402203.901,446316.6284,NA,NA,0.185794648,GBK,A0+,DFO Trawl
5ZJ-M,1999,SPRING,NA,3560745.338,858754.7356,NA,NA,0.241172747,GBK,A0+,DFO Trawl
5ZJ-M,2000,SPRING,NA,10753810.8,5910553.156,NA,NA,0.54962406,GBK,A0+,DFO Trawl
5ZJ-M,2001,SPRING,NA,4247583.583,1564649.646,NA,NA,0.368362297,GBK,A0+,DFO Trawl
5ZJ-M,2002,SPRING,NA,5462245.178,1708558.835,NA,NA,0.312794241,GBK,A0+,DFO Trawl
5ZJ-M,2003,SPRING,NA,2078159.601,313204.4342,NA,NA,0.150712406,GBK,A0+,DFO Trawl
5ZJ-M,2004,SPRING,NA,2069001.879,405421.0836,NA,NA,0.19595008,GBK,A0+,DFO Trawl
5ZJ-M,2005,SPRING,NA,14622524.57,8749936.726,NA,NA,0.598387555,GBK,A0+,DFO Trawl
5ZJ-M,2006,SPRING,NA,5227607.082,1347254.426,NA,NA,0.257719145,GBK,A0+,DFO Trawl
5ZJ-M,2007,SPRING,NA,4591004.704,944612.8495,NA,NA,0.205752969,GBK,A0+,DFO Trawl
5ZJ-M,2008,SPRING,NA,5569008.303,1484891.431,NA,NA,0.266634803,GBK,A0+,DFO Trawl
5ZJ-M,2009,SPRING,NA,8372183.417,4827773.645,NA,NA,0.576644515,GBK,A0+,DFO Trawl
5ZJ-M,2010,SPRING,NA,9622579.37,5647391.887,NA,NA,0.586889613,GBK,A0+,DFO Trawl
5ZJ-M,2011,SPRING,NA,3964867.111,859732.3519,NA,NA,0.216837621,GBK,A0+,DFO Trawl
5ZJ-M,2012,SPRING,NA,1188930.894,210591.3875,NA,NA,0.177126685,GBK,A0+,DFO Trawl
5ZJ-M,2013,SPRING,NA,6786398.204,2923709.031,NA,NA,0.430818962,GBK,A0+,DFO Trawl
5ZJ-M,2014,SPRING,NA,1213289.846,267644.028,NA,NA,0.220593644,GBK,A0+,DFO Trawl
5ZJ-M,2015,SPRING,NA,1770011.401,578921.6963,NA,NA,0.327072298,GBK,A0+,DFO Trawl
5ZJ-M,2016,SPRING,NA,1848274.558,387040.6373,NA,NA,0.209406463,GBK,A0+,DFO Trawl
5ZJ-M,2017,SPRING,NA,8266099.625,5610447.593,NA,NA,0.678729733,GBK,A0+,DFO Trawl
5ZJ-M,2018,SPRING,NA,3708113.041,1261268.979,NA,NA,0.340137683,GBK,A0+,DFO Trawl
5ZJ-M,2019,SPRING,NA,2542154.102,1771392.61,NA,NA,0.696807723,GBK,A0+,DFO Trawl
5ZJ-M,2020,SPRING,NA,3274328.839,1363750.654,NA,NA,0.416497768,GBK,A0+,DFO Trawl
5ZJ-M,2021,SPRING,NA,1124347.954,362106.9132,NA,NA,0.322059476,GBK,A0+,DFO Trawl
EGOM,2000,FALL,48,6.056220813,3.043582314,-0.030943815,12.14338544,1.230560019,EGOM,A0+,ME-NH Inshore Trawl
EGOM,2001,FALL,27,2.512970829,0.788965763,0.935039304,4.090902355,0.705263504,EGOM,A0+,ME-NH Inshore Trawl
EGOM,2002,FALL,33,1.260812238,0.314290676,0.632230886,1.889393591,0.517870354,EGOM,A0+,ME-NH Inshore Trawl
EGOM,2003,FALL,30,4.942216669,1.272312421,2.397591827,7.48684151,0.458511544,EGOM,A0+,ME-NH Inshore Trawl
EGOM,2004,FALL,32,3.368340421,1.741464042,-0.114587662,6.851268504,0.911311057,EGOM,A0+,ME-NH Inshore Trawl
EGOM,2005,FALL,23,1.633336293,0.290575271,1.052185751,2.214486836,0.253427702,EGOM,A0+,ME-NH Inshore Trawl
EGOM,2006,FALL,40,1.764111476,0.911201821,-0.058292167,3.586515119,0.869457641,EGOM,A0+,ME-NH Inshore Trawl
EGOM,2007,FALL,41,0.389915734,0.149656971,0.090601792,0.689229675,0.640205188,EGOM,A0+,ME-NH Inshore Trawl
EGOM,2008,FALL,40,0.251699141,0.156137736,-0.060576331,0.563974613,1.073288236,EGOM,A0+,ME-NH Inshore Trawl
EGOM,2009,FALL,46,0.794664219,0.215463872,0.363736474,1.225591964,0.558648641,EGOM,A0+,ME-NH Inshore Trawl
EGOM,2010,FALL,41,0.472886301,0.089646964,0.293592374,0.652180229,0.391031302,EGOM,A0+,ME-NH Inshore Trawl
EGOM,2011,FALL,42,1.08225233,0.22672803,0.62879627,1.535708389,0.389984721,EGOM,A0+,ME-NH Inshore Trawl
EGOM,2012,FALL,50,0.265018693,0.121564335,0.021890023,0.508147363,0.844705037,EGOM,A0+,ME-NH Inshore Trawl
EGOM,2013,FALL,47,0.068393442,0.040302777,-0.012212113,0.148998996,1.082460362,EGOM,A0+,ME-NH Inshore Trawl
EGOM,2014,FALL,53,0.658476787,0.16130884,0.335859108,0.981094467,0.473281458,EGOM,A0+,ME-NH Inshore Trawl
EGOM,2015,FALL,45,1.96095103,0.201986811,1.556977408,2.364924653,0.219025459,EGOM,A0+,ME-NH Inshore Trawl
EGOM,2016,FALL,45,0.415907364,0.251823677,-0.087739989,0.919554717,1.09453558,EGOM,A0+,ME-NH Inshore Trawl
EGOM,2017,FALL,53,1.117442537,0.45661839,0.204205756,2.030679317,0.826916994,EGOM,A0+,ME-NH Inshore Trawl
EGOM,2018,FALL,55,0.541372043,0.277530366,-0.013688689,1.096432774,1.143870135,EGOM,A0+,ME-NH Inshore Trawl
EGOM,2019,FALL,55,0.701637918,0.260796491,0.180044936,1.223230899,0.979818694,EGOM,A0+,ME-NH Inshore Trawl
EGOM,2020,FALL,54,0.145648074,0.107937793,-0.070227511,0.361523659,1.644843875,EGOM,A0+,ME-NH Inshore Trawl
EGOM,2021,FALL,48,0.017892053,0.017892053,-0.017892053,0.05367616,2,EGOM,A0+,ME-NH Inshore Trawl
EGOM,2001,SPRING,49,1.908459405,0.73078599,0.446887424,3.370031386,0.786815441,EGOM,A0+,ME-NH Inshore Trawl
EGOM,2002,SPRING,37,6.667528988,4.645075565,-2.622622141,15.95768012,1.213573632,EGOM,A0+,ME-NH Inshore Trawl
EGOM,2003,SPRING,38,1.137542787,0.332718168,0.47210645,1.802979124,0.64585708,EGOM,A0+,ME-NH Inshore Trawl
EGOM,2004,SPRING,35,7.304200118,2.173699425,2.956801269,11.65159897,0.703986171,EGOM,A0+,ME-NH Inshore Trawl
EGOM,2005,SPRING,38,4.699150969,3.708820157,-2.718489345,12.11679128,1.367564763,EGOM,A0+,ME-NH Inshore Trawl
EGOM,2006,SPRING,51,0.668180417,0.317136254,0.033907908,1.302452926,0.735574575,EGOM,A0+,ME-NH Inshore Trawl
EGOM,2007,SPRING,51,1.606252214,0.815814487,-0.02537676,3.237881187,1.242889144,EGOM,A0+,ME-NH Inshore Trawl
EGOM,2008,SPRING,54,0.91315761,0.284011912,0.345133786,1.481181434,0.599134063,EGOM,A0+,ME-NH Inshore Trawl
EGOM,2009,SPRING,53,2.034297607,0.810341467,0.413614672,3.654980542,1.009655892,EGOM,A0+,ME-NH Inshore Trawl
EGOM,2010,SPRING,58,0.456313787,0.214992578,0.026328631,0.886298944,1.105469477,EGOM,A0+,ME-NH Inshore Trawl
EGOM,2011,SPRING,56,2.088281125,1.111958879,-0.135636633,4.312198882,1.404136514,EGOM,A0+,ME-NH Inshore Trawl
EGOM,2012,SPRING,60,2.4086873,0.758077911,0.892531478,3.924843122,0.803222425,EGOM,A0+,ME-NH Inshore Trawl
EGOM,2013,SPRING,55,0.121056425,0.055371291,0.010313843,0.231799007,0.870220688,EGOM,A0+,ME-NH Inshore Trawl
EGOM,2014,SPRING,56,6.732069389,4.139953069,-1.547836749,15.01197553,1.074986497,EGOM,A0+,ME-NH Inshore Trawl
EGOM,2015,SPRING,74,1.317148138,0.342915419,0.6313173,2.002978976,0.659352692,EGOM,A0+,ME-NH Inshore Trawl
EGOM,2016,SPRING,74,2.201787669,0.392320511,1.417146648,2.98642869,0.450948629,EGOM,A0+,ME-NH Inshore Trawl
EGOM,2017,SPRING,73,0.763359042,0.229659861,0.30403932,1.222678765,0.768691063,EGOM,A0+,ME-NH Inshore Trawl
EGOM,2018,SPRING,71,1.333300981,0.22869073,0.875919521,1.79068244,0.442854148,EGOM,A0+,ME-NH Inshore Trawl
EGOM,2019,SPRING,73,1.027184418,0.248779763,0.529624893,1.524743944,0.628057689,EGOM,A0+,ME-NH Inshore Trawl
EGOM,2020,SPRING,NA,NA,NA,NA,NA,NA,EGOM,A0+,ME-NH Inshore Trawl
EGOM,2021,SPRING,71,0.260136999,0.103470064,0.053196872,0.467077126,1.101085878,EGOM,A0+,ME-NH Inshore Trawl
WGOM,2000,FALL,30,0.485679408,0.138512488,0.208654431,0.762704384,0.615422638,WGOM,A0+,ME-NH Inshore Trawl
WGOM,2001,FALL,24,3.382136929,1.707444504,-0.032752078,6.797025936,1.011402799,WGOM,A0+,ME-NH Inshore Trawl
WGOM,2002,FALL,22,0.181169316,0.097482977,-0.013796638,0.37613527,1.034759743,WGOM,A0+,ME-NH Inshore Trawl
WGOM,2003,FALL,18,1.324144519,0.41115547,0.501833578,2.14645546,0.525154164,WGOM,A0+,ME-NH Inshore Trawl
WGOM,2004,FALL,25,1.844920551,1.007991617,-0.171062683,3.860903784,0.948875779,WGOM,A0+,ME-NH Inshore Trawl
WGOM,2005,FALL,20,7.427119941,4.753956821,-2.080793701,16.93503358,1.083276236,WGOM,A0+,ME-NH Inshore Trawl
WGOM,2006,FALL,33,5.804417896,3.838168375,-1.871918855,13.48075465,1.612189089,WGOM,A0+,ME-NH Inshore Trawl
WGOM,2007,FALL,32,5.381992305,3.073625935,-0.765259564,11.52924417,1.372513683,WGOM,A0+,ME-NH Inshore Trawl
WGOM,2008,FALL,26,2.403643493,1.133095739,0.137452015,4.669834971,0.710181568,WGOM,A0+,ME-NH Inshore Trawl
WGOM,2009,FALL,32,1.741557709,0.591339487,0.558878735,2.924236684,0.720164797,WGOM,A0+,ME-NH Inshore Trawl
WGOM,2010,FALL,33,0.988363551,0.265012725,0.458338102,1.518389001,0.539117241,WGOM,A0+,ME-NH Inshore Trawl
WGOM,2011,FALL,31,1.028463725,0.360229423,0.308004878,1.748922572,0.725294867,WGOM,A0+,ME-NH Inshore Trawl
WGOM,2012,FALL,36,0.330219665,0.091036996,0.148145673,0.512293657,0.608116226,WGOM,A0+,ME-NH Inshore Trawl
WGOM,2013,FALL,38,0.23195768,0.064599085,0.10275951,0.36115585,0.635279002,WGOM,A0+,ME-NH Inshore Trawl
WGOM,2014,FALL,40,0.086814291,0.053125527,-0.019436764,0.193065345,1.498951764,WGOM,A0+,ME-NH Inshore Trawl
WGOM,2015,FALL,35,0.172241837,0.076387546,0.019466745,0.325016929,0.97895697,WGOM,A0+,ME-NH Inshore Trawl
WGOM,2016,FALL,38,0.107029195,0.053013532,0.001002132,0.213056258,1.213277387,WGOM,A0+,ME-NH Inshore Trawl
WGOM,2017,FALL,48,1.314882771,0.716278736,-0.117674701,2.747440242,1.522983965,WGOM,A0+,ME-NH Inshore Trawl
WGOM,2018,FALL,40,0.044831069,0.031705518,-0.018579966,0.108242105,1.661301227,WGOM,A0+,ME-NH Inshore Trawl
WGOM,2019,FALL,44,0.283844967,0.094132216,0.095580535,0.472109398,0.779038738,WGOM,A0+,ME-NH Inshore Trawl
WGOM,2020,FALL,37,0.086952111,0.053134805,-0.019317499,0.193221721,1.225329898,WGOM,A0+,ME-NH Inshore Trawl
WGOM,2021,FALL,41,0.032881482,0.032881482,-0.032881482,0.098644445,2.236067977,WGOM,A0+,ME-NH Inshore Trawl
WGOM,2001,SPRING,32,2.614334343,0.666182707,1.281968928,3.946699757,0.611054332,WGOM,A0+,ME-NH Inshore Trawl
WGOM,2002,SPRING,27,3.907136071,0.700683531,2.50576901,5.308503133,0.358052707,WGOM,A0+,ME-NH Inshore Trawl
WGOM,2003,SPRING,26,1.367847912,0.440326579,0.487194754,2.248501069,0.506121051,WGOM,A0+,ME-NH Inshore Trawl
WGOM,2004,SPRING,29,4.74815465,2.276150503,0.195853643,9.300455656,0.953831701,WGOM,A0+,ME-NH Inshore Trawl
WGOM,2005,SPRING,26,6.785848115,3.900333128,-1.014818142,14.58651437,1.149009637,WGOM,A0+,ME-NH Inshore Trawl
WGOM,2006,SPRING,39,2.146949597,0.77249909,0.601951416,3.691947778,0.798440418,WGOM,A0+,ME-NH Inshore Trawl
WGOM,2007,SPRING,38,3.290460181,0.890514395,1.509431392,5.07148897,0.602757044,WGOM,A0+,ME-NH Inshore Trawl
WGOM,2008,SPRING,38,7.252745886,3.72840282,-0.204059754,14.70955153,1.152216503,WGOM,A0+,ME-NH Inshore Trawl
WGOM,2009,SPRING,39,3.283495612,0.837662926,1.608169759,4.958821465,0.565673357,WGOM,A0+,ME-NH Inshore Trawl
WGOM,2010,SPRING,39,3.859816031,1.030029517,1.799756998,5.919875065,0.579482321,WGOM,A0+,ME-NH Inshore Trawl
WGOM,2011,SPRING,40,0.90728358,0.188398202,0.530487177,1.284079983,0.477120035,WGOM,A0+,ME-NH Inshore Trawl
WGOM,2012,SPRING,39,1.014077493,0.231724602,0.550628288,1.477526697,0.504458908,WGOM,A0+,ME-NH Inshore Trawl
WGOM,2013,SPRING,42,0.43173537,0.235235652,-0.038735934,0.902206675,1.329367249,WGOM,A0+,ME-NH Inshore Trawl
WGOM,2014,SPRING,41,1.264924769,0.256157991,0.752608787,1.777240752,0.458988899,WGOM,A0+,ME-NH Inshore Trawl
WGOM,2015,SPRING,49,0.35498426,0.082363773,0.190256714,0.519711807,0.592229698,WGOM,A0+,ME-NH Inshore Trawl
WGOM,2016,SPRING,48,0.239113482,0.082984757,0.073143968,0.405082997,0.849164743,WGOM,A0+,ME-NH Inshore Trawl
WGOM,2017,SPRING,48,1.370901979,1.249022204,-1.127142429,3.868946388,2.231771973,WGOM,A0+,ME-NH Inshore Trawl
WGOM,2018,SPRING,47,0.257183144,0.076260567,0.10466201,0.409704277,0.710793066,WGOM,A0+,ME-NH Inshore Trawl
WGOM,2019,SPRING,47,0.164537001,0.078919177,0.006698647,0.322375354,1.184181173,WGOM,A0+,ME-NH Inshore Trawl
WGOM,2020,SPRING,NA,NA,NA,NA,NA,NA,WGOM,A0+,ME-NH Inshore Trawl
WGOM,2021,SPRING,47,0.664723647,0.21381868,0.237086287,1.092361006,0.782399562,WGOM,A0+,ME-NH Inshore Trawl
JEFFRIES,2018,SPRING,13,13.29198017,4.491039162,4.489543415,22.09441693,0.337875855,WGOM,A1+,SMAST Video Trawl
JEFFRIES,2019,SPRING,7,21.55757924,8.533152271,4.832600787,38.28255769,0.395830727,WGOM,A1+,SMAST Video Trawl
JEFFRIES,2018,WINTER,4,60.65984138,32.27311606,0,123.9151489,0.532034297,WGOM,A1+,SMAST Video Trawl
JEFFRIES,2019,WINTER,9,25.47749323,11.61114191,2.719655088,48.23533137,0.455741144,WGOM,A1+,SMAST Video Trawl
JEFFRIES,2020,WINTER,NA,NA,NA,NA,NA,NA,WGOM,A1+,SMAST Video Trawl
JEFFRIES,2021,WINTER,6,84.98192999,23.716806,38.49699022,131.4668698,0.279080576,WGOM,A1+,SMAST Video Trawl
STELLWAGEN,2019,FALL,11,4.14,1.248256967,1.693416346,6.586583654,0.945425429,WGOM,A1+,SMAST Video Trawl
STELLWAGEN,2017,SPRING,20,56.4227029,16.54077789,24.00277823,88.84262758,1.311043317,WGOM,A1+,SMAST Video Trawl
STELLWAGEN,2018,SPRING,27,11.7058227,3.382135642,5.07683684,18.33480856,1.501312019,WGOM,A1+,SMAST Video Trawl
STELLWAGEN,2019,SPRING,14,0.807523012,0.439696056,0,1.669327282,2.037331409,WGOM,A1+,SMAST Video Trawl
STELLWAGEN,2016,WINTER,18,64.94191914,14.0860575,37.33324645,92.55059184,0.920238907,WGOM,A1+,SMAST Video Trawl
STELLWAGEN,2017,WINTER,27,57.24331053,18.84440143,20.30828372,94.17833734,1.710564628,WGOM,A1+,SMAST Video Trawl
STELLWAGEN,2018,WINTER,26,3.911861919,1.462024704,1.046293498,6.77743034,1.905714632,WGOM,A1+,SMAST Video Trawl
STELLWAGEN,2019,WINTER,21,1.351582784,0.323642449,0.717243583,1.985921984,1.097317929,WGOM,A1+,SMAST Video Trawl
STELLWAGEN,2020,WINTER,10,3.849716313,1.229700863,1.439502622,6.259930005,1.010114837,WGOM,A1+,SMAST Video Trawl
STELLWAGEN,2021,WINTER,10,0.59901832,0.210051504,0.187317373,1.010719267,1.108882909,WGOM,A1+,SMAST Video Trawl
STELLWAGEN,2022,WINTER,14,48.8749297,20.40349103,8.884087289,88.86577211,1.562004762,WGOM,A1+,SMAST Video Trawl
WGOM,2020,SPRING,46,23.45449236,11.16556002,0,45.33898999,3.228742337,WGOM,A1+,SMAST Video Trawl
WGOM,2021,SPRING,48,14.02827496,8.949056618,0,31.56842593,4.419708279,WGOM,A1+,SMAST Video Trawl
WGOM,2022,SPRING,47,7.840790474,1.880837534,4.154348906,11.52723204,1.609154305,WGOM,A1+,SMAST Video Trawl
EGOM,2012,FALL,48,0.474,0.01,0.472,0.475,0.02,EGOM,A0+,Sentinel
EGOM,2013,FALL,36,0.443,0.02,0.44,0.446,0.05,EGOM,A0+,Sentinel
EGOM,2014,FALL,36,0.749,0.03,0.744,0.753,0.04,EGOM,A0+,Sentinel
EGOM,2015,FALL,35,0.652,0.02,0.649,0.655,0.03,EGOM,A0+,Sentinel
EGOM,2016,FALL,36,0.442,0.01,0.441,0.444,0.02,EGOM,A0+,Sentinel
EGOM,2017,FALL,36,0.722,0.04,0.716,0.727,0.05,EGOM,A0+,Sentinel
EGOM,2018,FALL,27,0.259,0.01,0.257,0.261,0.04,EGOM,A0+,Sentinel
EGOM,2019,FALL,36,0.442,0.01,0.441,0.444,0.02,EGOM,A0+,Sentinel
EGOM,2020,FALL,32,0.712,0.03,0.708,0.717,0.04,EGOM,A0+,Sentinel
EGOM,2021,FALL,35,0.987,0.07,0.976,0.999,0.07,EGOM,A0+,Sentinel
SNE A0,1978,SPRING,NA,6.921337405,1.746348753,3.769930454,10.58694282,0.252313773,SNE,A0,MADMF Trawl
SNE A0,1979,SPRING,NA,3.058515032,0.790630614,1.647450022,4.690838875,0.258501464,SNE,A0,MADMF Trawl
SNE A0,1980,SPRING,NA,4.50784861,1.565033887,1.787914554,7.845197321,0.34717978,SNE,A0,MADMF Trawl
SNE A0,1981,SPRING,NA,33.6743797,8.402194242,18.62386321,50.84862862,0.249512963,SNE,A0,MADMF Trawl
SNE A0,1982,SPRING,NA,16.85593694,3.617772884,10.30071997,24.64659664,0.214629,SNE,A0,MADMF Trawl
SNE A0,1983,SPRING,NA,5.774498069,1.287527401,3.493724497,8.39105015,0.222967847,SNE,A0,MADMF Trawl
SNE A0,1984,SPRING,NA,0.6219887,0.106150928,0.428579652,0.842114845,0.170663756,SNE,A0,MADMF Trawl
SNE A0,1985,SPRING,NA,4.354829652,0.989895527,2.616506458,6.432718083,0.227309816,SNE,A0,MADMF Trawl
SNE A0,1986,SPRING,NA,6.519413529,1.494620804,3.820351172,9.628099329,0.229256941,SNE,A0,MADMF Trawl
SNE A0,1987,SPRING,NA,0.188936728,0.078129624,0.051516286,0.352115313,0.41352269,SNE,A0,MADMF Trawl
SNE A0,1988,SPRING,NA,1.583344922,0.557453701,0.649996524,2.706291584,0.352073445,SNE,A0,MADMF Trawl
SNE A0,1989,SPRING,NA,0.36023564,0.125467543,0.140838042,0.626700858,0.348292975,SNE,A0,MADMF Trawl
SNE A0,1990,SPRING,NA,0.260958788,0.116925088,0.076019569,0.523351218,0.448059593,SNE,A0,MADMF Trawl
SNE A0,1991,SPRING,NA,0.226506926,0.125554167,0.026956196,0.490874204,0.554306081,SNE,A0,MADMF Trawl
SNE A0,1992,SPRING,NA,0.820816174,0.284688209,0.374785973,1.457403594,0.346835525,SNE,A0,MADMF Trawl
SNE A0,1993,SPRING,NA,8.303631599,4.410965601,2.204577576,17.82137121,0.531209212,SNE,A0,MADMF Trawl
SNE A0,1994,SPRING,NA,4.376334857,2.077010637,1.253642788,9.061798559,0.474600483,SNE,A0,MADMF Trawl
SNE A0,1995,SPRING,NA,4.080781798,1.572700098,1.607014312,7.569541753,0.385391863,SNE,A0,MADMF Trawl
SNE A0,1996,SPRING,NA,12.85301385,5.098237411,3.933233212,23.1277037,0.396656961,SNE,A0,MADMF Trawl
SNE A0,1997,SPRING,NA,1.195941255,0.362157261,0.534415056,1.931547131,0.302821949,SNE,A0,MADMF Trawl
SNE A0,1998,SPRING,NA,42.02905279,11.88712013,20.40939629,66.20975197,0.282831026,SNE,A0,MADMF Trawl
SNE A0,1999,SPRING,NA,1.245122779,0.56218634,0.354870981,2.480842,0.451510766,SNE,A0,MADMF Trawl
SNE A0,2000,SPRING,NA,0.79962885,0.21794646,0.401915718,1.241687553,0.272559526,SNE,A0,MADMF Trawl
SNE A0,2001,SPRING,NA,13.44325779,4.781040835,6.405630655,24.18749919,0.355645998,SNE,A0,MADMF Trawl
SNE A0,2002,SPRING,NA,0.397961267,0.167201308,0.105544314,0.741894507,0.420144678,SNE,A0,MADMF Trawl
SNE A0,2003,SPRING,NA,159.9776863,38.95143178,95.56458583,248.1009023,0.243480405,SNE,A0,MADMF Trawl
SNE A0,2004,SPRING,NA,8.5073337,4.17748296,2.84234391,17.65461029,0.491044916,SNE,A0,MADMF Trawl
SNE A0,2005,SPRING,NA,40.83088182,12.15027034,20.25316448,66.48249823,0.297575506,SNE,A0,MADMF Trawl
SNE A0,2006,SPRING,NA,1.962659056,0.524997755,0.994879611,3.02600935,0.2674931,SNE,A0,MADMF Trawl
SNE A0,2007,SPRING,NA,4.460736855,1.286708717,2.088575665,7.115440608,0.288452056,SNE,A0,MADMF Trawl
SNE A0,2008,SPRING,NA,41.97644202,29.47306224,7.069610973,107.6308518,0.702133407,SNE,A0,MADMF Trawl
SNE A0,2009,SPRING,NA,31.49252578,7.077564885,19.18019838,46.59201159,0.224737925,SNE,A0,MADMF Trawl
SNE A0,2010,SPRING,NA,22.4278173,10.30375646,7.165161876,45.28502645,0.459418602,SNE,A0,MADMF Trawl
SNE A0,2011,SPRING,NA,20.20224197,6.059095432,10.01828418,33.90996149,0.299921931,SNE,A0,MADMF Trawl
SNE A0,2012,SPRING,NA,0.022613253,0.020667404,0,0.06783976,0.913950932,SNE,A0,MADMF Trawl
SNE A0,2013,SPRING,NA,6.491907793,1.772421439,3.210191742,10.19364524,0.273020119,SNE,A0,MADMF Trawl
SNE A0,2014,SPRING,NA,37.09806921,23.2579475,8.000493395,88.61596513,0.626931482,SNE,A0,MADMF Trawl
SNE A0,2015,SPRING,NA,5.527758464,0.815012438,3.981229876,7.216254212,0.147439951,SNE,A0,MADMF Trawl
SNE A0,2016,SPRING,NA,1.776453199,0.571845431,0.829047392,3.053042929,0.321902897,SNE,A0,MADMF Trawl
SNE A0,2017,SPRING,NA,9.633574662,1.821821141,6.599709555,13.47275786,0.189111644,SNE,A0,MADMF Trawl
SNE A0,2018,SPRING,NA,19.78418998,5.739952481,10.48311948,31.85812055,0.290128253,SNE,A0,MADMF Trawl
SNE A0,2019,SPRING,NA,4.719032708,1.936339943,1.664704668,8.910712547,0.410325603,SNE,A0,MADMF Trawl
SNE A0,2020,SPRING,NA,NA,NA,NA,NA,NA,SNE,A0,MADMF Trawl
SNE A0,2021,SPRING,NA,13.20979496,5.783280512,4.341155679,25.79961631,0.437802444,SNE,A0,MADMF Trawl
WGOM A0,1978,FALL,NA,101.1569115,36.07792564,47.03742658,183.8242222,0.356653096,WGOM,A0,MADMF Trawl
WGOM A0,1979,FALL,NA,0.27242708,0.110539075,0.08313083,0.504885349,0.405756563,WGOM,A0,MADMF Trawl
WGOM A0,1980,FALL,NA,2.543376659,1.432775962,0.66877005,5.684578955,0.563336129,WGOM,A0,MADMF Trawl
WGOM A0,1981,FALL,NA,0.012652102,0.012632684,0,0.037956305,0.998465289,WGOM,A0,MADMF Trawl
WGOM A0,1982,FALL,NA,2.03162795,1.234920641,0.423486703,4.849801807,0.60784783,WGOM,A0,MADMF Trawl
WGOM A0,1983,FALL,NA,0.979097829,0.423325587,0.321448332,1.915209541,0.43236291,WGOM,A0,MADMF Trawl
WGOM A0,1984,FALL,NA,7.695336863,1.466477879,4.871059165,10.60179136,0.19056708,WGOM,A0,MADMF Trawl
WGOM A0,1985,FALL,NA,1.845723552,0.66649296,0.713190638,3.313617351,0.361101184,WGOM,A0,MADMF Trawl
WGOM A0,1986,FALL,NA,1.326842959,0.224817133,0.885599727,1.766548065,0.169437635,WGOM,A0,MADMF Trawl
WGOM A0,1987,FALL,NA,262.7979372,40.75139117,187.1931236,347.0721465,0.155067394,WGOM,A0,MADMF Trawl
WGOM A0,1988,FALL,NA,3.231084699,1.126063069,1.341569429,5.675464947,0.348509301,WGOM,A0,MADMF Trawl
WGOM A0,1989,FALL,NA,3.095962389,0.763312042,1.625496059,4.522948355,0.246550812,WGOM,A0,MADMF Trawl
WGOM A0,1990,FALL,NA,5.679030348,1.658727571,2.511644714,8.764068476,0.292079364,WGOM,A0,MADMF Trawl
WGOM A0,1991,FALL,NA,7.379138453,2.792955213,3.187068801,13.43821543,0.378493401,WGOM,A0,MADMF Trawl
WGOM A0,1992,FALL,NA,18.37438968,3.182666605,12.39007699,24.15640887,0.173212099,WGOM,A0,MADMF Trawl
WGOM A0,1993,FALL,NA,2.365662891,0.906206378,0.747667186,4.294538514,0.383066574,WGOM,A0,MADMF Trawl
WGOM A0,1994,FALL,NA,22.89299871,13.72350212,4.018332872,53.86652505,0.599462844,WGOM,A0,MADMF Trawl
WGOM A0,1995,FALL,NA,1.932587785,0.659671576,0.760175465,3.364666353,0.341341067,WGOM,A0,MADMF Trawl
WGOM A0,1996,FALL,NA,2.134582412,0.412639489,1.350853268,2.986136846,0.193311576,WGOM,A0,MADMF Trawl
WGOM A0,1997,FALL,NA,0.876056912,0.257549776,0.365458521,1.395773875,0.293987493,WGOM,A0,MADMF Trawl
WGOM A0,1998,FALL,NA,0.643441048,0.223227559,0.265543837,1.105155286,0.346927756,WGOM,A0,MADMF Trawl
WGOM A0,1999,FALL,NA,0.203416633,0.063915458,0.09094764,0.340075674,0.314209597,WGOM,A0,MADMF Trawl
WGOM A0,2000,FALL,NA,NA,NA,NA,NA,NA,WGOM,A0,MADMF Trawl
WGOM A0,2001,FALL,NA,35.90405605,17.71940876,8.720058306,74.87285099,0.493521087,WGOM,A0,MADMF Trawl
WGOM A0,2002,FALL,NA,0.824196692,0.350125081,0.25091711,1.631343346,0.424807676,WGOM,A0,MADMF Trawl
WGOM A0,2003,FALL,NA,140.7786433,73.26699855,12.97622626,296.1796993,0.520441147,WGOM,A0,MADMF Trawl
WGOM A0,2004,FALL,NA,510.3416574,448.9164039,19.99097898,1473.16633,0.879638958,WGOM,A0,MADMF Trawl
WGOM A0,2005,FALL,NA,29.83721316,12.00718878,8.931516352,54.62485139,0.402423267,WGOM,A0,MADMF Trawl
WGOM A0,2006,FALL,NA,0.453346432,0.210715466,0.100478618,0.948639206,0.464800097,WGOM,A0,MADMF Trawl
WGOM A0,2007,FALL,NA,6.273818084,1.587600506,3.365983707,9.550512224,0.253051728,WGOM,A0,MADMF Trawl
WGOM A0,2008,FALL,NA,0.015625,0.013877013,0,0.046875,0.888128804,WGOM,A0,MADMF Trawl
WGOM A0,2009,FALL,NA,0.189212626,0.114655512,0.012200982,0.426933865,0.605961207,WGOM,A0,MADMF Trawl
WGOM A0,2010,FALL,NA,0.020037208,0.019388112,0,0.060111625,0.967605426,WGOM,A0,MADMF Trawl
WGOM A0,2011,FALL,NA,0.750666231,0.30568831,0.224220824,1.400049904,0.407222674,WGOM,A0,MADMF Trawl
WGOM A0,2012,FALL,NA,NA,NA,NA,NA,NA,WGOM,A0,MADMF Trawl
WGOM A0,2013,FALL,NA,0.012168142,0.008685193,0,0.024336283,0.71376499,WGOM,A0,MADMF Trawl
WGOM A0,2014,FALL,NA,NA,NA,NA,NA,NA,WGOM,A0,MADMF Trawl
WGOM A0,2015,FALL,NA,0.025304204,0.023319004,0,0.075912611,0.921546661,WGOM,A0,MADMF Trawl
WGOM A0,2016,FALL,NA,NA,NA,NA,NA,NA,WGOM,A0,MADMF Trawl
WGOM A0,2017,FALL,NA,0.017252383,0.016587791,0,0.051757148,0.961478258,WGOM,A0,MADMF Trawl
WGOM A0,2018,FALL,NA,NA,NA,NA,NA,NA,WGOM,A0,MADMF Trawl
WGOM A0,2019,FALL,NA,0.039905973,0.02634749,0,0.097289823,0.660239246,WGOM,A0,MADMF Trawl
WGOM A0,1978,SPRING,NA,51.0788487,26.60531199,14.67166199,110.4084361,0.520867495,WGOM,A0,MADMF Trawl
WGOM A0,1979,SPRING,NA,44.84108745,19.54666452,11.74332565,89.36908282,0.43590969,WGOM,A0,MADMF Trawl
WGOM A0,1980,SPRING,NA,8.252553466,1.794489931,5.072579047,11.92040215,0.217446629,WGOM,A0,MADMF Trawl
WGOM A0,1981,SPRING,NA,20.48958972,6.274047743,9.242505097,33.32942434,0.306206607,WGOM,A0,MADMF Trawl
WGOM A0,1982,SPRING,NA,3.638403392,1.269536944,1.555322525,6.379879471,0.348926935,WGOM,A0,MADMF Trawl
WGOM A0,1983,SPRING,NA,4.429263813,2.09469685,1.200318651,9.259187266,0.472922124,WGOM,A0,MADMF Trawl
WGOM A0,1984,SPRING,NA,0.996538532,0.41802927,0.33524682,1.902935449,0.419481291,WGOM,A0,MADMF Trawl
WGOM A0,1985,SPRING,NA,2.301548912,1.321160748,0.597573896,5.28865079,0.574031141,WGOM,A0,MADMF Trawl
WGOM A0,1986,SPRING,NA,1.99744676,0.524125141,1.012409143,3.079305263,0.262397552,WGOM,A0,MADMF Trawl
WGOM A0,1987,SPRING,NA,0.9265196,0.301145582,0.348146548,1.538768445,0.325028831,WGOM,A0,MADMF Trawl
WGOM A0,1988,SPRING,NA,8.572920737,5.382322886,2.1273821,19.92765194,0.627828374,WGOM,A0,MADMF Trawl
WGOM A0,1989,SPRING,NA,0.582047382,0.125898258,0.339813675,0.830659799,0.216302421,WGOM,A0,MADMF Trawl
WGOM A0,1990,SPRING,NA,11.33047756,3.212054009,5.174205266,17.90998724,0.283487964,WGOM,A0,MADMF Trawl
WGOM A0,1991,SPRING,NA,0.520966999,0.174650795,0.211770142,0.881205867,0.335243491,WGOM,A0,MADMF Trawl
WGOM A0,1992,SPRING,NA,1.725566925,0.425724801,0.920133435,2.576904499,0.246715902,WGOM,A0,MADMF Trawl
WGOM A0,1993,SPRING,NA,68.23129965,27.0644095,25.842504,127.079518,0.396656808,WGOM,A0,MADMF Trawl
WGOM A0,1994,SPRING,NA,4.413484262,1.80540599,1.273000574,8.291402269,0.409065918,WGOM,A0,MADMF Trawl
WGOM A0,1995,SPRING,NA,9.392346997,3.093889333,4.227132008,16.09346519,0.329405348,WGOM,A0,MADMF Trawl
WGOM A0,1996,SPRING,NA,10.45903261,2.837229789,5.439267162,16.38413463,0.271270766,WGOM,A0,MADMF Trawl
WGOM A0,1997,SPRING,NA,9.646554133,3.011016379,4.341312578,15.57957198,0.312133881,WGOM,A0,MADMF Trawl
WGOM A0,1998,SPRING,NA,22.75167879,5.80625973,11.68340866,34.35926828,0.255201376,WGOM,A0,MADMF Trawl
WGOM A0,1999,SPRING,NA,120.4611662,44.68564796,40.95741197,215.1213192,0.370954801,WGOM,A0,MADMF Trawl
WGOM A0,2000,SPRING,NA,2.05509275,0.518329454,1.194322154,3.239905273,0.252217061,WGOM,A0,MADMF Trawl
WGOM A0,2001,SPRING,NA,25.82748853,13.07866938,5.118877254,52.61814408,0.506385643,WGOM,A0,MADMF Trawl
WGOM A0,2002,SPRING,NA,0.890946931,0.50015737,0.200053617,2.024795381,0.561377285,WGOM,A0,MADMF Trawl
WGOM A0,2003,SPRING,NA,847.0525237,417.4847002,151.7228594,1751.161269,0.492867548,WGOM,A0,MADMF Trawl
WGOM A0,2004,SPRING,NA,90.23468523,43.58487227,21.57275447,186.6816795,0.483016837,WGOM,A0,MADMF Trawl
WGOM A0,2005,SPRING,NA,159.3612477,34.13443578,94.42055561,229.6167632,0.214195335,WGOM,A0,MADMF Trawl
WGOM A0,2006,SPRING,NA,795.3911781,275.7251263,324.9176495,1380.122706,0.346653488,WGOM,A0,MADMF Trawl
WGOM A0,2007,SPRING,NA,37.9276575,11.81963146,18.35591612,63.51983922,0.311636211,WGOM,A0,MADMF Trawl
WGOM A0,2008,SPRING,NA,366.5146386,73.81848544,223.5939747,502.2808609,0.20140665,WGOM,A0,MADMF Trawl
WGOM A0,2009,SPRING,NA,363.6413651,126.2663595,149.0521416,634.8431044,0.347227713,WGOM,A0,MADMF Trawl
WGOM A0,2010,SPRING,NA,1.811204172,0.529821558,0.79400403,2.922556199,0.29252448,WGOM,A0,MADMF Trawl
WGOM A0,2011,SPRING,NA,43.90459532,23.86265186,8.896462728,97.28268593,0.543511486,WGOM,A0,MADMF Trawl
WGOM A0,2012,SPRING,NA,4.891136615,1.646019931,2.073337498,8.384567843,0.336531171,WGOM,A0,MADMF Trawl
WGOM A0,2013,SPRING,NA,3.906966393,1.41969655,1.854311427,7.096879955,0.363375675,WGOM,A0,MADMF Trawl
WGOM A0,2014,SPRING,NA,16.77185393,2.895971506,11.45574416,22.47421533,0.172668539,WGOM,A0,MADMF Trawl
WGOM A0,2015,SPRING,NA,3.347829751,1.415089359,1.23508089,6.468976243,0.422688567,WGOM,A0,MADMF Trawl
WGOM A0,2016,SPRING,NA,6.326634271,1.949268511,3.171250362,10.76988638,0.308105136,WGOM,A0,MADMF Trawl
WGOM A0,2017,SPRING,NA,83.93535568,32.84073228,34.16384392,154.6158351,0.391262204,WGOM,A0,MADMF Trawl
WGOM A0,2018,SPRING,NA,11.60164086,2.325151684,7.378795927,16.44461181,0.200415761,WGOM,A0,MADMF Trawl
WGOM A0,2019,SPRING,NA,262.8826259,114.2247281,106.7375049,511.9364554,0.434508472,WGOM,A0,MADMF Trawl
WGOM A0,2020,SPRING,NA,NA,NA,NA,NA,NA,WGOM,A0,MADMF Trawl
WGOM A0,2021,SPRING,NA,80.62228102,20.73369836,44.5810345,123.910934,0.257170823,WGOM,A0,MADMF Trawl
WGOM A1PLUS,1978,FALL,NA,3.818172321,0.815270969,2.209250707,5.351779975,0.21352388,WGOM,A1PLUS,MADMF Trawl
WGOM A1PLUS,1979,FALL,NA,3.29357364,1.148442023,1.271825085,5.635470742,0.34869177,WGOM,A1PLUS,MADMF Trawl
WGOM A1PLUS,1980,FALL,NA,5.21780158,1.945740051,1.760323704,9.576358005,0.372904186,WGOM,A1PLUS,MADMF Trawl
WGOM A1PLUS,1981,FALL,NA,7.351009403,3.520237778,1.360601032,15.16816061,0.478878149,WGOM,A1PLUS,MADMF Trawl
WGOM A1PLUS,1982,FALL,NA,0.981886062,0.773294096,0.066687408,2.660469096,0.787559908,WGOM,A1PLUS,MADMF Trawl
WGOM A1PLUS,1983,FALL,NA,0.231352718,0.142068476,0.014459545,0.535364649,0.614077402,WGOM,A1PLUS,MADMF Trawl
WGOM A1PLUS,1984,FALL,NA,0.213495575,0.074709213,0.091142541,0.376993126,0.349933306,WGOM,A1PLUS,MADMF Trawl
WGOM A1PLUS,1985,FALL,NA,0.249606128,0.135971227,0.052649368,0.555482158,0.544743145,WGOM,A1PLUS,MADMF Trawl
WGOM A1PLUS,1986,FALL,NA,0.787776549,0.537381485,0.170353982,1.961891593,0.682149634,WGOM,A1PLUS,MADMF Trawl
WGOM A1PLUS,1987,FALL,NA,0.699619955,0.419337467,0.050608407,1.695151599,0.59937894,WGOM,A1PLUS,MADMF Trawl
WGOM A1PLUS,1988,FALL,NA,2.80517146,1.098381991,0.772963046,5.012985689,0.391556098,WGOM,A1PLUS,MADMF Trawl
WGOM A1PLUS,1989,FALL,NA,1.508642146,0.231230244,1.073700221,1.956453955,0.153270439,WGOM,A1PLUS,MADMF Trawl
WGOM A1PLUS,1990,FALL,NA,3.494108675,2.123208856,0.148295664,7.915016593,0.607653927,WGOM,A1PLUS,MADMF Trawl
WGOM A1PLUS,1991,FALL,NA,1.484299578,0.940758165,0.148737094,3.576177113,0.633806126,WGOM,A1PLUS,MADMF Trawl
WGOM A1PLUS,1992,FALL,NA,0.800852632,0.393749914,0.115676359,1.576591322,0.491663382,WGOM,A1PLUS,MADMF Trawl
WGOM A1PLUS,1993,FALL,NA,4.211184418,1.687221468,1.111404086,7.357392873,0.400652477,WGOM,A1PLUS,MADMF Trawl
WGOM A1PLUS,1994,FALL,NA,5.539892146,4.832532225,0.303899912,15.6017895,0.872315218,WGOM,A1PLUS,MADMF Trawl
WGOM A1PLUS,1995,FALL,NA,1.672953061,1.457618122,0,4.812391565,0.87128453,WGOM,A1PLUS,MADMF Trawl
WGOM A1PLUS,1996,FALL,NA,0.1633066,0.074335481,0.036273968,0.313677176,0.455189694,WGOM,A1PLUS,MADMF Trawl
WGOM A1PLUS,1997,FALL,NA,0.018367441,0.017641566,0,0.055102323,0.96048036,WGOM,A1PLUS,MADMF Trawl
WGOM A1PLUS,1998,FALL,NA,0.858924262,0.528911215,0.215523599,2.004618034,0.615783298,WGOM,A1PLUS,MADMF Trawl
WGOM A1PLUS,1999,FALL,NA,2.128000553,1.07504161,0.475473935,4.409863224,0.505188595,WGOM,A1PLUS,MADMF Trawl
WGOM A1PLUS,2000,FALL,NA,0.557646571,0.311895665,0.036712643,1.200988431,0.559307061,WGOM,A1PLUS,MADMF Trawl
WGOM A1PLUS,2001,FALL,NA,0.302521202,0.203611362,0.022492625,0.762490782,0.673048236,WGOM,A1PLUS,MADMF Trawl
WGOM A1PLUS,2002,FALL,NA,2.261777462,1.613952489,0.173488749,5.872578553,0.71357705,WGOM,A1PLUS,MADMF Trawl
WGOM A1PLUS,2003,FALL,NA,2.381471239,1.582651517,0.395685149,5.944691648,0.664568814,WGOM,A1PLUS,MADMF Trawl
WGOM A1PLUS,2004,FALL,NA,8.713016224,2.848544968,3.432355042,14.64483177,0.326929836,WGOM,A1PLUS,MADMF Trawl
WGOM A1PLUS,2005,FALL,NA,2.759379609,1.465583867,0.314656504,5.284934106,0.531128034,WGOM,A1PLUS,MADMF Trawl
WGOM A1PLUS,2006,FALL,NA,5.82046963,2.729439896,1.032236147,11.32592392,0.468938087,WGOM,A1PLUS,MADMF Trawl
WGOM A1PLUS,2007,FALL,NA,0.288109724,0.214263594,0.020022124,0.769182601,0.74368748,WGOM,A1PLUS,MADMF Trawl
WGOM A1PLUS,2008,FALL,NA,5.820381637,2.318555166,1.565331167,10.75027367,0.398351055,WGOM,A1PLUS,MADMF Trawl
WGOM A1PLUS,2009,FALL,NA,5.106901865,2.443076549,0.688466538,9.658483032,0.478387213,WGOM,A1PLUS,MADMF Trawl
WGOM A1PLUS,2010,FALL,NA,2.803214669,1.269437147,0.318803843,5.195787212,0.452850494,WGOM,A1PLUS,MADMF Trawl
WGOM A1PLUS,2011,FALL,NA,1.898342863,0.70252282,0.70596115,3.404374767,0.370071621,WGOM,A1PLUS,MADMF Trawl
WGOM A1PLUS,2012,FALL,NA,1.315818584,1.169288325,0.014459545,3.831779393,0.888639467,WGOM,A1PLUS,MADMF Trawl
WGOM A1PLUS,2013,FALL,NA,0,0,0,0,0,WGOM,A1PLUS,MADMF Trawl
WGOM A1PLUS,2014,FALL,NA,0.220037775,0.144069292,0,0.5483284,0.654747994,WGOM,A1PLUS,MADMF Trawl
WGOM A1PLUS,2015,FALL,NA,0.860924382,0.698920049,0,2.480810536,0.811825131,WGOM,A1PLUS,MADMF Trawl
WGOM A1PLUS,2016,FALL,NA,0.01465708,0.012222056,0,0.043971239,0.833867096,WGOM,A1PLUS,MADMF Trawl
WGOM A1PLUS,2017,FALL,NA,0.172523826,0.115960477,0,0.414057182,0.672141811,WGOM,A1PLUS,MADMF Trawl
WGOM A1PLUS,2018,FALL,NA,0.335339568,0.15343575,0.078908555,0.677961627,0.457553371,WGOM,A1PLUS,MADMF Trawl
WGOM A1PLUS,2019,FALL,NA,0.016685103,0.01359252,0,0.05005531,0.81465002,WGOM,A1PLUS,MADMF Trawl
WGOM A1PLUS,1978,SPRING,NA,22.66176616,4.297742188,14.40282114,31.13058404,0.189647275,WGOM,A1PLUS,MADMF Trawl
WGOM A1PLUS,1979,SPRING,NA,31.06515794,7.623928479,18.06962474,46.41943757,0.245417342,WGOM,A1PLUS,MADMF Trawl
WGOM A1PLUS,1980,SPRING,NA,49.43151272,6.416417012,36.72765106,61.59640867,0.129804181,WGOM,A1PLUS,MADMF Trawl
WGOM A1PLUS,1981,SPRING,NA,39.20309557,9.527570973,22.41178143,58.57315507,0.243031088,WGOM,A1PLUS,MADMF Trawl
WGOM A1PLUS,1982,SPRING,NA,17.90829185,4.404957181,9.964513159,26.70117395,0.245973051,WGOM,A1PLUS,MADMF Trawl
WGOM A1PLUS,1983,SPRING,NA,41.4429473,6.977730051,28.4921951,54.60145174,0.168369542,WGOM,A1PLUS,MADMF Trawl
WGOM A1PLUS,1984,SPRING,NA,8.297114676,2.25931463,4.488738938,12.9933974,0.272301242,WGOM,A1PLUS,MADMF Trawl
WGOM A1PLUS,1985,SPRING,NA,5.740770218,1.345130312,3.119440983,8.3430716,0.234311819,WGOM,A1PLUS,MADMF Trawl
WGOM A1PLUS,1986,SPRING,NA,18.50692113,10.19392298,3.373410715,33.42842399,0.550816795,WGOM,A1PLUS,MADMF Trawl
WGOM A1PLUS,1987,SPRING,NA,16.63858989,3.657785765,9.790868797,24.31543128,0.219837486,WGOM,A1PLUS,MADMF Trawl
WGOM A1PLUS,1988,SPRING,NA,20.68184739,4.082108454,13.03305624,29.15777513,0.197376394,WGOM,A1PLUS,MADMF Trawl
WGOM A1PLUS,1989,SPRING,NA,37.75285306,10.75964894,18.68163659,59.9217191,0.285002273,WGOM,A1PLUS,MADMF Trawl
WGOM A1PLUS,1990,SPRING,NA,20.43196548,7.31397229,8.367675815,35.97150274,0.357967142,WGOM,A1PLUS,MADMF Trawl
WGOM A1PLUS,1991,SPRING,NA,9.118261431,2.044313315,5.400243939,13.20435265,0.224199902,WGOM,A1PLUS,MADMF Trawl
WGOM A1PLUS,1992,SPRING,NA,11.74548304,3.488241238,5.28212977,18.37350376,0.296985763,WGOM,A1PLUS,MADMF Trawl
WGOM A1PLUS,1993,SPRING,NA,12.89447783,3.922781974,6.330852383,21.7937162,0.304221856,WGOM,A1PLUS,MADMF Trawl
WGOM A1PLUS,1994,SPRING,NA,13.73799946,3.896498129,6.570111636,21.57033759,0.283629224,WGOM,A1PLUS,MADMF Trawl
WGOM A1PLUS,1995,SPRING,NA,10.06340891,3.640042729,4.622880454,18.02404456,0.361710705,WGOM,A1PLUS,MADMF Trawl
WGOM A1PLUS,1996,SPRING,NA,3.711152813,0.952789974,2.053527329,5.648708452,0.256736928,WGOM,A1PLUS,MADMF Trawl
WGOM A1PLUS,1997,SPRING,NA,4.823820059,0.937993751,3.227589205,6.731992427,0.194450402,WGOM,A1PLUS,MADMF Trawl
WGOM A1PLUS,1998,SPRING,NA,4.474200744,1.217637745,2.174480734,7.022205119,0.272146427,WGOM,A1PLUS,MADMF Trawl
WGOM A1PLUS,1999,SPRING,NA,14.31575973,6.917099309,3.920393027,30.13420292,0.483180735,WGOM,A1PLUS,MADMF Trawl
WGOM A1PLUS,2000,SPRING,NA,41.89715616,14.77272262,17.27168067,76.21295526,0.352594877,WGOM,A1PLUS,MADMF Trawl
WGOM A1PLUS,2001,SPRING,NA,13.30005318,5.3162886,5.085031426,24.70327403,0.399719349,WGOM,A1PLUS,MADMF Trawl
WGOM A1PLUS,2002,SPRING,NA,24.15033399,3.130866536,18.43637017,30.59779449,0.129640714,WGOM,A1PLUS,MADMF Trawl
WGOM A1PLUS,2003,SPRING,NA,23.6357191,10.24741377,9.263357469,47.00069338,0.433556251,WGOM,A1PLUS,MADMF Trawl
WGOM A1PLUS,2004,SPRING,NA,17.73297666,3.902686315,10.38609673,25.63448767,0.220080722,WGOM,A1PLUS,MADMF Trawl
WGOM A1PLUS,2005,SPRING,NA,14.40577085,2.762302048,9.386585062,20.01948707,0.191749687,WGOM,A1PLUS,MADMF Trawl
WGOM A1PLUS,2006,SPRING,NA,29.3819901,5.14745349,20.27501193,40.12168955,0.175190771,WGOM,A1PLUS,MADMF Trawl
WGOM A1PLUS,2007,SPRING,NA,22.5568887,4.955946765,13.52037716,32.71941652,0.219708792,WGOM,A1PLUS,MADMF Trawl
WGOM A1PLUS,2008,SPRING,NA,21.30759324,5.837436106,10.90123994,33.30486043,0.273960369,WGOM,A1PLUS,MADMF Trawl
WGOM A1PLUS,2009,SPRING,NA,13.05374658,4.552943245,5.71856086,23.23863727,0.348784406,WGOM,A1PLUS,MADMF Trawl
WGOM A1PLUS,2010,SPRING,NA,6.169395939,1.539545003,3.118195833,9.099102369,0.249545501,WGOM,A1PLUS,MADMF Trawl
WGOM A1PLUS,2011,SPRING,NA,13.42914099,2.672047639,8.434724637,18.83298724,0.198973832,WGOM,A1PLUS,MADMF Trawl
WGOM A1PLUS,2012,SPRING,NA,4.356001106,1.743525236,1.625603913,8.466366052,0.400258217,WGOM,A1PLUS,MADMF Trawl
WGOM A1PLUS,2013,SPRING,NA,0.958692188,0.335327125,0.335154192,1.620883952,0.349775589,WGOM,A1PLUS,MADMF Trawl
WGOM A1PLUS,2014,SPRING,NA,1.861666403,0.417884435,1.081022835,2.725162966,0.224467947,WGOM,A1PLUS,MADMF Trawl
WGOM A1PLUS,2015,SPRING,NA,1.07384508,0.301933178,0.555064544,1.703335621,0.281170146,WGOM,A1PLUS,MADMF Trawl
WGOM A1PLUS,2016,SPRING,NA,0.818900126,0.269502655,0.322550734,1.367821175,0.329103203,WGOM,A1PLUS,MADMF Trawl
WGOM A1PLUS,2017,SPRING,NA,1.517632105,0.557197673,0.597685554,2.748108221,0.367149371,WGOM,A1PLUS,MADMF Trawl
WGOM A1PLUS,2018,SPRING,NA,1.236768463,0.444509857,0.451224304,2.171722734,0.359412348,WGOM,A1PLUS,MADMF Trawl
WGOM A1PLUS,2019,SPRING,NA,1.251774521,0.805330772,0.210279709,3.002367619,0.643351306,WGOM,A1PLUS,MADMF Trawl
WGOM A1PLUS,2020,SPRING,NA,NA,NA,NA,NA,NA,WGOM,A1PLUS,MADMF Trawl
WGOM A1PLUS,2021,SPRING,NA,2.811117257,1.647414064,0.540583518,6.613078678,0.586035342,WGOM,A1PLUS,MADMF Trawl
WGOM,2004,SPRING,479,1884.785112,313.1312837,1544.355278,2759.327635,0.151773234,WGOM,A0+,MADMF Industry
WGOM,2005,SPRING,484,1559.777345,227.4467432,1369.552591,2123.136794,0.133941514,WGOM,A0+,MADMF Industry
WGOM,2006,SPRING,286,2489.381416,398.6833753,1899.042589,3303.956439,0.152352669,WGOM,A0+,MADMF Industry
WGOM,2007,SPRING,270,2518.886477,493.4348713,1944.012164,4056.425706,0.174685432,WGOM,A0+,MADMF Industry
WGOM,2008,SPRING,NA,NA,NA,NA,NA,NA,WGOM,A0+,MADMF Industry
WGOM,2009,SPRING,NA,NA,NA,NA,NA,NA,WGOM,A0+,MADMF Industry
WGOM,2010,SPRING,NA,NA,NA,NA,NA,NA,WGOM,A0+,MADMF Industry
WGOM,2011,SPRING,NA,NA,NA,NA,NA,NA,WGOM,A0+,MADMF Industry
WGOM,2012,SPRING,NA,NA,NA,NA,NA,NA,WGOM,A0+,MADMF Industry
WGOM,2013,SPRING,NA,NA,NA,NA,NA,NA,WGOM,A0+,MADMF Industry
WGOM,2014,SPRING,NA,NA,NA,NA,NA,NA,WGOM,A0+,MADMF Industry
WGOM,2015,SPRING,NA,NA,NA,NA,NA,NA,WGOM,A0+,MADMF Industry
WGOM,2016,SPRING,163,411.7248368,79.8748059,340.1609286,613.3020497,0.171399094,WGOM,A0+,MADMF Industry
WGOM,2017,SPRING,236,221.8833023,45.548491,170.4045959,357.7414591,0.184523964,WGOM,A0+,MADMF Industry
WGOM,2018,SPRING,237,156.2667738,26.8629789,116.599995,211.5808673,0.16707465,WGOM,A0+,MADMF Industry
SNE,1994,ALL YEAR,NA,0.023809524,NA,NA,NA,NA,SNE,A1+,URI GSO
SNE,1995,ALL YEAR,NA,0,NA,NA,NA,NA,SNE,A1+,URI GSO
SNE,1996,ALL YEAR,NA,0.008333333,NA,NA,NA,NA,SNE,A1+,URI GSO
SNE,1997,ALL YEAR,NA,0.070833333,NA,NA,NA,NA,SNE,A1+,URI GSO
SNE,1998,ALL YEAR,NA,0,NA,NA,NA,NA,SNE,A1+,URI GSO
SNE,1999,ALL YEAR,NA,0,NA,NA,NA,NA,SNE,A1+,URI GSO
SNE,2000,ALL YEAR,NA,0,NA,NA,NA,NA,SNE,A1+,URI GSO
SNE,2001,ALL YEAR,NA,0,NA,NA,NA,NA,SNE,A1+,URI GSO
SNE,2002,ALL YEAR,NA,0.010416667,NA,NA,NA,NA,SNE,A1+,URI GSO
SNE,2003,ALL YEAR,NA,0,NA,NA,NA,NA,SNE,A1+,URI GSO
SNE,2004,ALL YEAR,NA,0,NA,NA,NA,NA,SNE,A1+,URI GSO
SNE,2005,ALL YEAR,NA,0,NA,NA,NA,NA,SNE,A1+,URI GSO
SNE,2006,ALL YEAR,NA,0.008333333,NA,NA,NA,NA,SNE,A1+,URI GSO
SNE,2007,ALL YEAR,NA,0,NA,NA,NA,NA,SNE,A1+,URI GSO
SNE,2008,ALL YEAR,NA,0.008333333,NA,NA,NA,NA,SNE,A1+,URI GSO
SNE,2009,ALL YEAR,NA,0.020833333,NA,NA,NA,NA,SNE,A1+,URI GSO
SNE,2010,ALL YEAR,NA,0.020833333,NA,NA,NA,NA,SNE,A1+,URI GSO
SNE,2011,ALL YEAR,NA,0.020833333,NA,NA,NA,NA,SNE,A1+,URI GSO
SNE,2012,ALL YEAR,NA,0.016666667,NA,NA,NA,NA,SNE,A1+,URI GSO
SNE,2013,ALL YEAR,NA,0.010416667,NA,NA,NA,NA,SNE,A1+,URI GSO
SNE,2014,ALL YEAR,NA,0,NA,NA,NA,NA,SNE,A1+,URI GSO
SNE,2015,ALL YEAR,NA,0,NA,NA,NA,NA,SNE,A1+,URI GSO
SNE,2016,ALL YEAR,NA,0.010416667,NA,NA,NA,NA,SNE,A1+,URI GSO
SNE,2017,ALL YEAR,NA,0.016666667,NA,NA,NA,NA,SNE,A1+,URI GSO
SNE,2018,ALL YEAR,NA,0.034722222,NA,NA,NA,NA,SNE,A1+,URI GSO
SNE,2019,ALL YEAR,NA,0.051388889,NA,NA,NA,NA,SNE,A1+,URI GSO
SNE,2020,ALL YEAR,NA,0.020833333,NA,NA,NA,NA,SNE,A1+,URI GSO
SNE,2021,ALL YEAR,NA,0.020833333,NA,NA,NA,NA,SNE,A1+,URI GSO
