INDEX_NAME,YEAR,SEASON,TOTAL_ABUNDANCE,TOTAL_ABUNDANCE_CV,Age-0,Age-1,Age-2,Age-3,Age-4,Age-5,Age-6,Age-7,Age-8,Age-9+,UNKNOWN,STOCK,SURVEY
NEFSC_BLLS_GOM_SPRING,2014,SPRING,5.547133153,0.28260104,0,0.008645712,0.224179304,1.114037615,2.800187586,0.875977245,0.490321606,0.024015506,0,9.29E-05,NA,WGOM,NEFSC BLLS
NEFSC_BLLS_GOM_SPRING,2015,SPRING,4.725810476,0.128313052,0,0.061386295,1.425870209,1.046470266,1.685360497,0.452501831,0.043775503,0.01044015,0,0,NA,WGOM,NEFSC BLLS
NEFSC_BLLS_GOM_SPRING,2016,SPRING,3.885163258,0.259564057,0,0.0036744,0.334546834,2.873522498,0.324929886,0.211950187,0.009433256,0.104229437,0.001413174,0,NA,WGOM,NEFSC BLLS
NEFSC_BLLS_GOM_SPRING,2017,SPRING,2.118228847,0.231088335,0,0.003304726,0.13064051,0.50497138,0.98053559,0.385094968,0.107777404,8.37E-07,0.005903429,0,NA,WGOM,NEFSC BLLS
NEFSC_BLLS_GOM_SPRING,2018,SPRING,4.05802197,0.236311887,0,3.38E-09,0.021540482,0.150629228,1.090179723,2.341694372,0.230098873,0.223879295,0,0,NA,WGOM,NEFSC BLLS
NEFSC_BLLS_GOM_SPRING,2019,SPRING,2.221742835,0.20519235,0,0,0.576215006,0.242869669,0.298644639,0.396229584,0.699812534,0,0.007971404,0,NA,WGOM,NEFSC BLLS
NEFSC_BLLS_GOM_SPRING,2021,SPRING,2.676825893,0.527119454,0,7.72E-06,0.905057957,0.781486192,0.990274027,1.12E-09,0,0,0,0,NA,WGOM,NEFSC BLLS
NEFSC_BLLS_GOM_FALL,2014,FALL,2.464877615,0.293505258,0,0.054000205,0.53461197,1.099066829,0.703050719,0.074144545,3.61E-07,0,0,0,NA,WGOM,NEFSC BLLS
NEFSC_BLLS_GOM_FALL,2015,FALL,3.265227,0.182539977,0,0.024909374,1.29341335,0.715533212,0.60583765,0.546083003,0.079446455,0,0,0,NA,WGOM,NEFSC BLLS
NEFSC_BLLS_GOM_FALL,2016,FALL,3.954749526,0.20627447,8.82E-07,0,0.429374719,2.738619753,0.246450802,0.522347773,0.009258893,0.008691912,0,0,NA,WGOM,NEFSC BLLS
NEFSC_BLLS_GOM_FALL,2017,FALL,3.051944065,0.292447335,3.83E-06,0.015015033,0.278150931,0.837906833,1.591824174,0.133623324,0.121212262,0.074207673,0,0,NA,WGOM,NEFSC BLLS
NEFSC_BLLS_GOM_FALL,2018,FALL,3.02533643,0.233078835,0,0.035040307,0.352491123,0.868624495,0.522099145,1.173915357,0.027336858,0.045829147,0,0,NA,WGOM,NEFSC BLLS
NEFSC_BLLS_GOM_FALL,2019,FALL,1.830619792,0.241138044,0.000140506,0,0.58735684,0.228289052,0.253364582,0.383623651,0.15859496,0,0.219250202,0,NA,WGOM,NEFSC BLLS
NEFSC_BLLS_GOM_FALL,2020,FALL,1.626221475,0.254516269,NA,NA,NA,NA,NA,NA,NA,NA,NA,NA,NA,WGOM,NEFSC BLLS
NEFSC_BLLS_GOM_FALL,2021,FALL,0.638870194,0.287482818,0,0.054717333,0.219324467,0.120768219,0.228150631,0,0,0,0,0,NA,WGOM,NEFSC BLLS
NMFS_BTS_WGOM_FALL,1970,FALL,4.2866,0.33,1.0816,1.0005,0.5872,0.6643,0.4505,0.4583,4.26E-02,0.6568,0.1136,0.3128,NA,WGOM,NEFSC BTS
NMFS_BTS_WGOM_FALL,1971,FALL,4.134,0.19,1.8897,0.3404,0.4012,0.3208,0.7786,0.7573,0.5643,0.2345,0.3721,0.3648,NA,WGOM,NEFSC BTS
NMFS_BTS_WGOM_FALL,1972,FALL,19.0999,0.33,0.2009,11.4386,2.5839,2.6754,0.5383,0.3382,0.7348,0.1626,0.3127,0.3154,NA,WGOM,NEFSC BTS
NMFS_BTS_WGOM_FALL,1973,FALL,10.0638,0.17,0.7664,0.5492,6.2665,0.4616,1.2617,0.2529,0.292,0.2275,0.1,0.6524,NA,WGOM,NEFSC BTS
NMFS_BTS_WGOM_FALL,1974,FALL,5.1835,0.22,0.7554,1.5215,0.593,2.3081,0.1363,0.2898,0.126,0,0.1436,6.52E-02,NA,WGOM,NEFSC BTS
NMFS_BTS_WGOM_FALL,1975,FALL,8.8641,0.32,2.1859,1.1459,3.4183,0.6941,2.9471,0.3717,0.2137,2.06E-02,0,5.27E-02,NA,WGOM,NEFSC BTS
NMFS_BTS_WGOM_FALL,1976,FALL,6.9462,0.3,0,1.2417,1.9509,1.5235,0.4013,1.2754,0.1234,0.2935,2.74E-02,0.1091,NA,WGOM,NEFSC BTS
NMFS_BTS_WGOM_FALL,1977,FALL,4.58,0.12,6.08E-02,0.1451,1.3837,0.6651,1.2008,0.1079,0.8144,4.81E-02,5.72E-02,0.1577,NA,WGOM,NEFSC BTS
NMFS_BTS_WGOM_FALL,1978,FALL,7.3982,0.13,0.4186,1.0681,0.4976,2.0577,1.1885,1.677,0.2237,0.4536,5.47E-02,0.1773,NA,WGOM,NEFSC BTS
NMFS_BTS_WGOM_FALL,1979,FALL,4.1466,0.11,1.17E-02,1.0503,1.0156,9.88E-02,0.7933,0.3182,0.53,5.71E-02,0.1834,9.99E-02,NA,WGOM,NEFSC BTS
NMFS_BTS_WGOM_FALL,1980,FALL,7.7504,0.28,8.12E-02,1.8492,3.1695,1.6252,0.3985,0.3092,0.1591,0.1078,3.72E-02,9.47E-02,NA,WGOM,NEFSC BTS
NMFS_BTS_WGOM_FALL,1981,FALL,7.5888,0.46,0,1.9986,2.2773,1.2644,0.9958,0.1129,0.6835,8.29E-02,0.1385,3.49E-02,NA,WGOM,NEFSC BTS
NMFS_BTS_WGOM_FALL,1982,FALL,10.5942,0.55,0,1.4344,6.2105,1.6057,0.9131,0.3469,0,5.80E-02,2.56E-02,0,NA,WGOM,NEFSC BTS
NMFS_BTS_WGOM_FALL,1983,FALL,4.1445,0.27,0.8189,1.1673,1.66,0.8987,0.1404,5.63E-02,7.77E-02,0,0,0.1441,NA,WGOM,NEFSC BTS
NMFS_BTS_WGOM_FALL,1984,FALL,3.4427,0.28,0,0.6374,1.2631,0.898,0.2775,8.14E-02,0.1773,3.95E-02,0,6.85E-02,NA,WGOM,NEFSC BTS
NMFS_BTS_WGOM_FALL,1985,FALL,2.0884,0.22,0.4374,0.3416,0.7071,0.5244,0.1334,0.2442,1.27E-02,0,4.39E-02,8.11E-02,NA,WGOM,NEFSC BTS
NMFS_BTS_WGOM_FALL,1986,FALL,1.5397,0.21,0,0.1894,0.3814,0.4622,0.2929,8.49E-02,4.99E-02,0,0,7.90E-02,NA,WGOM,NEFSC BTS
NMFS_BTS_WGOM_FALL,1987,FALL,4.1949,0.26,0.2392,0.8243,2.2635,0.6855,0.3176,0.104,0,0,0,0,NA,WGOM,NEFSC BTS
NMFS_BTS_WGOM_FALL,1988,FALL,7.1925,0.32,0.7095,2.553,3.0196,1.1044,0.3617,0.1538,0,0,0,0,NA,WGOM,NEFSC BTS
NMFS_BTS_WGOM_FALL,1989,FALL,6.7386,0.29,2.54E-02,2.5092,2.63,1.2447,0.2856,6.91E-02,0,0,0,0,NA,WGOM,NEFSC BTS
NMFS_BTS_WGOM_FALL,1990,FALL,5.6402,0.24,0,0.2938,1.2287,2.8955,0.7063,0.3907,6.60E-02,3.58E-02,0,2.34E-02,NA,WGOM,NEFSC BTS
NMFS_BTS_WGOM_FALL,1991,FALL,1.6085,0.2,3.84E-02,0.4421,0.2671,0.3474,0.4921,5.98E-02,0,0,0,0,NA,WGOM,NEFSC BTS
NMFS_BTS_WGOM_FALL,1992,FALL,2.0781,0.21,7.01E-02,0.5016,0.8858,0.2035,0.1246,0.3108,5.18E-02,0,0,0,NA,WGOM,NEFSC BTS
NMFS_BTS_WGOM_FALL,1993,FALL,2.85,0.43,0.2101,1.1338,1.09,0.4917,2.08E-02,3.35E-02,5.75E-02,0,0,2.27E-02,NA,WGOM,NEFSC BTS
NMFS_BTS_WGOM_FALL,1994,FALL,5.0249,0.28,9.82E-02,1.0437,2.1213,1.6203,0.2264,6.60E-03,0,0,6.60E-03,0,NA,WGOM,NEFSC BTS
NMFS_BTS_WGOM_FALL,1995,FALL,4.7331,0.36,8.70E-03,0.2642,1.7587,2.0586,0.5446,9.32E-02,1.38E-02,0,0,0,NA,WGOM,NEFSC BTS
NMFS_BTS_WGOM_FALL,1996,FALL,1.5503,0.25,1.74E-02,0.3006,0.4782,0.3163,0.3715,7.36E-02,1.01E-02,0,0,0,NA,WGOM,NEFSC BTS
NMFS_BTS_WGOM_FALL,1997,FALL,1.2805,0.3,6.60E-03,0.5044,0.3486,0.1303,0.1885,0.1087,0,0,0,0,NA,WGOM,NEFSC BTS
NMFS_BTS_WGOM_FALL,1998,FALL,1.4879,0.28,9.51E-02,0.4177,0.7597,0.2058,8.68E-02,8.20E-03,9.70E-03,0,0,0,NA,WGOM,NEFSC BTS
NMFS_BTS_WGOM_FALL,1999,FALL,2.2988,0.19,0.1027,0.5319,0.4575,0.7015,0.3979,0.1866,2.34E-02,0,0,0,NA,WGOM,NEFSC BTS
NMFS_BTS_WGOM_FALL,2000,FALL,3.5818,0.33,0,1.1293,1.4219,0.3768,0.5221,0.1057,1.24E-02,0,1.36E-02,0,NA,WGOM,NEFSC BTS
NMFS_BTS_WGOM_FALL,2001,FALL,2.5834,0.26,2.64E-02,0,0.6727,0.9602,0.3704,0.3402,0.1145,9.63E-02,0,2.91E-02,NA,WGOM,NEFSC BTS
NMFS_BTS_WGOM_FALL,2002,FALL,7.6764,0.48,0.1637,0.7456,0.5264,1.808,2.9574,0.9877,0.5959,0,5.54E-02,0,NA,WGOM,NEFSC BTS
NMFS_BTS_WGOM_FALL,2003,FALL,2.53,0.3,0.8565,0.69,0.4868,0.1959,0.6116,0.4053,4.80E-02,6.52E-02,0,2.72E-02,NA,WGOM,NEFSC BTS
NMFS_BTS_WGOM_FALL,2004,FALL,2.7,0.31,3.2859,1.1166,0.2957,0.529,0.1977,0.2939,0.1664,0.06,1.50E-02,2.57E-02,NA,WGOM,NEFSC BTS
NMFS_BTS_WGOM_FALL,2005,FALL,1.8083,7.00E-02,7.66E-02,0.1829,0.7073,0.1528,0.4808,2.72E-02,0.1058,9.86E-02,2.72E-02,2.57E-02,NA,WGOM,NEFSC BTS
NMFS_BTS_WGOM_FALL,2006,FALL,4.4772,0.28,0.2156,1.7663,0.7786,1.1041,0.3083,0.338,4.49E-02,6.78E-02,5.13E-02,1.79E-02,NA,WGOM,NEFSC BTS
NMFS_BTS_WGOM_FALL,2007,FALL,2.4718,0.36,5.18E-02,0.3834,1.0107,0.4641,0.5005,2.39E-02,8.92E-02,0,0,0,NA,WGOM,NEFSC BTS
NMFS_BTS_WGOM_FALL,2008,FALL,4.9037,0.41,2.4653,1.2863,2.0563,1.1222,0.1791,0.1939,2.88E-02,0,0,3.71E-02,NA,WGOM,NEFSC BTS
NMFS_BTS_WGOM_FALL,2009,FALL,4.5169,0.38,5.13E-02,1.4266,2.1493,0.478,0.3319,5.91E-02,6.05E-02,0,1.15E-02,0,NA,WGOM,NEFSC BTS
NMFS_BTS_WGOM_FALL,2010,FALL,1.5558,0.23,1.50E-03,0.2534,0.5606,0.3233,0.2373,0.1338,3.11E-02,0,0,1.63E-02,NA,WGOM,NEFSC BTS
NMFS_BTS_WGOM_FALL,2011,FALL,1.4772,0.23,4.27E-02,0.1691,0.4168,0.2801,0.3347,0.1556,8.49E-02,6.00E-03,0.03,0,NA,WGOM,NEFSC BTS
NMFS_BTS_WGOM_FALL,2012,FALL,0.8518,0.27,7.30E-03,4.15E-02,0.2081,0.3654,0.1659,3.82E-02,1.75E-02,1.52E-02,0,0,NA,WGOM,NEFSC BTS
NMFS_BTS_WGOM_FALL,2013,FALL,0.5079,0.28,5.10E-03,3.13E-02,0.2088,0.1376,9.52E-02,1.84E-02,1.66E-02,0,0,0,NA,WGOM,NEFSC BTS
NMFS_BTS_WGOM_FALL,2014,FALL,1.0078,0.5,9.40E-03,0.2367,0.2833,0.3604,0.1274,0,0,0,0,0,NA,WGOM,NEFSC BTS
NMFS_BTS_WGOM_FALL,2015,FALL,0.615,0.37,1.20E-03,0.1026,0.3174,6.73E-02,9.42E-02,3.04E-02,3.10E-03,0,0,0,NA,WGOM,NEFSC BTS
NMFS_BTS_WGOM_FALL,2016,FALL,1.9539,0.51,0,1.30E-03,0.1117,1.2765,0.2621,0.265,3.07E-02,6.60E-03,0,0,NA,WGOM,NEFSC BTS
NMFS_BTS_WGOM_FALL,2017,FALL,1.2274,0.27,6.20E-03,0,6.95E-02,0.2611,0.7096,0.1341,5.31E-02,0,0,0,NA,WGOM,NEFSC BTS
NMFS_BTS_WGOM_FALL,2018,FALL,0.6421,0.3,8.40E-03,0.1327,0.1103,0.118,0.1131,0.1611,0,6.90E-03,0,0,NA,WGOM,NEFSC BTS
NMFS_BTS_WGOM_FALL,2019,FALL,0.1826,0.48,2.01E-02,4.30E-03,7.19E-02,2.04E-02,2.05E-02,4.60E-02,5.40E-03,0,1.41E-02,0,NA,WGOM,NEFSC BTS
NMFS_BTS_WGOM_FALL,2021,FALL,0.7477,0.44,7.69E-02,0.2783,0.3554,6.46E-02,4.94E-02,0,0,0,0,0,NA,WGOM,NEFSC BTS
NMFS_BTS_WGOM_SPRING,1970,SPRING,3.8233,0.18,0,9.57E-02,0.2179,0.1982,0.7743,0.3796,0.794,0.8456,0.1548,0.3632,NA,WGOM,NEFSC BTS
NMFS_BTS_WGOM_SPRING,1971,SPRING,2.3455,0.18,0,0.1377,0.3723,0.2305,0.247,0.2796,0.1394,0.313,0.2225,0.4035,NA,WGOM,NEFSC BTS
NMFS_BTS_WGOM_SPRING,1972,SPRING,3.9291,0.14,0,0.7057,0.5629,1.0392,0.2673,0.2104,0.2838,6.81E-02,0.1907,0.601,NA,WGOM,NEFSC BTS
NMFS_BTS_WGOM_SPRING,1973,SPRING,10.579,0.3,0,0.3,6.7513,0.8258,0.7112,0.2714,0.2603,0.1254,0.2036,1.13,NA,WGOM,NEFSC BTS
NMFS_BTS_WGOM_SPRING,1974,SPRING,5.4673,0.15,0,0.6868,0.2877,3.2631,0.3148,0.3485,0.1652,7.74E-02,7.94E-02,0.2444,NA,WGOM,NEFSC BTS
NMFS_BTS_WGOM_SPRING,1975,SPRING,3.9082,0.15,9.00E-03,0.1667,0.9353,0.4672,1.5619,0.1379,0.2827,5.01E-02,2.18E-02,0.2846,NA,WGOM,NEFSC BTS
NMFS_BTS_WGOM_SPRING,1976,SPRING,4.143,0.23,0,6.90E-02,0.9201,1.5881,0.2867,0.9132,0.1902,0.1065,2.98E-02,3.94E-02,NA,WGOM,NEFSC BTS
NMFS_BTS_WGOM_SPRING,1977,SPRING,5.2533,0.22,0,0,1.3319,0.6642,1.8935,0.1192,1.1008,2.38E-02,7.45E-02,4.54E-02,NA,WGOM,NEFSC BTS
NMFS_BTS_WGOM_SPRING,1978,SPRING,3.2429,0.2,1.0867,0.2456,0.1589,1.1224,0.4453,0.6181,3.98E-02,0.4074,2.33E-02,0.1821,NA,WGOM,NEFSC BTS
NMFS_BTS_WGOM_SPRING,1979,SPRING,2.8905,0.14,0.1932,0.1273,0.8216,0.2575,0.699,0.2802,0.3973,0.1,0.1362,7.14E-02,NA,WGOM,NEFSC BTS
NMFS_BTS_WGOM_SPRING,1980,SPRING,2.4676,0.19,1.2168,6.30E-02,0.4554,0.5942,0.1068,0.2469,0.2781,0.4918,1.22E-02,0.2192,NA,WGOM,NEFSC BTS
NMFS_BTS_WGOM_SPRING,1981,SPRING,5.905,0.21,0,1.7726,1.1063,1.0666,1.1697,0.1557,0.3079,8.29E-02,0.137,0.1063,NA,WGOM,NEFSC BTS
NMFS_BTS_WGOM_SPRING,1982,SPRING,5.2572,0.19,0,0.8114,1.7748,0.7303,0.6642,0.9646,8.04E-02,0.1115,0,0.12,NA,WGOM,NEFSC BTS
NMFS_BTS_WGOM_SPRING,1983,SPRING,5.0858,0.24,0,0.8172,1.8135,1.2647,0.4082,0.4117,0.14,1.96E-02,0.1446,6.63E-02,NA,WGOM,NEFSC BTS
NMFS_BTS_WGOM_SPRING,1984,SPRING,4.7871,0.4,0,0.2751,1.9122,1.1992,0.9028,0.3096,8.97E-02,9.85E-02,0,0,NA,WGOM,NEFSC BTS
NMFS_BTS_WGOM_SPRING,1985,SPRING,2.6653,0.2,0,6.57E-02,0.6473,0.5585,0.6908,0.4995,8.38E-02,0.1197,0,0,NA,WGOM,NEFSC BTS
NMFS_BTS_WGOM_SPRING,1986,SPRING,2.4273,0.16,0,0.377,0.2753,0.9954,0.3005,0.1657,0.1797,6.11E-02,5.10E-02,2.16E-02,NA,WGOM,NEFSC BTS
NMFS_BTS_WGOM_SPRING,1987,SPRING,2.6276,0.23,0,0.1342,1.2325,0.5474,0.387,0.1674,0.1082,0,2.79E-02,2.30E-02,NA,WGOM,NEFSC BTS
NMFS_BTS_WGOM_SPRING,1988,SPRING,4.0956,0.2,7.62E-02,0.552,1.6079,1.3414,0.378,0.1338,6.54E-02,1.71E-02,0,0,NA,WGOM,NEFSC BTS
NMFS_BTS_WGOM_SPRING,1989,SPRING,3.2283,0.19,0,0.2628,0.9048,0.9699,0.8865,0.1147,8.96E-02,0,0,0,NA,WGOM,NEFSC BTS
NMFS_BTS_WGOM_SPRING,1990,SPRING,4.3517,0.29,0,0.1141,1.5735,1.6192,0.6548,0.2977,6.21E-02,3.03E-02,0,0,NA,WGOM,NEFSC BTS
NMFS_BTS_WGOM_SPRING,1991,SPRING,3.2088,0.23,0,0.1695,0.1935,0.7441,1.7473,0.2884,2.08E-02,3.44E-02,1.08E-02,0,NA,WGOM,NEFSC BTS
NMFS_BTS_WGOM_SPRING,1992,SPRING,3.0267,0.29,0,4.35E-02,0.7681,0.5107,0.2863,1.2358,0.1501,3.22E-02,0,0,NA,WGOM,NEFSC BTS
NMFS_BTS_WGOM_SPRING,1993,SPRING,1.768,0.31,8.12E-02,0.1035,0.6125,0.495,0.2179,7.83E-02,0.2085,1.21E-02,0,4.02E-02,NA,WGOM,NEFSC BTS
NMFS_BTS_WGOM_SPRING,1994,SPRING,1.2309,0.26,0,8.01E-02,0.3597,0.4849,0.1682,6.43E-02,2.18E-02,4.01E-02,0,1.18E-02,NA,WGOM,NEFSC BTS
NMFS_BTS_WGOM_SPRING,1995,SPRING,2.98,0.24,8.70E-03,5.15E-02,0.7533,1.4101,0.4672,0.2162,1.39E-02,1.71E-02,5.07E-02,0,NA,WGOM,NEFSC BTS
NMFS_BTS_WGOM_SPRING,1996,SPRING,2.5899,0.28,0,0,2.59E-02,0.588,1.5035,0.4103,6.22E-02,0,0,0,NA,WGOM,NEFSC BTS
NMFS_BTS_WGOM_SPRING,1997,SPRING,2.5154,0.16,1.37E-02,0.34,0.4957,0.4676,0.4374,0.5773,9.81E-02,9.93E-02,0,0,NA,WGOM,NEFSC BTS
NMFS_BTS_WGOM_SPRING,1998,SPRING,2.1798,0.37,0,9.87E-02,0.3129,0.4971,0.6744,0.2313,0.255,9.67E-02,1.37E-02,0,NA,WGOM,NEFSC BTS
NMFS_BTS_WGOM_SPRING,1999,SPRING,2.9649,0.22,0,0.4662,0.63,0.7736,0.3469,0.3337,0.121,0.2799,0,1.36E-02,NA,WGOM,NEFSC BTS
NMFS_BTS_WGOM_SPRING,2000,SPRING,3.3697,0.22,0,0.823,1.0318,0.7147,0.5517,0.1387,7.64E-02,1.01E-02,2.33E-02,0,NA,WGOM,NEFSC BTS
NMFS_BTS_WGOM_SPRING,2001,SPRING,2.4385,0.31,0,6.38E-02,0.5713,0.6224,0.4545,0.3352,0.1818,0.1301,6.58E-02,1.36E-02,NA,WGOM,NEFSC BTS
NMFS_BTS_WGOM_SPRING,2002,SPRING,3.2587,0.25,0,0.3362,0.1073,0.5321,1.2478,0.4617,0.3229,0.1905,1.36E-02,4.66E-02,NA,WGOM,NEFSC BTS
NMFS_BTS_WGOM_SPRING,2003,SPRING,4.1964,0.21,0,6.15E-02,0.8426,4.86E-02,0.8695,1.3094,0.4598,0.3661,0.1065,0.1324,NA,WGOM,NEFSC BTS
NMFS_BTS_WGOM_SPRING,2004,SPRING,1.4735,0.22,6.13E-02,0.587,8.78E-02,0.2697,8.51E-02,0.1797,0.2249,1.36E-02,1.36E-02,1.21E-02,NA,WGOM,NEFSC BTS
NMFS_BTS_WGOM_SPRING,2005,SPRING,2.217,0.23,1.74E-02,9.08E-02,0.9283,0.2088,0.6868,1.36E-02,0.1516,0.1195,1.76E-02,0,NA,WGOM,NEFSC BTS
NMFS_BTS_WGOM_SPRING,2006,SPRING,2.4134,0.28,3.36E-02,0.3715,0.3574,1.1059,0.1538,0.2238,1.94E-02,0.1163,5.56E-02,9.70E-03,NA,WGOM,NEFSC BTS
NMFS_BTS_WGOM_SPRING,2007,SPRING,13.4875,0.7,0,0.3578,5.0477,3.483,3.9095,0.2894,0.3386,4.94E-02,1.21E-02,0,NA,WGOM,NEFSC BTS
NMFS_BTS_WGOM_SPRING,2008,SPRING,10.6453,0.64,0.2847,0.6801,2.6364,4.3616,1.9459,0.9098,3.57E-02,7.58E-02,0,0,NA,WGOM,NEFSC BTS
NMFS_BTS_WGOM_SPRING,2009,SPRING,1.733,0.27,0,0.2409,0.354,0.3629,0.3463,0.2311,0.1642,1.04E-02,1.88E-02,4.40E-03,NA,WGOM,NEFSC BTS
NMFS_BTS_WGOM_SPRING,2010,SPRING,3.0291,0.58,0,0.2142,1.2096,0.7643,0.3874,0.2432,0.1312,1.87E-02,1.76E-02,4.29E-02,NA,WGOM,NEFSC BTS
NMFS_BTS_WGOM_SPRING,2011,SPRING,0.9942,0.25,0,3.80E-03,0.1591,0.1456,0.3132,0.188,0.1009,4.10E-02,4.26E-02,0,NA,WGOM,NEFSC BTS
NMFS_BTS_WGOM_SPRING,2012,SPRING,1.0152,0.23,1.80E-03,3.59E-02,0.1073,0.2391,0.3062,0.2117,6.75E-02,3.95E-02,4.10E-03,3.90E-03,NA,WGOM,NEFSC BTS
NMFS_BTS_WGOM_SPRING,2013,SPRING,0.8068,0.34,0,6.90E-03,0.1834,0.1722,0.1687,0.2135,3.72E-02,2.49E-02,0,0,NA,WGOM,NEFSC BTS
NMFS_BTS_WGOM_SPRING,2014,SPRING,0.6133,0.22,0,3.60E-03,2.76E-02,5.37E-02,0.3246,0.1027,4.35E-02,4.31E-02,0,1.45E-02,NA,WGOM,NEFSC BTS
NMFS_BTS_WGOM_SPRING,2015,SPRING,4.0617,0.36,1.60E-03,1.94E-02,0.7229,1.2107,1.884,0.1466,6.09E-02,1.72E-02,0,0,NA,WGOM,NEFSC BTS
NMFS_BTS_WGOM_SPRING,2016,SPRING,2.3903,0.5,8.00E-04,6.50E-03,0.167,1.4824,0.5237,0.185,1.35E-02,6.50E-03,5.70E-03,0,NA,WGOM,NEFSC BTS
NMFS_BTS_WGOM_SPRING,2017,SPRING,1.5647,0.27,1.10E-03,3.29E-02,3.98E-02,0.2756,0.5777,0.3458,0.2823,1.06E-02,0,0,NA,WGOM,NEFSC BTS
NMFS_BTS_WGOM_SPRING,2018,SPRING,0.6739,0.23,0,2.34E-02,9.30E-03,3.27E-02,0.1816,0.3534,3.85E-02,3.50E-02,0,0,NA,WGOM,NEFSC BTS
NMFS_BTS_WGOM_SPRING,2019,SPRING,0.2069,0.33,2.10E-03,1.98E-02,6.45E-02,2.38E-02,7.80E-03,2.09E-02,6.03E-02,0,9.80E-03,0,NA,WGOM,NEFSC BTS
NMFS_BTS_WGOM_SPRING,2021,SPRING,0.1188,0.42,2.47E-02,1.69E-02,6.15E-02,4.04E-02,0,0,0,0,0,0,NA,WGOM,NEFSC BTS
NMFS_BTS_WGOM_SPRING,2022,SPRING,0.8149,0.28,3.50E-03,4.71E-02,0.1279,0.4685,6.92E-02,0.1022,0,0,0,0,NA,WGOM,NEFSC BTS
NMFS_BTS_GBK_SPRING,1970,SPRING,2.9084,0.23,0,0.2924,0.6414,0.3066,1.0421,9.48E-02,0.2927,9.52E-02,3.51E-02,0.1081,NA,GBK,NEFSC BTS
NMFS_BTS_GBK_SPRING,1971,SPRING,2.3711,0.16,0,0.1339,0.4775,0.4494,0.1884,0.415,0.1017,0.2196,0.2616,0.124,NA,GBK,NEFSC BTS
NMFS_BTS_GBK_SPRING,1972,SPRING,6.8111,0.17,0,2.5052,1.3887,1.922,0.4627,7.39E-02,0.1623,0.1067,6.14E-02,0.1282,NA,GBK,NEFSC BTS
NMFS_BTS_GBK_SPRING,1973,SPRING,48.5653,0.64,0,0.4266,35.9886,5.346,5.2385,0.4077,0.3922,0.3414,0,0.4243,NA,GBK,NEFSC BTS
NMFS_BTS_GBK_SPRING,1974,SPRING,10.8639,0.19,0,0.2351,3.8149,3.9267,0.5381,1.6818,0.3412,5.97E-02,0.1505,0.1159,NA,GBK,NEFSC BTS
NMFS_BTS_GBK_SPRING,1975,SPRING,5.1632,0.39,0,1.80E-02,0.2281,1.6151,2.4557,0.1565,0.4579,8.37E-02,8.61E-02,6.21E-02,NA,GBK,NEFSC BTS
NMFS_BTS_GBK_SPRING,1976,SPRING,4.7477,0.19,0,1.2411,1.1964,0.4814,0.4079,1.1305,2.02E-02,0.2142,2.03E-02,3.57E-02,NA,GBK,NEFSC BTS
NMFS_BTS_GBK_SPRING,1977,SPRING,4.405,0.14,0,0,2.4965,0.8662,0.2868,0.2373,0.4205,4.28E-02,5.49E-02,0,NA,GBK,NEFSC BTS
NMFS_BTS_GBK_SPRING,1978,SPRING,6.4126,0.19,2.8554,0.2657,0,4.0682,0.7913,0.5117,9.42E-02,0.4796,4.44E-02,0.1575,NA,GBK,NEFSC BTS
NMFS_BTS_GBK_SPRING,1979,SPRING,3.5972,0.15,8.60E-02,0.3752,0.9996,8.81E-02,1.3896,0.4236,0.1549,6.33E-02,9.72E-02,5.70E-03,NA,GBK,NEFSC BTS
NMFS_BTS_GBK_SPRING,1980,SPRING,6.181,0.24,0,0.1025,1.8981,2.0756,0.1355,1.4753,0.3046,0.1006,1.91E-02,6.97E-02,NA,GBK,NEFSC BTS
NMFS_BTS_GBK_SPRING,1981,SPRING,9.4102,0.17,0.3312,2.1749,1.5143,2.9934,1.5103,5.47E-02,0.7891,0.2127,0.1063,5.45E-02,NA,GBK,NEFSC BTS
NMFS_BTS_GBK_SPRING,1982,SPRING,34.4004,0.76,0,0.4362,5.595,9.7436,9.7198,5.7456,9.27E-02,2.2926,0.7278,4.71E-02,NA,GBK,NEFSC BTS
NMFS_BTS_GBK_SPRING,1983,SPRING,4.9821,0.28,0,0.222,0.9477,2.1216,0.569,0.5264,0.3658,2.76E-02,7.78E-02,0.1242,NA,GBK,NEFSC BTS
NMFS_BTS_GBK_SPRING,1984,SPRING,2.3816,0.19,0,0.2538,5.17E-02,0.4046,0.8264,0.2888,0.3061,0.1036,0,0.1466,NA,GBK,NEFSC BTS
NMFS_BTS_GBK_SPRING,1985,SPRING,8.2774,0.23,0.33,5.94E-02,3.3331,0.8482,1.3102,1.7341,0.3225,0.2227,0.2363,0.2109,NA,GBK,NEFSC BTS
NMFS_BTS_GBK_SPRING,1986,SPRING,5.1571,0.15,0,1.226,0.3242,1.7569,0.2582,0.5677,0.7069,3.47E-02,0.1069,0.1756,NA,GBK,NEFSC BTS
NMFS_BTS_GBK_SPRING,1987,SPRING,3.433,0.16,0,0,1.792,0.2764,0.8706,7.70E-02,0.15,0.1672,3.71E-02,6.27E-02,NA,GBK,NEFSC BTS
NMFS_BTS_GBK_SPRING,1988,SPRING,6.4506,0.21,0.2207,0.7901,0.5576,3.7805,0.3804,0.782,2.73E-02,3.12E-02,0.1015,0,NA,GBK,NEFSC BTS
NMFS_BTS_GBK_SPRING,1989,SPRING,6.0142,0.23,0,0.2733,1.6399,0.5741,2.2384,0.3944,0.5287,5.75E-02,0.1149,0.193,NA,GBK,NEFSC BTS
NMFS_BTS_GBK_SPRING,1990,SPRING,6.226,0.27,0,0.2349,0.8923,2.4995,0.8785,1.2774,0.2227,0.1734,0,4.73E-02,NA,GBK,NEFSC BTS
NMFS_BTS_GBK_SPRING,1991,SPRING,6.3852,0.11,0.3331,1.7515,0.7728,0.8857,1.4457,0.8293,0.5127,5.93E-02,0.1282,0,NA,GBK,NEFSC BTS
NMFS_BTS_GBK_SPRING,1992,SPRING,2.5843,0.19,0,0.145,1.0872,0.4551,0.1835,0.2906,0.136,0.216,2.05E-02,5.04E-02,NA,GBK,NEFSC BTS
NMFS_BTS_GBK_SPRING,1993,SPRING,2.5052,0.3,9.60E-02,0,0.3929,1.5103,0.2275,6.10E-02,0.179,5.15E-02,4.87E-02,3.43E-02,NA,GBK,NEFSC BTS
NMFS_BTS_GBK_SPRING,1994,SPRING,1.0617,0.28,0,0.1415,0.3136,0.2239,0.2291,5.85E-02,9.70E-03,5.27E-02,0,3.27E-02,NA,GBK,NEFSC BTS
NMFS_BTS_GBK_SPRING,1995,SPRING,3.0096,0.3,0.6397,5.55E-02,0.3208,0.8843,0.5044,0.7384,0.2056,0.2605,0,4.01E-02,NA,GBK,NEFSC BTS
NMFS_BTS_GBK_SPRING,1996,SPRING,3.1385,0.26,0,9.87E-02,0.2906,0.8852,1.4221,0.1884,0.2029,2.77E-02,2.29E-02,0,NA,GBK,NEFSC BTS
NMFS_BTS_GBK_SPRING,1997,SPRING,1.4534,0.22,0.3902,9.48E-02,0.194,4.31E-02,0.3756,0.5555,4.19E-02,9.21E-02,5.64E-02,0,NA,GBK,NEFSC BTS
NMFS_BTS_GBK_SPRING,1998,SPRING,4.9179,0.36,2.41E-02,3.60E-02,0.9414,1.5905,0.8552,0.7961,0.6301,4.43E-02,2.43E-02,0,NA,GBK,NEFSC BTS
NMFS_BTS_GBK_SPRING,1999,SPRING,2.0686,0.18,9.03E-02,0.02,0.1645,0.6131,0.6191,0.341,0.1653,9.96E-02,3.41E-02,1.19E-02,NA,GBK,NEFSC BTS
NMFS_BTS_GBK_SPRING,2000,SPRING,3.1122,0.24,7.15E-02,0,0.3677,0.6236,1.4312,0.4623,0.1617,4.69E-02,1.88E-02,0,NA,GBK,NEFSC BTS
NMFS_BTS_GBK_SPRING,2001,SPRING,1.7619,0.32,0,0,0.1064,0.9521,0.1673,0.3949,0.1218,0,0.01,9.40E-03,NA,GBK,NEFSC BTS
NMFS_BTS_GBK_SPRING,2002,SPRING,2.3294,0.25,2.41E-02,0,9.79E-02,0.4259,1.2575,0.2672,0.2283,5.26E-02,0,0,NA,GBK,NEFSC BTS
NMFS_BTS_GBK_SPRING,2003,SPRING,3.0134,0.39,0,0,0.1472,0.4705,0.9403,1.1927,0.1224,0.1303,0.01,0,NA,GBK,NEFSC BTS
NMFS_BTS_GBK_SPRING,2004,SPRING,7.046,0.44,0,0.7466,3.27E-02,0.6935,1.8852,1.8533,1.3091,0.2334,0.2701,2.21E-02,NA,GBK,NEFSC BTS
NMFS_BTS_GBK_SPRING,2005,SPRING,2.1315,0.17,5.93E-02,1.76E-02,0.4635,5.11E-02,0.7744,0.331,0.2818,0.1662,4.59E-02,0,NA,GBK,NEFSC BTS
NMFS_BTS_GBK_SPRING,2006,SPRING,2.7477,0.24,0,3.18E-02,7.26E-02,0.8913,0.3836,0.8801,0.2897,0.1174,8.12E-02,0,NA,GBK,NEFSC BTS
NMFS_BTS_GBK_SPRING,2007,SPRING,3.4784,0.25,0,2.42E-02,0.367,0.3268,2.1994,0.251,0.2505,3.44E-02,2.51E-02,0,NA,GBK,NEFSC BTS
NMFS_BTS_GBK_SPRING,2008,SPRING,2.5188,0.23,4.82E-02,3.73E-02,0.1412,0.6199,0.3404,1.2753,4.57E-02,5.90E-02,0,0,NA,GBK,NEFSC BTS
NMFS_BTS_GBK_SPRING,2009,SPRING,3.123,0.26,0,0.2764,0.2083,1.1294,0.5904,0.3025,0.5378,3.79E-02,1.70E-02,2.33E-02,NA,GBK,NEFSC BTS
NMFS_BTS_GBK_SPRING,2010,SPRING,3.0263,0.16,0,0.1922,0.4392,0.7007,1.0746,0.2617,6.77E-02,0.2666,0,2.36E-02,NA,GBK,NEFSC BTS
NMFS_BTS_GBK_SPRING,2011,SPRING,2.6411,0.21,0,0.5657,0.5568,0.4107,0.638,0.3218,9.24E-02,1.69E-02,3.88E-02,0,NA,GBK,NEFSC BTS
NMFS_BTS_GBK_SPRING,2012,SPRING,4.9508,0.23,3.01E-02,5.42E-02,1.5161,1.4403,1.3405,0.3279,0.2246,4.72E-02,0,0,NA,GBK,NEFSC BTS
NMFS_BTS_GBK_SPRING,2013,SPRING,10.0465,0.45,0,5.65E-02,1.6358,6.3021,1.7341,0.2142,7.72E-02,2.66E-02,0,0,NA,GBK,NEFSC BTS
NMFS_BTS_GBK_SPRING,2014,SPRING,4.5942,0.27,0,0.3511,0.3126,1.6629,1.9117,0.2841,7.18E-02,0,0,0,NA,GBK,NEFSC BTS
NMFS_BTS_GBK_SPRING,2015,SPRING,1.9609,0.21,0,8.70E-02,0.8251,0.1815,0.3454,0.4849,3.70E-02,0,0,0,NA,GBK,NEFSC BTS
NMFS_BTS_GBK_SPRING,2016,SPRING,5.065,0.48,1.95E-02,2.71E-02,0.5167,3.6776,0.4574,0.263,0.1136,9.60E-03,0,0,NA,GBK,NEFSC BTS
NMFS_BTS_GBK_SPRING,2017,SPRING,9.9101,0.31,2.28E-02,0.1994,0.2883,1.3671,5.6013,1.4604,0.7539,0.2397,0,0,NA,GBK,NEFSC BTS
NMFS_BTS_GBK_SPRING,2018,SPRING,3.5465,0.45,0,0.5031,0.3752,1.0726,0.8499,0.7307,0,0,0,1.50E-02,NA,GBK,NEFSC BTS
NMFS_BTS_GBK_SPRING,2019,SPRING,9.7673,0.75,0.1684,0.5605,3.0624,1.6392,2.9853,1.1713,0.3389,9.70E-03,0,0,NA,GBK,NEFSC BTS
NMFS_BTS_GBK_SPRING,2021,SPRING,2.7869,0.31,0.2552,0.1743,0.8655,0.9537,0.6271,0.1511,0,1.52E-02,0,0,NA,GBK,NEFSC BTS
NMFS_BTS_GBK_SPRING,2022,SPRING,3.3202,0.37,1.82E-02,0.3428,0.9245,1.3718,0.4813,0.1588,4.10E-02,0,0,0,NA,GBK,NEFSC BTS
NMFS_BTS_GBK_FALL,1970,FALL,3.0936,0.18,0.356,1.3064,1.0039,0.374,0.3701,3.92E-02,0,0,0,0,NA,GBK,NEFSC BTS
NMFS_BTS_GBK_FALL,1971,FALL,1.396,0.3,0.1341,0.4501,0.4316,0.2139,6.46E-02,0.1997,2.54E-02,1.07E-02,0,0,NA,GBK,NEFSC BTS
NMFS_BTS_GBK_FALL,1972,FALL,3.1917,0.34,0.6112,2.083,0.4558,0.4829,0.1122,3.22E-02,2.56E-02,0,0,0,NA,GBK,NEFSC BTS
NMFS_BTS_GBK_FALL,1973,FALL,5.0881,0.36,9.40E-03,1.2512,1.903,0.8317,0.9379,8.73E-02,1.96E-02,1.39E-02,4.35E-02,0,NA,GBK,NEFSC BTS
NMFS_BTS_GBK_FALL,1974,FALL,1.2777,0.28,5.64E-02,0.1176,0.2903,0.6494,0.1367,6.47E-02,1.90E-02,0,0,0,NA,GBK,NEFSC BTS
NMFS_BTS_GBK_FALL,1975,FALL,1.319,0.35,0.217,0.3711,0.1317,0.2337,0.5333,0,4.92E-02,0,0,0,NA,GBK,NEFSC BTS
NMFS_BTS_GBK_FALL,1976,FALL,5.2203,0.37,0,4.6043,0.2401,0.1577,6.60E-03,0.1322,0,7.94E-02,0,0,NA,GBK,NEFSC BTS
NMFS_BTS_GBK_FALL,1977,FALL,3.5062,0.21,8.18E-02,0,2.579,0.5021,0.108,0.1226,0.1754,6.80E-03,1.23E-02,0,NA,GBK,NEFSC BTS
NMFS_BTS_GBK_FALL,1978,FALL,4.3196,0.21,0.139,1.0763,7.23E-02,2.5634,0.3788,4.68E-02,6.17E-02,0.1019,1.44E-02,4.00E-03,NA,GBK,NEFSC BTS
NMFS_BTS_GBK_FALL,1979,FALL,4.3189,0.27,0.1223,1.2372,1.1938,8.83E-02,1.4333,0.2151,8.49E-02,1.32E-02,3.90E-02,1.41E-02,NA,GBK,NEFSC BTS
NMFS_BTS_GBK_FALL,1980,FALL,1.6609,0.25,0.2534,0.6205,0.3485,0.4872,2.75E-02,0.1588,7.50E-03,0,1.09E-02,0,NA,GBK,NEFSC BTS
NMFS_BTS_GBK_FALL,1981,FALL,4.124,0.21,0.266,1.9967,0.9076,0.8395,0.2284,2.70E-03,0.1009,0,0,4.82E-02,NA,GBK,NEFSC BTS
NMFS_BTS_GBK_FALL,1982,FALL,0.8402,0.33,0.2356,0.34,0.4075,3.30E-02,4.17E-02,0,0,1.80E-02,0,0,NA,GBK,NEFSC BTS
NMFS_BTS_GBK_FALL,1983,FALL,0.8751,0.4,0,0.4483,0.119,0.2813,6.00E-03,0,2.05E-02,0,0,0,NA,GBK,NEFSC BTS
NMFS_BTS_GBK_FALL,1984,FALL,2.2748,0.33,0.1446,1.094,9.39E-02,0.4372,0.5515,5.98E-02,3.33E-02,0,0,5.10E-03,NA,GBK,NEFSC BTS
NMFS_BTS_GBK_FALL,1985,FALL,1.4648,0.47,0.848,0.1906,1.0532,7.85E-02,0.1031,0,3.30E-02,0,0,6.40E-03,NA,GBK,NEFSC BTS
NMFS_BTS_GBK_FALL,1986,FALL,3.3002,0.45,0.1287,2.9584,0.1034,0.1641,0,2.41E-02,5.70E-03,4.45E-02,0,0,NA,GBK,NEFSC BTS
NMFS_BTS_GBK_FALL,1987,FALL,1.4412,0.34,0.1452,0.1444,1.0207,0.1044,0.1516,0,1.07E-02,0,0,9.40E-03,NA,GBK,NEFSC BTS
NMFS_BTS_GBK_FALL,1988,FALL,2.105,0.32,8.73E-02,0.5278,0.1398,1.0444,8.56E-02,0.2408,0,2.82E-02,3.84E-02,0,NA,GBK,NEFSC BTS
NMFS_BTS_GBK_FALL,1989,FALL,3.6836,0.33,0.3815,1.036,1.5242,0.2239,0.7112,0.162,2.63E-02,0,0,0,NA,GBK,NEFSC BTS
NMFS_BTS_GBK_FALL,1990,FALL,3.0102,0.41,0.2688,0.475,1.0349,1.0996,0.1702,0.1778,5.27E-02,0,0,0,NA,GBK,NEFSC BTS
NMFS_BTS_GBK_FALL,1991,FALL,0.465,0.38,2.33E-02,0.1751,0.1042,0.1389,1.08E-02,3.60E-02,0,0,0,0,NA,GBK,NEFSC BTS
NMFS_BTS_GBK_FALL,1992,FALL,1.0725,0.34,0,0.1751,0.7355,0.1195,0,3.18E-02,1.06E-02,0,0,0,NA,GBK,NEFSC BTS
NMFS_BTS_GBK_FALL,1993,FALL,0.602,0.32,0,8.56E-02,0.121,0.3491,4.63E-02,0,0,0,0,0,NA,GBK,NEFSC BTS
NMFS_BTS_GBK_FALL,1994,FALL,0.9866,0.43,9.40E-03,0.1312,0.3313,0.2829,0.1363,8.51E-02,1.98E-02,0,0,0,NA,GBK,NEFSC BTS
NMFS_BTS_GBK_FALL,1995,FALL,0.8101,0.36,0.2046,2.39E-02,0.2225,0.4458,7.18E-02,2.94E-02,1.67E-02,0,0,0,NA,GBK,NEFSC BTS
NMFS_BTS_GBK_FALL,1996,FALL,1.0155,0.35,9.40E-03,0.2608,8.91E-02,0.451,0.1747,1.54E-02,2.45E-02,0,0,0,NA,GBK,NEFSC BTS
NMFS_BTS_GBK_FALL,1997,FALL,0.6226,0.66,0,0.1078,0.2438,0.1146,6.81E-02,5.95E-02,1.88E-02,0.01,0,0,NA,GBK,NEFSC BTS
NMFS_BTS_GBK_FALL,1998,FALL,1.2063,0.32,0,0.1422,0.5721,0.3711,5.71E-02,5.44E-02,0,0,9.40E-03,0,NA,GBK,NEFSC BTS
NMFS_BTS_GBK_FALL,1999,FALL,0.3939,0.48,0,9.40E-03,9.40E-03,0.2643,8.50E-02,2.58E-02,0,0,0,0,NA,GBK,NEFSC BTS
NMFS_BTS_GBK_FALL,2000,FALL,0.506,0.3,0,7.47E-02,0.2342,7.09E-02,9.03E-02,3.59E-02,0,0,0,0,NA,GBK,NEFSC BTS
NMFS_BTS_GBK_FALL,2001,FALL,0.5457,0.33,2.12E-02,6.36E-02,0.1105,0.2562,3.10E-02,6.32E-02,1.06E-02,1.06E-02,0,0,NA,GBK,NEFSC BTS
NMFS_BTS_GBK_FALL,2002,FALL,3.9696,0.44,0.1052,9.65E-02,0.5359,0.6641,2.3236,0.1421,0.1918,1.56E-02,0,0,NA,GBK,NEFSC BTS
NMFS_BTS_GBK_FALL,2003,FALL,0.3211,0.29,0.1397,0,5.18E-02,0.142,8.97E-02,2.82E-02,0,9.40E-03,0,0,NA,GBK,NEFSC BTS
NMFS_BTS_GBK_FALL,2004,FALL,2.6445,0.51,0.1412,0.4827,6.28E-02,0.8259,0.2623,0.486,0.3852,8.63E-02,2.70E-02,2.63E-02,NA,GBK,NEFSC BTS
NMFS_BTS_GBK_FALL,2005,FALL,0.913,0.39,2.74E-02,2.81E-02,0.4746,9.61E-02,0.2579,4.69E-02,0,9.40E-03,0,0,NA,GBK,NEFSC BTS
NMFS_BTS_GBK_FALL,2006,FALL,1.0687,0.57,0,0.1834,9.67E-02,0.5242,2.64E-02,0.1852,1.32E-02,1.32E-02,1.32E-02,1.32E-02,NA,GBK,NEFSC BTS
NMFS_BTS_GBK_FALL,2007,FALL,0.2753,0.31,5.82E-02,2.82E-02,0.1486,9.40E-03,7.97E-02,0,9.40E-03,0,0,0,NA,GBK,NEFSC BTS
NMFS_BTS_GBK_FALL,2008,FALL,0.3786,0.28,9.40E-03,4.70E-02,0.1563,5.83E-02,1.32E-02,8.28E-02,9.40E-03,1.16E-02,0,0,NA,GBK,NEFSC BTS
NMFS_BTS_GBK_FALL,2009,FALL,0.8772,0.44,0.2997,0.1306,0.2173,0.4104,7.58E-02,2.43E-02,1.88E-02,0,0,0,NA,GBK,NEFSC BTS
NMFS_BTS_GBK_FALL,2010,FALL,0.4745,0.71,2.3815,7.65E-02,0.1116,9.55E-02,0.1817,9.20E-03,0,0,0,0,NA,GBK,NEFSC BTS
NMFS_BTS_GBK_FALL,2011,FALL,3.0876,0.46,0.311,1.2512,0.9372,0.4287,0.2691,0.1795,2.19E-02,0,0,0,NA,GBK,NEFSC BTS
NMFS_BTS_GBK_FALL,2012,FALL,0.8002,0.41,0,5.85E-02,0.4804,0.1975,2.30E-02,4.08E-02,0,0,0,0,NA,GBK,NEFSC BTS
NMFS_BTS_GBK_FALL,2013,FALL,2.3719,0.53,0.7998,0.1692,1.1015,0.7956,0.3056,0,0,0,0,0,NA,GBK,NEFSC BTS
NMFS_BTS_GBK_FALL,2014,FALL,1.1633,0.49,0.4017,0.5213,8.65E-02,0.2116,0.2904,3.18E-02,2.17E-02,0,0,0,NA,GBK,NEFSC BTS
NMFS_BTS_GBK_FALL,2015,FALL,4.4331,0.39,0.2173,0.9413,2.9324,0.1315,0.2422,0.1857,0,0,0,0,NA,GBK,NEFSC BTS
NMFS_BTS_GBK_FALL,2016,FALL,3.9307,0.47,9.60E-03,3.87E-02,0.6102,2.9087,9.98E-02,0.1933,0.08,0,0,0,NA,GBK,NEFSC BTS
NMFS_BTS_GBK_FALL,2017,FALL,0.9785,0.57,0.1861,0.3049,0.3466,0.1455,0.1815,0,0,0,0,0,NA,GBK,NEFSC BTS
NMFS_BTS_GBK_FALL,2018,FALL,2.5092,0.51,0.1085,1.1124,0.392,0.3788,0.3804,0.2456,0,0,0,0,NA,GBK,NEFSC BTS
NMFS_BTS_GBK_FALL,2019,FALL,1.5294,0.61,0.1022,0.387,0.3774,0.3607,0.1622,0.1291,0.113,0,0,0,NA,GBK,NEFSC BTS
NMFS_BTS_GBK_FALL,2021,FALL,1.3622,0.64,6.38E-02,1.1306,0.1027,6.01E-02,5.38E-02,1.50E-02,0,0,0,0,NA,GBK,NEFSC BTS
NMFS_BTS_SNE_FALL,1970,FALL,0.1064,0.92,0,2.66E-02,2.66E-02,5.32E-02,0,0,0,0,0,0,NA,SNE,NEFSC BTS
NMFS_BTS_SNE_FALL,1971,FALL,0.0166,0.59,0,0,0,0,0,0,1.66E-02,0,0,0,NA,SNE,NEFSC BTS
NMFS_BTS_SNE_FALL,1972,FALL,0,NA,0,0,0,0,0,0,0,0,0,0,NA,SNE,NEFSC BTS
NMFS_BTS_SNE_FALL,1973,FALL,0,NA,0,0,0,0,0,0,0,0,0,0,NA,SNE,NEFSC BTS
NMFS_BTS_SNE_FALL,1974,FALL,0.0222,0.93,0,0,0,2.22E-02,0,0,0,0,0,0,NA,SNE,NEFSC BTS
NMFS_BTS_SNE_FALL,1975,FALL,0,NA,0,0,0,0,0,0,0,0,0,0,NA,SNE,NEFSC BTS
NMFS_BTS_SNE_FALL,1976,FALL,0,NA,0,0,0,0,0,0,0,0,0,0,NA,SNE,NEFSC BTS
NMFS_BTS_SNE_FALL,1977,FALL,0,NA,0,0,0,0,0,0,0,0,0,0,NA,SNE,NEFSC BTS
NMFS_BTS_SNE_FALL,1978,FALL,0.0105,0.96,0,1.05E-02,0,0,0,0,0,0,0,0,NA,SNE,NEFSC BTS
NMFS_BTS_SNE_FALL,1979,FALL,0,NA,0,0,0,0,0,0,0,0,0,0,NA,SNE,NEFSC BTS
NMFS_BTS_SNE_FALL,1980,FALL,0,0.83,NA,NA,NA,NA,NA,NA,NA,NA,NA,NA,NA,SNE,NEFSC BTS
NMFS_BTS_SNE_FALL,1981,FALL,0,NA,0,0,0,0,0,0,0,0,0,0,NA,SNE,NEFSC BTS
NMFS_BTS_SNE_FALL,1982,FALL,0,NA,0,0,0,0,0,0,0,0,0,0,NA,SNE,NEFSC BTS
NMFS_BTS_SNE_FALL,1983,FALL,0,NA,0,0,0,0,0,0,0,0,0,0,NA,SNE,NEFSC BTS
NMFS_BTS_SNE_FALL,1984,FALL,0,0.91,NA,NA,NA,NA,NA,NA,NA,NA,NA,NA,NA,SNE,NEFSC BTS
NMFS_BTS_SNE_FALL,1985,FALL,0,NA,0,0,0,0,0,0,0,0,0,0,NA,SNE,NEFSC BTS
NMFS_BTS_SNE_FALL,1986,FALL,0,NA,0,0,0,0,0,0,0,0,0,0,NA,SNE,NEFSC BTS
NMFS_BTS_SNE_FALL,1987,FALL,0,NA,0,0,0,0,0,0,0,0,0,0,NA,SNE,NEFSC BTS
NMFS_BTS_SNE_FALL,1988,FALL,0,0.88,1.71E-02,0,0,0,0,0,0,0,0,0,NA,SNE,NEFSC BTS
NMFS_BTS_SNE_FALL,1989,FALL,0,NA,0,0,0,0,0,0,0,0,0,0,NA,SNE,NEFSC BTS
NMFS_BTS_SNE_FALL,1990,FALL,0,NA,0,0,0,0,0,0,0,0,0,0,NA,SNE,NEFSC BTS
NMFS_BTS_SNE_FALL,1991,FALL,0,NA,0,0,0,0,0,0,0,0,0,0,NA,SNE,NEFSC BTS
NMFS_BTS_SNE_FALL,1992,FALL,0.0171,0.58,6.64E-02,0,1.71E-02,0,0,0,0,0,0,0,NA,SNE,NEFSC BTS
NMFS_BTS_SNE_FALL,1993,FALL,0.0135,0.89,0,0,1.35E-02,0,0,0,0,0,0,0,NA,SNE,NEFSC BTS
NMFS_BTS_SNE_FALL,1994,FALL,0,0.88,NA,NA,NA,NA,NA,NA,NA,NA,NA,NA,NA,SNE,NEFSC BTS
NMFS_BTS_SNE_FALL,1995,FALL,0,NA,0,0,0,0,0,0,0,0,0,0,NA,SNE,NEFSC BTS
NMFS_BTS_SNE_FALL,1996,FALL,0,NA,0,0,0,0,0,0,0,0,0,0,NA,SNE,NEFSC BTS
NMFS_BTS_SNE_FALL,1997,FALL,0,NA,0,0,0,0,0,0,0,0,0,0,NA,SNE,NEFSC BTS
NMFS_BTS_SNE_FALL,1998,FALL,0,NA,0,0,0,0,0,0,0,0,0,0,NA,SNE,NEFSC BTS
NMFS_BTS_SNE_FALL,1999,FALL,0,NA,0,0,0,0,0,0,0,0,0,0,NA,SNE,NEFSC BTS
NMFS_BTS_SNE_FALL,2000,FALL,0,NA,0,0,0,0,0,0,0,0,0,0,NA,SNE,NEFSC BTS
NMFS_BTS_SNE_FALL,2001,FALL,0,NA,0,0,0,0,0,0,0,0,0,0,NA,SNE,NEFSC BTS
NMFS_BTS_SNE_FALL,2002,FALL,0,NA,0,0,0,0,0,0,0,0,0,0,NA,SNE,NEFSC BTS
NMFS_BTS_SNE_FALL,2003,FALL,0,NA,0,0,0,0,0,0,0,0,0,0,NA,SNE,NEFSC BTS
NMFS_BTS_SNE_FALL,2004,FALL,0,NA,0,0,0,0,0,0,0,0,0,0,NA,SNE,NEFSC BTS
NMFS_BTS_SNE_FALL,2005,FALL,0,0.93,0.3739,0,0,0,0,0,0,0,0,0,NA,SNE,NEFSC BTS
NMFS_BTS_SNE_FALL,2006,FALL,0,NA,0,0,0,0,0,0,0,0,0,0,NA,SNE,NEFSC BTS
NMFS_BTS_SNE_FALL,2007,FALL,0.0171,0.9,0,0,1.71E-02,0,0,0,0,0,0,0,NA,SNE,NEFSC BTS
NMFS_BTS_SNE_FALL,2008,FALL,0.0171,0.89,0,0,0,1.71E-02,0,0,0,0,0,0,NA,SNE,NEFSC BTS
NMFS_BTS_SNE_FALL,2009,FALL,0,NA,0,0,0,0,0,0,0,0,0,0,NA,SNE,NEFSC BTS
NMFS_BTS_SNE_FALL,2010,FALL,0,NA,0,0,0,0,0,0,0,0,0,0,NA,SNE,NEFSC BTS
NMFS_BTS_SNE_FALL,2011,FALL,0,NA,0,0,0,0,0,0,0,0,0,0,NA,SNE,NEFSC BTS
NMFS_BTS_SNE_FALL,2012,FALL,0.0259,0.92,0,0,0,2.59E-02,0,0,0,0,0,0,NA,SNE,NEFSC BTS
NMFS_BTS_SNE_FALL,2013,FALL,0,NA,0,0,0,0,0,0,0,0,0,0,NA,SNE,NEFSC BTS
NMFS_BTS_SNE_FALL,2014,FALL,0,NA,0,0,0,0,0,0,0,0,0,0,NA,SNE,NEFSC BTS
NMFS_BTS_SNE_FALL,2015,FALL,0,NA,0,0,0,0,0,0,0,0,0,0,NA,SNE,NEFSC BTS
NMFS_BTS_SNE_FALL,2016,FALL,0,NA,0,0,0,0,0,0,0,0,0,0,NA,SNE,NEFSC BTS
NMFS_BTS_SNE_FALL,2017,FALL,0,NA,NA,NA,NA,NA,NA,NA,NA,NA,NA,NA,NA,SNE,NEFSC BTS
NMFS_BTS_SNE_FALL,2018,FALL,0,NA,0,0,0,0,0,0,0,0,0,0,NA,SNE,NEFSC BTS
NMFS_BTS_SNE_FALL,2019,FALL,0,NA,0,0,0,0,0,0,0,0,0,0,NA,SNE,NEFSC BTS
NMFS_BTS_SNE_FALL,2021,FALL,0.0454,0.9,0,0,2.38E-02,2.16E-02,0,0,0,0,0,0,NA,SNE,NEFSC BTS
NMFS_BTS_SNE_SPRING,1970,SPRING,0.7631,0.36,0,0,0,0.1481,0.4004,8.77E-02,9.36E-02,0,0,3.33E-02,NA,SNE,NEFSC BTS
NMFS_BTS_SNE_SPRING,1971,SPRING,0.7617,0.27,0,0,9.15E-02,0,0.1303,0.3644,8.03E-02,6.86E-02,2.66E-02,0,NA,SNE,NEFSC BTS
NMFS_BTS_SNE_SPRING,1972,SPRING,0,0.42,0,0,0,0,0,0,0,0,0,0,NA,SNE,NEFSC BTS
NMFS_BTS_SNE_SPRING,1973,SPRING,3.8065,0.3,0,0,3.0618,5.47E-02,0.263,0.1316,8.50E-02,0.1758,3.46E-02,0,NA,SNE,NEFSC BTS
NMFS_BTS_SNE_SPRING,1974,SPRING,1.0253,0.27,0,0,0,0.6693,0.1306,0.1168,0,7.26E-02,3.60E-02,0,NA,SNE,NEFSC BTS
NMFS_BTS_SNE_SPRING,1975,SPRING,0.4989,0.19,0,0,0,0,0.3893,0,0,0,7.72E-02,3.24E-02,NA,SNE,NEFSC BTS
NMFS_BTS_SNE_SPRING,1976,SPRING,0,0.4,0,0,0,0,0,0,0,0,0,0,NA,SNE,NEFSC BTS
NMFS_BTS_SNE_SPRING,1977,SPRING,0.4855,0.27,0,0,7.97E-02,5.48E-02,0,0,0.3236,0,0,2.74E-02,NA,SNE,NEFSC BTS
NMFS_BTS_SNE_SPRING,1978,SPRING,0.2621,0.51,0.3419,0,0,0.1005,0,0,5.98E-02,5.68E-02,4.50E-02,0,NA,SNE,NEFSC BTS
NMFS_BTS_SNE_SPRING,1979,SPRING,0.212,0.59,0,1.05E-02,0,0,0.1188,1.05E-02,4.45E-02,0,2.77E-02,0,NA,SNE,NEFSC BTS
NMFS_BTS_SNE_SPRING,1980,SPRING,0.308,0.3,0.4635,1.40E-02,3.31E-02,5.12E-02,0,4.06E-02,4.46E-02,3.21E-02,0,9.24E-02,NA,SNE,NEFSC BTS
NMFS_BTS_SNE_SPRING,1981,SPRING,1.2051,0.63,0,0,0,0,1.1091,0,7.36E-02,0,0,2.24E-02,NA,SNE,NEFSC BTS
NMFS_BTS_SNE_SPRING,1982,SPRING,0.0545,0.35,0,0,0,5.45E-02,0,0,0,0,0,0,NA,SNE,NEFSC BTS
NMFS_BTS_SNE_SPRING,1983,SPRING,0.1329,0.72,0.3888,0,0,5.17E-02,0,0,0,4.80E-02,0,3.32E-02,NA,SNE,NEFSC BTS
NMFS_BTS_SNE_SPRING,1984,SPRING,0.2026,0.44,0,3.32E-02,3.32E-02,3.32E-02,6.64E-02,0,0,3.66E-02,0,0,NA,SNE,NEFSC BTS
NMFS_BTS_SNE_SPRING,1985,SPRING,0.6024,0.67,0,0.1025,3.26E-02,5.69E-02,0.2495,0.1609,0,0,0,0,NA,SNE,NEFSC BTS
NMFS_BTS_SNE_SPRING,1986,SPRING,0.1433,0.51,0,7.21E-02,0,0,5.27E-02,1.85E-02,0,0,0,0,NA,SNE,NEFSC BTS
NMFS_BTS_SNE_SPRING,1987,SPRING,0,NA,0,0,0,0,0,0,0,0,0,0,NA,SNE,NEFSC BTS
NMFS_BTS_SNE_SPRING,1988,SPRING,0.21,0.34,0,2.84E-02,3.50E-02,0.1466,0,0,0,0,0,0,NA,SNE,NEFSC BTS
NMFS_BTS_SNE_SPRING,1989,SPRING,0.6604,0.24,0,5.41E-02,2.94E-02,0.2008,0.3555,0,0,0,0,2.06E-02,NA,SNE,NEFSC BTS
NMFS_BTS_SNE_SPRING,1990,SPRING,0.1687,0.5,0,0,0,0.1174,0,5.13E-02,0,0,0,0,NA,SNE,NEFSC BTS
NMFS_BTS_SNE_SPRING,1991,SPRING,0.0629,0.53,0,0,0,2.88E-02,0,3.41E-02,0,0,0,0,NA,SNE,NEFSC BTS
NMFS_BTS_SNE_SPRING,1992,SPRING,0.1286,0.4,0,0,3.55E-02,1.07E-02,6.11E-02,2.13E-02,0,0,0,0,NA,SNE,NEFSC BTS
NMFS_BTS_SNE_SPRING,1993,SPRING,0.0634,0.46,0,2.13E-02,0,2.13E-02,2.08E-02,0,0,0,0,0,NA,SNE,NEFSC BTS
NMFS_BTS_SNE_SPRING,1994,SPRING,0.1242,0.28,0,0,1.35E-02,7.58E-02,1.46E-02,6.70E-03,1.36E-02,0,0,0,NA,SNE,NEFSC BTS
NMFS_BTS_SNE_SPRING,1995,SPRING,0.1196,0.58,0,0,1.71E-02,5.13E-02,5.12E-02,0,0,0,0,0,NA,SNE,NEFSC BTS
NMFS_BTS_SNE_SPRING,1996,SPRING,0.0185,0.97,0,0,0,1.85E-02,0,0,0,0,0,0,NA,SNE,NEFSC BTS
NMFS_BTS_SNE_SPRING,1997,SPRING,0,NA,0,0,0,0,0,0,0,0,0,0,NA,SNE,NEFSC BTS
NMFS_BTS_SNE_SPRING,1998,SPRING,0.0355,0.69,0,0,3.55E-02,0,0,0,0,0,0,0,NA,SNE,NEFSC BTS
NMFS_BTS_SNE_SPRING,1999,SPRING,0.4777,0.82,0,0,0.1876,0.2901,0,0,0,0,0,0,NA,SNE,NEFSC BTS
NMFS_BTS_SNE_SPRING,2000,SPRING,0.0512,0.63,0,0,3.41E-02,0,0,0,1.71E-02,0,0,0,NA,SNE,NEFSC BTS
NMFS_BTS_SNE_SPRING,2001,SPRING,0.0342,0.6,0,0,0,3.42E-02,0,0,0,0,0,0,NA,SNE,NEFSC BTS
NMFS_BTS_SNE_SPRING,2002,SPRING,0.0171,0.87,0,0,0,0,0,0,1.71E-02,0,0,0,NA,SNE,NEFSC BTS
NMFS_BTS_SNE_SPRING,2003,SPRING,0.0135,0.87,0,0,0,0,0,1.35E-02,0,0,0,0,NA,SNE,NEFSC BTS
NMFS_BTS_SNE_SPRING,2004,SPRING,1.3668,0.83,1.85E-02,1.3326,3.42E-02,0,0,0,0,0,0,0,NA,SNE,NEFSC BTS
NMFS_BTS_SNE_SPRING,2005,SPRING,0.0564,0.54,0,1.85E-02,1.71E-02,2.08E-02,0,0,0,0,0,0,NA,SNE,NEFSC BTS
NMFS_BTS_SNE_SPRING,2006,SPRING,0,NA,0,0,0,0,0,0,0,0,0,0,NA,SNE,NEFSC BTS
NMFS_BTS_SNE_SPRING,2007,SPRING,0,NA,0,0,0,0,0,0,0,0,0,0,NA,SNE,NEFSC BTS
NMFS_BTS_SNE_SPRING,2008,SPRING,0.0171,0.9,0,0,1.71E-02,0,0,0,0,0,0,0,NA,SNE,NEFSC BTS
NMFS_BTS_SNE_SPRING,2009,SPRING,0.0233,0.59,0,5.80E-03,6.30E-03,1.12E-02,0,0,0,0,0,0,NA,SNE,NEFSC BTS
NMFS_BTS_SNE_SPRING,2010,SPRING,0.0687,0.37,0,1.29E-02,1.28E-02,8.90E-03,3.41E-02,0,0,0,0,0,NA,SNE,NEFSC BTS
NMFS_BTS_SNE_SPRING,2011,SPRING,0.1321,0.33,0,0,4.09E-02,7.94E-02,1.18E-02,0,0,0,0,0,NA,SNE,NEFSC BTS
NMFS_BTS_SNE_SPRING,2012,SPRING,0,NA,0,0,0,0,0,0,0,0,0,0,NA,SNE,NEFSC BTS
NMFS_BTS_SNE_SPRING,2013,SPRING,0.0806,0.43,0,0,1.86E-02,2.03E-02,4.17E-02,0,0,0,0,0,NA,SNE,NEFSC BTS
NMFS_BTS_SNE_SPRING,2014,SPRING,0.0235,0.47,0,0,1.47E-02,8.80E-03,0,0,0,0,0,0,NA,SNE,NEFSC BTS
NMFS_BTS_SNE_SPRING,2015,SPRING,0.0748,0.33,0,5.30E-03,4.45E-02,1.14E-02,1.36E-02,0,0,0,0,0,NA,SNE,NEFSC BTS
NMFS_BTS_SNE_SPRING,2016,SPRING,0.0109,0.86,0,0,0,1.09E-02,0,0,0,0,0,0,NA,SNE,NEFSC BTS
NMFS_BTS_SNE_SPRING,2017,SPRING,0.0724,0.65,0,0,1.12E-02,1.23E-02,4.89E-02,0,0,0,0,0,NA,SNE,NEFSC BTS
NMFS_BTS_SNE_SPRING,2018,SPRING,0.0618,0.71,0,0,4.47E-02,1.71E-02,0,0,0,0,0,0,NA,SNE,NEFSC BTS
NMFS_BTS_SNE_SPRING,2019,SPRING,0.0247,0.64,0,0,0,1.24E-02,0,1.23E-02,0,0,0,0,NA,SNE,NEFSC BTS
NMFS_BTS_SNE_SPRING,2021,SPRING,0,NA,0,0,0,0,0,0,0,0,0,0,NA,SNE,NEFSC BTS
NMFS_BTS_SNE_SPRING,2022,SPRING,0.0201,0.67,0,0,1.17E-02,8.40E-03,0,0,0,0,0,0,NA,SNE,NEFSC BTS
NMFS_BTS_EGOM_FALL,1970,FALL,5.5191,0.38,0,1.0115,0.4046,0.52,0.1484,0.4855,1.2152,0.9247,0.2107,0.5985,NA,EGOM,NEFSC BTS
NMFS_BTS_EGOM_FALL,1971,FALL,1.8369,0.28,0,6.92E-02,0.5196,0,0.2428,0,0.291,0.3331,0.1038,0.2774,NA,EGOM,NEFSC BTS
NMFS_BTS_EGOM_FALL,1972,FALL,4.8197,0.51,0,1.2666,1.4718,1.9088,0.1725,0,0,0,0,0,NA,EGOM,NEFSC BTS
NMFS_BTS_EGOM_FALL,1973,FALL,2.9747,0.39,0.6923,0.2308,1.1839,0.2023,1.04,0,0.1154,0,0.2023,0,NA,EGOM,NEFSC BTS
NMFS_BTS_EGOM_FALL,1974,FALL,4.6442,0.38,0,0.8661,0.4811,2.679,0,0,0,0,0,0.618,NA,EGOM,NEFSC BTS
NMFS_BTS_EGOM_FALL,1975,FALL,6.7275,0.14,0,0.1053,2.0885,0.3384,4.1953,0,0,0,0,0,NA,EGOM,NEFSC BTS
NMFS_BTS_EGOM_FALL,1976,FALL,2.6176,0.39,0,0,0,0.6586,0.2428,1.6297,0,8.65E-02,0,0,NA,EGOM,NEFSC BTS
NMFS_BTS_EGOM_FALL,1977,FALL,2.3452,0.3,0,0.3318,0.4124,0.4389,0.6859,0,0.2307,0,0.1228,0.1227,NA,EGOM,NEFSC BTS
NMFS_BTS_EGOM_FALL,1978,FALL,11.8978,0.38,0.6869,6.2095,0.7658,1.574,0.7901,2.085,0,0.3976,0,7.58E-02,NA,EGOM,NEFSC BTS
NMFS_BTS_EGOM_FALL,1979,FALL,3.183,0.23,0,0,0.8438,0.4548,0.6622,0.2684,0.57,0,0.3838,0,NA,EGOM,NEFSC BTS
NMFS_BTS_EGOM_FALL,1980,FALL,4.3696,0.33,0,0,0.4472,1.9305,0.7388,0.4686,0.3486,0.4359,0,0,NA,EGOM,NEFSC BTS
NMFS_BTS_EGOM_FALL,1981,FALL,1.5806,0.64,5.47E-02,0.4844,0,1.0962,0,0,0,0,0,0,NA,EGOM,NEFSC BTS
NMFS_BTS_EGOM_FALL,1982,FALL,6.242,0.7,0,0.4866,2.8254,2.0326,0.8974,0,0,0,0,0,NA,EGOM,NEFSC BTS
NMFS_BTS_EGOM_FALL,1983,FALL,4.5889,0.14,0,0.601,1.7305,0.6181,1.3965,0,0.2428,0,0,0,NA,EGOM,NEFSC BTS
NMFS_BTS_EGOM_FALL,1984,FALL,3.5162,0.22,0,1.3846,0.4998,0.8452,0.5298,0,0,0,0,0.2568,NA,EGOM,NEFSC BTS
NMFS_BTS_EGOM_FALL,1985,FALL,4.5533,0.25,0,1.5316,1.888,0.8695,4.99E-02,0,0.2143,0,0,0,NA,EGOM,NEFSC BTS
NMFS_BTS_EGOM_FALL,1986,FALL,4.2666,0.44,0,1.5995,0.5549,1.4455,0.4459,0,0.2208,0,0,0,NA,EGOM,NEFSC BTS
NMFS_BTS_EGOM_FALL,1987,FALL,1.347,0.33,0,0.9718,0.1839,0.1913,0,0,0,0,0,0,NA,EGOM,NEFSC BTS
NMFS_BTS_EGOM_FALL,1988,FALL,2.9776,0.23,0,1.1492,0.847,0.7952,0.1862,0,0,0,0,0,NA,EGOM,NEFSC BTS
NMFS_BTS_EGOM_FALL,1989,FALL,4.4134,0.31,0,0,1.8073,2.1482,0.2624,0.1955,0,0,0,0,NA,EGOM,NEFSC BTS
NMFS_BTS_EGOM_FALL,1990,FALL,2.3521,0.26,0,0.2787,0.182,1.4218,3.04E-02,0.371,0,6.82E-02,0,0,NA,EGOM,NEFSC BTS
NMFS_BTS_EGOM_FALL,1991,FALL,0.6495,0.65,0,0.1229,0.1229,0,0.2459,0,0,0.1578,0,0,NA,EGOM,NEFSC BTS
NMFS_BTS_EGOM_FALL,1992,FALL,1.4653,0.29,0.1665,0.8767,0.322,0.2666,0,0,0,0,0,0,NA,EGOM,NEFSC BTS
NMFS_BTS_EGOM_FALL,1993,FALL,0.9088,0.44,0.1052,0.1052,0.1888,0.6148,0,0,0,0,0,0,NA,EGOM,NEFSC BTS
NMFS_BTS_EGOM_FALL,1994,FALL,0.3776,0.44,0.111,0.2666,0.111,0,0,0,0,0,0,0,NA,EGOM,NEFSC BTS
NMFS_BTS_EGOM_FALL,1995,FALL,0.6672,0.73,4.44E-02,0,0.1112,0.4448,0.1112,0,0,0,0,0,NA,EGOM,NEFSC BTS
NMFS_BTS_EGOM_FALL,1996,FALL,0.4668,0.66,0.1556,0,0.1556,0.1556,0,0.1556,0,0,0,0,NA,EGOM,NEFSC BTS
NMFS_BTS_EGOM_FALL,1997,FALL,0.778,0.56,0,0.1556,0.3112,0.1556,0,0.1556,0,0,0,0,NA,EGOM,NEFSC BTS
NMFS_BTS_EGOM_FALL,1998,FALL,0.8336,0.55,0.1664,0,0.5418,0.1945,9.73E-02,0,0,0,0,0,NA,EGOM,NEFSC BTS
NMFS_BTS_EGOM_FALL,1999,FALL,0.5212,0.64,0,0.4347,8.65E-02,0,0,0,0,0,0,0,NA,EGOM,NEFSC BTS
NMFS_BTS_EGOM_FALL,2000,FALL,0.9775,0.65,4.44E-02,0.3014,0.3649,0.3112,0,0,0,0,0,0,NA,EGOM,NEFSC BTS
NMFS_BTS_EGOM_FALL,2001,FALL,0.3483,0.73,3.70E-02,0,3.70E-02,0.3113,0,0,0,0,0,0,NA,EGOM,NEFSC BTS
NMFS_BTS_EGOM_FALL,2002,FALL,0,NA,0,0,0,0,0,0,0,0,0,0,NA,EGOM,NEFSC BTS
NMFS_BTS_EGOM_FALL,2003,FALL,0.9336,0.66,0.1109,0,0,0.1556,0.3112,0.3112,0.1556,0,0,0,NA,EGOM,NEFSC BTS
NMFS_BTS_EGOM_FALL,2004,FALL,0.5835,0.56,0,0.1945,0,0.389,0,0,0,0,0,0,NA,EGOM,NEFSC BTS
NMFS_BTS_EGOM_FALL,2005,FALL,0.2111,0.73,0,0.1556,5.55E-02,0,0,0,0,0,0,0,NA,EGOM,NEFSC BTS
NMFS_BTS_EGOM_FALL,2006,FALL,0.9336,0.56,0,0.1556,0,0.6224,0,0.1556,0,0,0,0,NA,EGOM,NEFSC BTS
NMFS_BTS_EGOM_FALL,2007,FALL,0.6224,0.44,0,0,0.3112,0.1556,0.1556,0,0,0,0,0,NA,EGOM,NEFSC BTS
NMFS_BTS_EGOM_FALL,2008,FALL,0.3112,0.54,0,0,0.1556,0,0,0.1556,0,0,0,0,NA,EGOM,NEFSC BTS
NMFS_BTS_EGOM_FALL,2009,FALL,0.3425,0.46,0,0.1235,0.1416,7.74E-02,0,0,0,0,0,0,NA,EGOM,NEFSC BTS
NMFS_BTS_EGOM_FALL,2010,FALL,0.0125,0.63,9.80E-03,1.25E-02,0,0,0,0,0,0,0,0,NA,EGOM,NEFSC BTS
NMFS_BTS_EGOM_FALL,2011,FALL,0.1609,0.69,0,4.12E-02,0.1197,0,0,0,0,0,0,0,NA,EGOM,NEFSC BTS
NMFS_BTS_EGOM_FALL,2012,FALL,0.2233,0.56,0,7.08E-02,0.1525,0,0,0,0,0,0,0,NA,EGOM,NEFSC BTS
NMFS_BTS_EGOM_FALL,2013,FALL,0.0563,0.31,1.68E-02,4.16E-02,1.47E-02,0,0,0,0,0,0,0,NA,EGOM,NEFSC BTS
NMFS_BTS_EGOM_FALL,2014,FALL,0.1272,0.62,0,2.11E-02,4.97E-02,5.64E-02,0,0,0,0,0,0,NA,EGOM,NEFSC BTS
NMFS_BTS_EGOM_FALL,2015,FALL,0.1008,0.54,0,0,0.1008,0,0,0,0,0,0,0,NA,EGOM,NEFSC BTS
NMFS_BTS_EGOM_FALL,2016,FALL,0.1197,0.59,6.40E-03,0,0,0.1197,0,0,0,0,0,0,NA,EGOM,NEFSC BTS
NMFS_BTS_EGOM_FALL,2017,FALL,0.0994,0.63,0,0,9.94E-02,0,0,0,0,0,0,0,NA,EGOM,NEFSC BTS
NMFS_BTS_EGOM_FALL,2018,FALL,0,NA,0,0,0,0,0,0,0,0,0,0,NA,EGOM,NEFSC BTS
NMFS_BTS_EGOM_FALL,2019,FALL,0.0305,0.89,0,0,3.05E-02,0,0,0,0,0,0,0,NA,EGOM,NEFSC BTS
NMFS_BTS_EGOM_FALL,2021,FALL,0,NA,0,0,0,0,0,0,0,0,0,0,NA,EGOM,NEFSC BTS
NMFS_BTS_EGOM_SPRING,1970,SPRING,1.7669,0.37,0,0,0,0,0,0.8198,0.4736,0.1947,0,0.2788,NA,EGOM,NEFSC BTS
NMFS_BTS_EGOM_SPRING,1971,SPRING,1.4961,0.27,0,0.2096,0.2058,0.2023,0.2715,0,0,0.4046,0.2023,0,NA,EGOM,NEFSC BTS
NMFS_BTS_EGOM_SPRING,1972,SPRING,3.849,0.55,0,0.4099,0.4046,1.2138,0.6069,0.6069,0,0,0.4046,0.2023,NA,EGOM,NEFSC BTS
NMFS_BTS_EGOM_SPRING,1973,SPRING,4.3312,0.33,0,0,8.65E-02,1.8107,0.7661,0.8171,0,9.73E-02,0.1699,0.5836,NA,EGOM,NEFSC BTS
NMFS_BTS_EGOM_SPRING,1974,SPRING,2.5993,0.37,0,0.4504,0,0.8316,0.2428,6.92E-02,0.2428,0,0.1384,0.6241,NA,EGOM,NEFSC BTS
NMFS_BTS_EGOM_SPRING,1975,SPRING,4.056,0.66,0,0,0.9533,0,2.7626,0.3401,0,0,0,0,NA,EGOM,NEFSC BTS
NMFS_BTS_EGOM_SPRING,1976,SPRING,3.1176,0.31,0,0,0.6056,0.3465,0.1734,1.5588,0,0,0,0.4333,NA,EGOM,NEFSC BTS
NMFS_BTS_EGOM_SPRING,1977,SPRING,2.8062,0.33,0,6.92E-02,0,0.5047,2.2323,0,0,0,0,0,NA,EGOM,NEFSC BTS
NMFS_BTS_EGOM_SPRING,1978,SPRING,4.5054,0.39,0,0.1368,0.352,1.1164,1.2718,1.0799,0.1608,0.1014,0,0.2863,NA,EGOM,NEFSC BTS
NMFS_BTS_EGOM_SPRING,1979,SPRING,8.4358,0.51,0,1.4467,4.6633,0.2931,0.4459,0.7406,0.769,7.72E-02,0,0,NA,EGOM,NEFSC BTS
NMFS_BTS_EGOM_SPRING,1980,SPRING,3.1412,0.46,0,9.12E-02,0.5407,0.9887,0.4416,0.2732,0.8058,0,0,0,NA,EGOM,NEFSC BTS
NMFS_BTS_EGOM_SPRING,1981,SPRING,5.7455,0.22,0,0.9581,0.2252,0.94,2.6259,0.6146,0.2217,0,0.16,0,NA,EGOM,NEFSC BTS
NMFS_BTS_EGOM_SPRING,1982,SPRING,3.2417,0.42,0,0.283,0.9495,0.3836,9.12E-02,1.3425,0,0.1919,0,0,NA,EGOM,NEFSC BTS
NMFS_BTS_EGOM_SPRING,1983,SPRING,6.242,0.23,6.92E-02,0.6071,2.147,1.4147,0.8475,0.457,0.5227,0,0,0.246,NA,EGOM,NEFSC BTS
NMFS_BTS_EGOM_SPRING,1984,SPRING,3.971,0.63,0,0.2428,0,2.2717,1.4565,0,0,0,0,0,NA,EGOM,NEFSC BTS
NMFS_BTS_EGOM_SPRING,1985,SPRING,1.7119,0.61,0,0.1556,0.2108,0.8787,0.4668,0,0,0,0,0,NA,EGOM,NEFSC BTS
NMFS_BTS_EGOM_SPRING,1986,SPRING,5.2244,0.59,0,2.6512,0.9726,1.4008,0.1998,0,0,0,0,0,NA,EGOM,NEFSC BTS
NMFS_BTS_EGOM_SPRING,1987,SPRING,0.2458,0.93,0,0,0,0,0.2458,0,0,0,0,0,NA,EGOM,NEFSC BTS
NMFS_BTS_EGOM_SPRING,1988,SPRING,2.7325,0.27,0,1.9103,0.345,0,0,0.2804,0.1968,0,0,0,NA,EGOM,NEFSC BTS
NMFS_BTS_EGOM_SPRING,1989,SPRING,1.7031,0.26,0,3.51E-02,0.9295,0.3698,0.3687,0,0,0,0,0,NA,EGOM,NEFSC BTS
NMFS_BTS_EGOM_SPRING,1990,SPRING,2.4936,0.46,0,0,0.1545,1.6017,0.602,0.1354,0,0,0,0,NA,EGOM,NEFSC BTS
NMFS_BTS_EGOM_SPRING,1991,SPRING,1.475,0.71,0,0,0,0.2846,0.8183,0.3721,0,0,0,0,NA,EGOM,NEFSC BTS
NMFS_BTS_EGOM_SPRING,1992,SPRING,0.8335,0.85,0,0.2111,0.4668,0,0.1556,0,0,0,0,0,NA,EGOM,NEFSC BTS
NMFS_BTS_EGOM_SPRING,1993,SPRING,2.7936,0.33,0,0.5409,0.7302,0.5596,0.4961,0.1556,0.3112,0,0,0,NA,EGOM,NEFSC BTS
NMFS_BTS_EGOM_SPRING,1994,SPRING,0.9656,0.67,0,3.51E-02,0.5618,0.2458,0,0,0,0.1229,0,0,NA,EGOM,NEFSC BTS
NMFS_BTS_EGOM_SPRING,1995,SPRING,0.3556,0.5,0,4.44E-02,0,0.3112,0,0,0,0,0,0,NA,EGOM,NEFSC BTS
NMFS_BTS_EGOM_SPRING,1996,SPRING,0.4669,0.59,0,0.3113,0,0.1556,0,0,0,0,0,0,NA,EGOM,NEFSC BTS
NMFS_BTS_EGOM_SPRING,1997,SPRING,0.9112,0.61,0,0.5556,0.3112,4.44E-02,0,0,0,0,0,0,NA,EGOM,NEFSC BTS
NMFS_BTS_EGOM_SPRING,1998,SPRING,0.238,0.53,0,6.34E-02,6.34E-02,0,0.1112,0,0,0,0,0,NA,EGOM,NEFSC BTS
NMFS_BTS_EGOM_SPRING,1999,SPRING,0.2,0.71,0,4.44E-02,0,0,0,0,0.1556,0,0,0,NA,EGOM,NEFSC BTS
NMFS_BTS_EGOM_SPRING,2000,SPRING,5.5977,0.57,0,3.886,1.7117,0,0,0,0,0,0,0,NA,EGOM,NEFSC BTS
NMFS_BTS_EGOM_SPRING,2001,SPRING,0.4668,0.89,0,0.1556,0,0.3112,0,0,0,0,0,0,NA,EGOM,NEFSC BTS
NMFS_BTS_EGOM_SPRING,2002,SPRING,1.1556,0.58,0,0.6444,0,0.2,0.3112,0,0,0,0,0,NA,EGOM,NEFSC BTS
NMFS_BTS_EGOM_SPRING,2003,SPRING,1.6588,0.57,0,0.2458,1.2901,0,0.1229,0,0,0,0,0,NA,EGOM,NEFSC BTS
NMFS_BTS_EGOM_SPRING,2004,SPRING,0.463,0.76,0,0.463,0,0,0,0,0,0,0,0,NA,EGOM,NEFSC BTS
NMFS_BTS_EGOM_SPRING,2005,SPRING,0.778,0.4,0,0.1556,0.3112,0.1556,0.1556,0,0,0,0,0,NA,EGOM,NEFSC BTS
NMFS_BTS_EGOM_SPRING,2006,SPRING,0.2407,0.64,0,0.1297,0.111,0,0,0,0,0,0,0,NA,EGOM,NEFSC BTS
NMFS_BTS_EGOM_SPRING,2007,SPRING,0.4165,0.58,0,0.1665,5.55E-02,0,0.1945,0,0,0,0,0,NA,EGOM,NEFSC BTS
NMFS_BTS_EGOM_SPRING,2008,SPRING,0.4668,0.89,0,0,0,0,0.4668,0,0,0,0,0,NA,EGOM,NEFSC BTS
NMFS_BTS_EGOM_SPRING,2009,SPRING,0.0667,0.6,0,0,6.67E-02,0,0,0,0,0,0,0,NA,EGOM,NEFSC BTS
NMFS_BTS_EGOM_SPRING,2010,SPRING,0.1998,0.78,0,8.40E-02,8.20E-02,3.38E-02,0,0,0,0,0,0,NA,EGOM,NEFSC BTS
NMFS_BTS_EGOM_SPRING,2011,SPRING,0.0989,0.61,0,1.20E-02,2.02E-02,0,6.67E-02,0,0,0,0,0,NA,EGOM,NEFSC BTS
NMFS_BTS_EGOM_SPRING,2012,SPRING,0.3494,0.38,0,8.50E-02,5.35E-02,0.1504,0,0,6.05E-02,0,0,0,NA,EGOM,NEFSC BTS
NMFS_BTS_EGOM_SPRING,2013,SPRING,0.0076,0.56,0,7.60E-03,0,0,0,0,0,0,0,0,NA,EGOM,NEFSC BTS
NMFS_BTS_EGOM_SPRING,2014,SPRING,0.0124,0.66,0,0,1.24E-02,0,0,0,0,0,0,0,NA,EGOM,NEFSC BTS
NMFS_BTS_EGOM_SPRING,2015,SPRING,0.0224,0.68,0,7.30E-03,1.51E-02,0,0,0,0,0,0,0,NA,EGOM,NEFSC BTS
NMFS_BTS_EGOM_SPRING,2016,SPRING,0.2526,0.76,0,9.81E-02,7.13E-02,8.32E-02,0,0,0,0,0,0,NA,EGOM,NEFSC BTS
NMFS_BTS_EGOM_SPRING,2017,SPRING,0.1884,0.39,0,0,9.70E-03,5.05E-02,4.02E-02,0,0,8.80E-02,0,0,NA,EGOM,NEFSC BTS
NMFS_BTS_EGOM_SPRING,2018,SPRING,0.0191,0.78,0,1.91E-02,0,0,0,0,0,0,0,0,NA,EGOM,NEFSC BTS
NMFS_BTS_EGOM_SPRING,2019,SPRING,0.1032,0.6,0,0,0,0,4.66E-02,5.66E-02,0,0,0,0,NA,EGOM,NEFSC BTS
NMFS_BTS_EGOM_SPRING,2021,SPRING,0,NA,0,0,0,0,0,0,0,0,0,0,NA,EGOM,NEFSC BTS
NMFS_BTS_EGOM_SPRING,2022,SPRING,0,NA,0,0,0,0,0,0,0,0,0,0,NA,EGOM,NEFSC BTS
DFO_5Z1-7_SPRING,1987,SPRING,7344249.59,0.261130771,0,353583.9292,2993142.943,1293692.197,1534090.849,465851.9357,163920.8237,297965.3587,103571.4396,138430.1134,0,GBK,DFO Trawl
DFO_5Z1-7_SPRING,1988,SPRING,11288424.84,0.239965101,0,391729.5566,1395736.932,6566903.886,824834.962,1438343.214,182094.3937,108655.2554,245106.1312,135020.5074,0,GBK,DFO Trawl
DFO_5Z1-7_SPRING,1989,SPRING,13354386.41,0.160375504,0,2145667.938,3804881.299,1895875.903,3951027.585,509835.0431,587953.8015,64928.05616,134108.9576,260107.8276,0,GBK,DFO Trawl
DFO_5Z1-7_SPRING,1990,SPRING,20943679.33,0.166508909,21234.16977,637496.0974,3685623.581,5421545.924,2967016.798,5477570.71,595678.0487,1312983.599,162733.3141,656522.4095,5274.674612,GBK,DFO Trawl
DFO_5Z1-7_SPRING,1991,SPRING,12853260.52,0.132913055,0,1649840.164,1634188.107,2568203.387,3002280.933,1462955.778,1828237.562,219137.6074,312084.4874,176332.4981,0,GBK,DFO Trawl
DFO_5Z1-7_SPRING,1992,SPRING,10934055.57,0.178164932,0,161798.2821,4022983.429,2485837.744,1130428.381,1380987.104,850599.2818,605692.3275,163682.8506,132046.1655,0,GBK,DFO Trawl
DFO_5Z1-7_SPRING,1993,SPRING,5924871.851,0.23150024,0,42210.01856,479134.0432,2261978.619,827891.6744,498408.3643,980709.1723,354680.1285,332761.6032,147098.2277,0,GBK,DFO Trawl
DFO_5Z1-7_SPRING,1994,SPRING,3951988.461,0.310285854,0,12545.17205,642851.0973,714601.6295,1322796.843,483605.7144,183127.1277,363544.6933,84048.13207,140593.9142,4274.137807,GBK,DFO Trawl
DFO_5Z1-7_SPRING,1995,SPRING,5672979.577,0.257729317,0,95687.31429,949552.0963,2116501.316,1211226.836,845284.7077,272899.5553,55247.29533,67096.50532,59483.95108,0,GBK,DFO Trawl
DFO_5Z1-7_SPRING,1996,SPRING,13202168.31,0.225219731,0,199863.948,683484.3216,3254603.537,5660334.393,1529255.559,1112921.908,457555.5037,106790.8161,197358.3274,0,GBK,DFO Trawl
DFO_5Z1-7_SPRING,1997,SPRING,6038425.284,0.190873262,0,455975.0547,745612.0845,770892.8428,1764525.021,1732669.659,383258.0371,84856.89572,46636.23258,50645.61702,3353.839349,GBK,DFO Trawl
DFO_5Z1-7_SPRING,1998,SPRING,3835933.098,0.193442876,0,20096.01302,944727.0606,1332203.796,489531.4306,498526.6606,389096.1032,92669.40104,32028.25535,37054.37795,0,GBK,DFO Trawl
DFO_5Z1-7_SPRING,1999,SPRING,5730365.301,0.184668483,0,457877.6005,449040.2179,2092140.069,1530404.512,570100.0068,364246.0828,205021.4436,9910.278356,48163.06334,3462.027715,GBK,DFO Trawl
DFO_5Z1-7_SPRING,2000,SPRING,12232306.23,0.48660327,0,141540.2078,618840.8577,1483793.41,5477510.48,2452459.74,1116176.998,546088.8252,340374.5173,52472.44843,3048.744603,GBK,DFO Trawl
DFO_5Z1-7_SPRING,2001,SPRING,4764333.581,0.332264264,0,3329.183187,80312.72043,899310.1575,586862.2659,1558717.719,731494.6273,365218.3799,234847.471,304241.0569,0,GBK,DFO Trawl
DFO_5Z1-7_SPRING,2002,SPRING,7489759.036,0.26267793,0,12893.38667,121745.7515,805617.0629,2887078.741,961543.1392,1718160.596,563812.3136,232375.5049,186532.5401,0,GBK,DFO Trawl
DFO_5Z1-7_SPRING,2003,SPRING,4238300.444,0.149165655,0,0,31360.33509,419144.8517,912160.3631,1706764.201,447151.1923,474403.5405,227598.5545,19717.40588,0,GBK,DFO Trawl
DFO_5Z1-7_SPRING,2004,SPRING,3523502.584,0.184771177,0,753776.159,134498.7601,551715.6853,595577.5842,634621.4012,545453.6534,103827.8185,165354.269,38677.25301,0,GBK,DFO Trawl
DFO_5Z1-7_SPRING,2005,SPRING,15449152.83,0.523303679,0,32635.08905,2202885.85,1480525.391,7694749.626,2071864.435,956843.415,838935.9746,58860.27344,102554.5253,9298.247844,GBK,DFO Trawl
DFO_5Z1-7_SPRING,2006,SPRING,5820768.55,0.248644438,0,0,42872.58993,1694531.94,747393.9288,1925221.236,804197.8663,230777.9939,230106.237,145666.7579,0,GBK,DFO Trawl
DFO_5Z1-7_SPRING,2007,SPRING,7111539.497,0.170849831,0,169875.0861,642098.8739,1168117.745,3634534.52,479648.8164,748016.9235,119045.3949,93681.05998,56521.07728,0,GBK,DFO Trawl
DFO_5Z1-7_SPRING,2008,SPRING,6290379.856,0.240089104,0,12271.38629,454928.4637,1259822.828,835775.822,3069288.507,196496.0062,396500.5019,41216.76838,24079.57297,0,GBK,DFO Trawl
DFO_5Z1-7_SPRING,2009,SPRING,9148487.315,0.528998134,0,42483.78227,329526.7705,2769060.715,2457410.089,513470.2835,2937387.095,0,81590.16849,17558.41111,0,GBK,DFO Trawl
DFO_5Z1-7_SPRING,2010,SPRING,11091246.34,0.61745483,0,4612.883139,144190.5564,1101333.179,4671161.752,2060007.362,812961.8929,2119119.639,74798.05442,103061.0204,0,GBK,DFO Trawl
DFO_5Z1-7_SPRING,2011,SPRING,4711865.186,0.19146615,0,179637.2158,612401.8345,941812.6548,1100031.51,1406367.758,266868.5871,68114.2282,111457.6921,19021.90269,6151.802976,GBK,DFO Trawl
DFO_5Z1-7_SPRING,2012,SPRING,1276360.012,0.177134306,0,8692.8995,174037.3731,376427.2358,327288.6098,199676.2373,161144.9593,7626.09723,17347.28606,4119.314375,0,GBK,DFO Trawl
DFO_5Z1-7_SPRING,2013,SPRING,6877917.189,0.423466257,0,0,474075.7205,3800183.625,2089737.606,299489.6405,80988.94713,52458.39186,9822.11002,0,71161.14834,GBK,DFO Trawl
DFO_5Z1-7_SPRING,2014,SPRING,1369790.74,0.209325571,0,57995.0918,26681.68711,457220.4714,582722.6732,178344.2202,36917.70742,0,18000.14584,0,11908.74353,GBK,DFO Trawl
DFO_5Z1-7_SPRING,2015,SPRING,1790668.478,0.324266256,0,0,481615.8903,152819.082,604942.4013,446623.0759,97178.46712,7489.561813,0,0,0,GBK,DFO Trawl
DFO_5Z1-7_SPRING,2016,SPRING,2128628.45,0.183140593,0,8258.307544,288439.789,1127916.302,223757.424,299935.4152,159095.9851,17122.05499,4103.172295,0,0,GBK,DFO Trawl
DFO_5Z1-7_SPRING,2017,SPRING,8833422.744,0.582439696,87367.20029,4748.556172,154290.2621,1900060.217,6049525.622,188330.7533,264233.0053,184867.1278,0,0,0,GBK,DFO Trawl
DFO_5Z1-7_SPRING,2018,SPRING,4033367.831,0.321330504,0,58784.73624,218523.4292,592074.7653,1186658.19,1837125.255,81471.20852,51289.96594,7440.280527,0,0,GBK,DFO Trawl
DFO_5Z1-7_SPRING,2019,SPRING,2937776.474,0.609283885,0,9482.5611,466427.1875,1069350.638,670514.2877,395141.6968,314422.5985,0,0,12437.50447,0,GBK,DFO Trawl
DFO_5Z1-7_SPRING,2020,SPRING,3267440.428,0.417136603,0,31961.90191,462906.8162,1749710.523,619135.1821,329643.4079,49201.85705,19559.67489,5321.064536,0,0,GBK,DFO Trawl
DFO_5Z1-7_SPRING,2021,SPRING,1144082.073,0.314977457,4057.442009,62477.52947,185520.0779,307869.8716,400340.5944,105751.1286,43827.66463,6453.931343,27783.83303,0,0,GBK,DFO Trawl
DFO_5ZJ-M_SPRING,1987,SPRING,3811760.153,0.420465433,0,48211.24629,1790661.586,641988.6241,753378.8079,162262.1865,89260.91582,181215.9155,88943.93151,55836.9395,0,GBK,DFO Trawl
DFO_5ZJ-M_SPRING,1988,SPRING,7740728.928,0.329900646,0,147914.8647,449910.9002,5336796.51,564631.5267,838208.9228,95132.80755,78547.15775,179313.5187,50272.71928,0,GBK,DFO Trawl
DFO_5ZJ-M_SPRING,1989,SPRING,5867557.968,0.158125686,0,350082.4945,2168745.506,764161.4916,1705505.853,258250.7421,331999.904,41678.78873,84746.48577,162386.7021,0,GBK,DFO Trawl
DFO_5ZJ-M_SPRING,1990,SPRING,13125007.11,0.184909772,20063.23694,105671.0487,794780.6957,3471199.644,1952990.031,4402093.414,535180.964,1094054.178,144324.4947,604649.3994,0,GBK,DFO Trawl
DFO_5ZJ-M_SPRING,1991,SPRING,7876395.189,0.158349658,0,1197559.438,1019386.94,1407736.749,1639492.559,881612.7864,1194821.993,147558.5147,249470.2208,138755.9882,0,GBK,DFO Trawl
DFO_5ZJ-M_SPRING,1992,SPRING,5276442.823,0.171219575,0,47509.41024,2049053.316,1220817.129,409092.3221,643424.9576,451225.1548,300334.7804,92648.1896,62337.56349,0,GBK,DFO Trawl
DFO_5ZJ-M_SPRING,1993,SPRING,4504104.017,0.209572402,0,30953.63449,354940.4245,1722939.362,621526.5544,370272.1842,753984.0463,274428.5095,267584.1097,107475.1918,0,GBK,DFO Trawl
DFO_5ZJ-M_SPRING,1994,SPRING,3871425.086,0.315748153,0,12545.17205,629174.2538,691301.8322,1288787.652,476674.288,181854.6222,363443.5879,84048.13207,143595.5465,0,GBK,DFO Trawl
DFO_5ZJ-M_SPRING,1995,SPRING,3092658.883,0.336849725,0,32127.07971,187285.7904,1240107.72,756623.4952,519957.0824,186287.6976,43822.26763,66905.55831,59542.19139,0,GBK,DFO Trawl
DFO_5ZJ-M_SPRING,1996,SPRING,9589552.348,0.244149012,0,90142.39024,202902.925,1744259.897,4336809,1431951.498,1033891.059,445089.9394,107147.3112,197358.3274,0,GBK,DFO Trawl
DFO_5ZJ-M_SPRING,1997,SPRING,3904984.592,0.248250557,0,29811.56028,375853.0092,568000.7463,1324821.839,1261640.692,216393.33,50408.46356,34600.26974,43454.68305,0,GBK,DFO Trawl
DFO_5ZJ-M_SPRING,1998,SPRING,2402203.901,0.185794648,0,5965.041243,581971.4583,830589.1953,322368.5552,316894.6426,237648.1126,56023.12545,28599.49335,22144.27727,0,GBK,DFO Trawl
DFO_5ZJ-M_SPRING,1999,SPRING,3560745.338,0.241172747,0,3442.131004,156211.6045,1297811.876,1090491.25,449226.3236,317445.9365,190459.0246,9910.278356,45746.91341,0,GBK,DFO Trawl
DFO_5ZJ-M_SPRING,2000,SPRING,10753810.8,0.54962406,0,0,422952.5286,1294320.455,4967095.544,2156594.629,1031266.316,509836.4431,316992.7713,54752.11534,0,GBK,DFO Trawl
DFO_5ZJ-M_SPRING,2001,SPRING,4247583.583,0.368362297,0,3329.183187,36500.36308,802492.9452,519286.1028,1390587.017,644801.5116,333981.3044,224381.1483,292224.0075,0,GBK,DFO Trawl
DFO_5ZJ-M_SPRING,2002,SPRING,5462245.178,0.312794241,0,0,118257.2885,476512.8075,2097450.197,694223.9581,1282622.943,458075.3447,188371.3392,146731.3003,0,GBK,DFO Trawl
DFO_5ZJ-M_SPRING,2003,SPRING,2078159.601,0.150712406,0,0,7977.393048,199543.1128,509529.7977,867133.8446,193875.7954,219250.3394,68928.65929,11920.65924,0,GBK,DFO Trawl
DFO_5ZJ-M_SPRING,2004,SPRING,2069001.879,0.19595008,0,427027.4639,39821.67054,246386.4857,380547.6381,421997.6435,353151.1662,59051.81303,108026.0463,32991.95192,0,GBK,DFO Trawl
DFO_5ZJ-M_SPRING,2005,SPRING,14622524.57,0.598387555,0,26596.59876,1136318.159,1473790.74,8000904.711,2062204.317,954454.7224,802019.9659,57195.06123,99742.04425,9298.247844,GBK,DFO Trawl
DFO_5ZJ-M_SPRING,2006,SPRING,5227607.082,0.257719145,0,0,41908.09985,1486166.7,654766.3356,1730362.9,740057.6272,216693.9578,217178.0675,140473.3937,0,GBK,DFO Trawl
DFO_5ZJ-M_SPRING,2007,SPRING,4591004.704,0.205752969,0,18050.47212,130064.841,548504.6825,2605562.486,378918.8504,652894.8019,119045.3949,81442.0975,56521.07728,0,GBK,DFO Trawl
DFO_5ZJ-M_SPRING,2008,SPRING,5569008.303,0.266634803,0,12271.38629,147122.4326,1026582.788,754553.6373,2977536.897,193683.0675,391961.7525,41216.76838,24079.57297,0,GBK,DFO Trawl
DFO_5ZJ-M_SPRING,2009,SPRING,8372183.417,0.576644515,0,10916.34824,50975.89723,2475428.022,2261063.143,519173.5585,2955477.868,0,81590.16849,17558.41111,0,GBK,DFO Trawl
DFO_5ZJ-M_SPRING,2010,SPRING,9622579.37,0.586889613,0,4612.883139,91883.36814,955758.8004,4105405.6,1781203.639,702832.1012,1827650.872,64558.42016,88673.68621,0,GBK,DFO Trawl
DFO_5ZJ-M_SPRING,2011,SPRING,3964867.111,0.216837621,0,192535.4581,271374.3386,766222.6776,951899.4112,1323829.621,255825.5821,67159.7807,112142.5822,23877.65974,0,GBK,DFO Trawl
DFO_5ZJ-M_SPRING,2012,SPRING,1188930.894,0.177126685,0,8692.8995,149778.478,328437.0996,316990.6044,196652.185,159236.2068,6775.513547,18220.83044,4147.076897,0,GBK,DFO Trawl
DFO_5ZJ-M_SPRING,2013,SPRING,6786398.204,0.430818962,0,0,430874.2901,3753636.296,2173113.176,285472.0127,81021.9269,52458.39186,9822.11002,0,0,GBK,DFO Trawl
DFO_5ZJ-M_SPRING,2014,SPRING,1213289.846,0.220593644,0,75648.03405,8548.040317,359978.4983,537978.1445,169378.2381,34869.81108,0,26889.07968,0,0,GBK,DFO Trawl
DFO_5ZJ-M_SPRING,2015,SPRING,1770011.401,0.327072298,0,0,476414.767,152337.7313,598027.9648,438507.9971,97233.3794,7489.561813,0,0,0,GBK,DFO Trawl
DFO_5ZJ-M_SPRING,2016,SPRING,1848274.558,0.209406463,0,8258.307544,196674.4402,1003876.369,199135.6317,272914.2177,147005.9811,16306.43895,4103.172295,0,0,GBK,DFO Trawl
DFO_5ZJ-M_SPRING,2017,SPRING,8266099.625,0.678729733,0,4748.556172,52399.07565,1660205.573,5897034.611,193721.0633,269533.9728,188456.774,0,0,0,GBK,DFO Trawl
DFO_5ZJ-M_SPRING,2018,SPRING,3708113.041,0.340137683,0,45368.87845,183721.4779,552421.5679,1114987.735,1674646.461,79095.56226,50431.07748,7440.280527,0,0,GBK,DFO Trawl
DFO_5ZJ-M_SPRING,2019,SPRING,2542154.102,0.696807723,0,9482.5611,268642.7689,1004936.251,573891.2473,388589.5648,283826.4802,0,0,12785.22929,0,GBK,DFO Trawl
DFO_5ZJ-M_SPRING,2020,SPRING,3274328.839,0.416497768,0,31961.90191,465709.4628,1752526.394,620013.2136,329966.8838,49270.2441,19559.67489,5321.064536,0,0,GBK,DFO Trawl
DFO_5ZJ-M_SPRING,2021,SPRING,1124347.954,0.322059476,4057.442009,62477.52947,189194.2832,296674.998,393802.6062,100998.1558,43437.21788,6453.931343,27251.79022,0,0,GBK,DFO Trawl
DFO_5Z1-2_SUMMER,1989,SUMMER,6602032.299,0.578652589,0,351788.6463,1300391.753,485188.072,817788.2245,52922.87968,157878.4624,13099.61789,0,0,3422974.643,GBK,DFO Trawl
DFO_5Z1-2_SUMMER,1990,SUMMER,2807957.657,0.457350388,226928.2233,181740.0341,504387.0452,776726.7623,567238.4196,399489.5362,74900.07785,51791.7524,0,24755.80618,0,GBK,DFO Trawl
DFO_5Z1-2_SUMMER,2011,SUMMER,NA,NA,NA,NA,NA,NA,NA,NA,NA,NA,NA,NA,NA,GBK,DFO Trawl
DFO_5Z1-2_SUMMER,2013,SUMMER,1660862.132,0.634106102,0,0,41068.82314,91015.14947,32246.6315,0,0,0,0,0,1496531.528,GBK,DFO Trawl
DFO_5Z1-2_SUMMER,2016,SUMMER,NA,NA,NA,NA,NA,NA,NA,NA,NA,NA,NA,NA,NA,GBK,DFO Trawl
DFO_5Z1-2_SUMMER,2017,SUMMER,3802575.689,0.550165416,0,23532.95869,118528.3442,1245566.685,2150211.67,0,245917.746,18818.28587,0,0,0,GBK,DFO Trawl
DFO_5Z1-2_SUMMER,2019,SUMMER,896484.8678,0.36510111,295983.349,20816.42832,276233.2983,43705.52624,77579.94446,99684.86353,82481.45799,0,0,0,0,GBK,DFO Trawl
DFO_5Z1-2_SUMMER,2020,SUMMER,758004.1323,0.405427217,0,154622.1706,205192.4351,286825.6771,38929.7202,59611.71584,0,0,0,0,12822.41342,GBK,DFO Trawl
DFO_5Z1-2_SUMMER,2021,SUMMER,9500272.792,0.756015666,631572.9576,5519141.715,1842062.442,359915.404,478249.4372,197822.7406,59298.6808,0,0,0,412209.4147,GBK,DFO Trawl
MENH_EGOM_FALL,2000,FALL,6.056221,1.23056,4.61709,0.571077,0.236937,0.350321,0.196935,0.040307,0.008872,0,0.011561,0,NA,EGOM,ME-NH Inshore Trawl
MENH_EGOM_FALL,2001,FALL,2.512971,0.705264,1.812583,0.088943,0.01657,0.032028,0.023647,0.022691,0,0,0,0,NA,EGOM,ME-NH Inshore Trawl
MENH_EGOM_FALL,2002,FALL,1.260812,0.51787,0.199761,0.850954,0.185224,0.013312,0.007707,0,0,0,0.003854,0,NA,EGOM,ME-NH Inshore Trawl
MENH_EGOM_FALL,2003,FALL,4.942217,0.458512,4.359835,0.14758,0.144441,0.136971,0.131927,0,0.021463,0,0,0,NA,EGOM,ME-NH Inshore Trawl
MENH_EGOM_FALL,2004,FALL,3.36834,0.911311,0.887388,1.710693,0.573472,0.150762,0.046026,0,0,0,0,0,NA,EGOM,ME-NH Inshore Trawl
MENH_EGOM_FALL,2005,FALL,1.633336,0.253428,1.076566,0.271123,0.184259,0.047712,0.017892,0,0,0,0,0,NA,EGOM,ME-NH Inshore Trawl
MENH_EGOM_FALL,2006,FALL,1.764111,0.869458,0.497208,0.014888,0.078306,0,0,0,0,0,0,0,NA,EGOM,ME-NH Inshore Trawl
MENH_EGOM_FALL,2007,FALL,0.389916,0.640205,0,0.005964,0.100003,0.0497,0.007952,0,0,0,0,0,NA,EGOM,ME-NH Inshore Trawl
MENH_EGOM_FALL,2008,FALL,0.251699,1.073288,0.146616,0,0.011844,0.011844,0,0,0.013545,0,0,0,NA,EGOM,ME-NH Inshore Trawl
MENH_EGOM_FALL,2009,FALL,0.794664,0.558649,0.4155,0,0,0.016627,0,0,0,0,0,0,NA,EGOM,ME-NH Inshore Trawl
MENH_EGOM_FALL,2010,FALL,0.472886,0.391031,0,0.056309,0.049195,0.01172,0,0,0,0,0,0,NA,EGOM,ME-NH Inshore Trawl
MENH_EGOM_FALL,2011,FALL,1.082252,0.389985,0.999498,0.053431,0,0,0,0,0,0,0,0,NA,EGOM,ME-NH Inshore Trawl
MENH_EGOM_FALL,2012,FALL,0.265019,0.844705,0.072787,0.106482,0.032195,0,0,0,0,0,0,0,NA,EGOM,ME-NH Inshore Trawl
MENH_EGOM_FALL,2013,FALL,0.068393,1.08246,0.068393,0,0,0,0,0,0,0,0,0,NA,EGOM,ME-NH Inshore Trawl
MENH_EGOM_FALL,2014,FALL,0.658477,0.473281,0.239494,0.350405,0.011928,0.015861,0,0,0,0,0,0,NA,EGOM,ME-NH Inshore Trawl
MENH_EGOM_FALL,2015,FALL,1.960951,0.219025,1.891022,0.046073,0.023856,0,0,0,0,0,0,0,NA,EGOM,ME-NH Inshore Trawl
MENH_EGOM_FALL,2016,FALL,0.415907,1.094536,0.307089,0.086737,0,0,0.022082,0,0,0,0,0,NA,EGOM,ME-NH Inshore Trawl
MENH_EGOM_FALL,2017,FALL,1.117443,0.826917,0.909712,0.090497,0.033123,0,0,0,0,0,0,0,NA,EGOM,ME-NH Inshore Trawl
MENH_EGOM_FALL,2018,FALL,0.541372,1.14387,0.427564,0.102767,0,0,0,0,0,0,0,0,NA,EGOM,ME-NH Inshore Trawl
MENH_EGOM_FALL,2019,FALL,0.701638,0.979819,0.208474,0.280193,0.051655,0.038025,0.016561,0,0,0,0,0,NA,EGOM,ME-NH Inshore Trawl
MENH_EGOM_FALL,2020,FALL,0.145648,1.644844,0,0.077267,0.029323,0.013302,0,0,0,0,0,0,NA,EGOM,ME-NH Inshore Trawl
MENH_EGOM_FALL,2021,FALL,0.017892,2,0,0,0.017892,0,0,0,0,0,0,0,NA,EGOM,ME-NH Inshore Trawl
MENH_EGOM_SPRING,2001,SPRING,1.908459,0.786815,0.069106,1.408147,0.333173,0.046161,0.008161,0,0,0,0,0,NA,EGOM,ME-NH Inshore Trawl
MENH_EGOM_SPRING,2002,SPRING,6.667529,1.213574,0.125381,6.282349,0.164177,0.035496,0.03524,0.023069,0.001816,0,0,0,NA,EGOM,ME-NH Inshore Trawl
MENH_EGOM_SPRING,2003,SPRING,1.137543,0.645857,0,0.203468,0.667624,0.145996,0.071787,0.040694,0.007974,0,0,0,NA,EGOM,ME-NH Inshore Trawl
MENH_EGOM_SPRING,2004,SPRING,7.3042,0.703986,0.05375,6.985396,0.124431,0.04837,0.079598,0.004704,0.007952,0,0,0,NA,EGOM,ME-NH Inshore Trawl
MENH_EGOM_SPRING,2005,SPRING,4.699151,1.367565,0,0.583571,0.033254,0,0.016254,0,0,0,0,0,NA,EGOM,ME-NH Inshore Trawl
MENH_EGOM_SPRING,2006,SPRING,0.66818,0.735575,0,0.441351,0.113149,0.075787,0.037894,0,0,0,0,0,NA,EGOM,ME-NH Inshore Trawl
MENH_EGOM_SPRING,2007,SPRING,1.606252,1.242889,0,1.034064,0.440888,0.029741,0.059061,0.042499,0,0,0,0,NA,EGOM,ME-NH Inshore Trawl
MENH_EGOM_SPRING,2008,SPRING,0.913158,0.599134,0,0.680625,0.130607,0.011085,0,0,0,0,0,0,NA,EGOM,ME-NH Inshore Trawl
MENH_EGOM_SPRING,2009,SPRING,2.034298,1.009656,0,1.722651,0.194521,0.117126,0,0,0,0,0,0,NA,EGOM,ME-NH Inshore Trawl
MENH_EGOM_SPRING,2010,SPRING,0.456314,1.105469,0,0.385431,0.070883,0,0,0,0,0,0,0,NA,EGOM,ME-NH Inshore Trawl
MENH_EGOM_SPRING,2011,SPRING,2.088281,1.404137,0,1.905245,0.078717,0,0,0,0,0,0,0,NA,EGOM,ME-NH Inshore Trawl
MENH_EGOM_SPRING,2012,SPRING,2.408687,0.803222,0,1.690546,0.552814,0.075532,0,0,0,0,0,0,NA,EGOM,ME-NH Inshore Trawl
MENH_EGOM_SPRING,2013,SPRING,0.121056,0.870221,0,0.017892,0.044339,0,0,0.017597,0,0,0,0,NA,EGOM,ME-NH Inshore Trawl
MENH_EGOM_SPRING,2014,SPRING,6.732069,1.074986,0,5.865717,0.02564,0.016561,0.011041,0,0,0,0,0,NA,EGOM,ME-NH Inshore Trawl
MENH_EGOM_SPRING,2015,SPRING,1.317148,0.659353,0,1.25658,0.046504,0,0,0,0,0,0,0,NA,EGOM,ME-NH Inshore Trawl
MENH_EGOM_SPRING,2016,SPRING,2.201788,0.450949,0,2.017001,0.100246,0.04168,0,0,0,0,0,0,NA,EGOM,ME-NH Inshore Trawl
MENH_EGOM_SPRING,2017,SPRING,0.763359,0.768691,0.027956,0.518482,0.18886,0.0222,0.00586,0,0,0,0,0,NA,EGOM,ME-NH Inshore Trawl
MENH_EGOM_SPRING,2018,SPRING,1.333301,0.442854,0,1.154511,0.040243,0.066742,0.013249,0.013249,0,0,0,0,NA,EGOM,ME-NH Inshore Trawl
MENH_EGOM_SPRING,2019,SPRING,1.027184,0.628058,0,0.735962,0.253165,0,0,0,0,0,0,0,NA,EGOM,ME-NH Inshore Trawl
MENH_EGOM_SPRING,2021,SPRING,0.260137,1.101086,0,0.16812,0.065605,0,0,0,0,0,0,0,NA,EGOM,ME-NH Inshore Trawl
MENH_WGOM_FALL,2000,FALL,0.485679,0.615423,0.102721,0.030819,0.090724,0.095715,0.050991,0.02437,0,0,0,0,NA,WGOM,ME-NH Inshore Trawl
MENH_WGOM_FALL,2001,FALL,3.382137,1.011403,3.152162,0.092829,0.052418,0.049617,0.03196,0.003151,0,0,0,0,NA,WGOM,ME-NH Inshore Trawl
MENH_WGOM_FALL,2002,FALL,0.181169,1.03476,0.008926,0.044628,0,0.042539,0.063808,0,0.021269,0,0,0,NA,WGOM,ME-NH Inshore Trawl
MENH_WGOM_FALL,2003,FALL,1.324145,0.525154,0.235581,0.07877,0.080152,0.103416,0.269207,0.102731,0.062187,0,0,0,NA,WGOM,ME-NH Inshore Trawl
MENH_WGOM_FALL,2004,FALL,1.844921,0.948876,0.433449,0.927918,0.133108,0.07581,0.190411,0.03473,0.015547,0,0,0,NA,WGOM,ME-NH Inshore Trawl
MENH_WGOM_FALL,2005,FALL,7.42712,1.083276,2.133133,0.752259,1.541662,0.84093,0.666647,0.182221,0,0,0,0,NA,WGOM,ME-NH Inshore Trawl
MENH_WGOM_FALL,2006,FALL,5.804418,1.612189,0.130648,0.638429,1.697574,1.857293,0.593467,0.05705,0.020729,0,0,0,NA,WGOM,ME-NH Inshore Trawl
MENH_WGOM_FALL,2007,FALL,5.381992,1.372514,0,0.636994,2.446155,1.25301,0.495347,0.04564,0.020729,0,0,0,NA,WGOM,ME-NH Inshore Trawl
MENH_WGOM_FALL,2008,FALL,2.403643,0.710182,1.249664,0.033948,0.091281,0.35209,0.204501,0.06846,0,0,0,0,NA,WGOM,ME-NH Inshore Trawl
MENH_WGOM_FALL,2009,FALL,1.741558,0.720165,0.342593,0.123643,0.027514,0.205381,0.171151,0.102691,0.03423,0,0,0,NA,WGOM,ME-NH Inshore Trawl
MENH_WGOM_FALL,2010,FALL,0.988364,0.539117,0,0.278438,0.091776,0.21388,0.153216,0.104518,0.03423,0,0,0,NA,WGOM,ME-NH Inshore Trawl
MENH_WGOM_FALL,2011,FALL,1.028464,0.725295,0.580949,0.076682,0.027384,0.024875,0.18918,0,0.024875,0,0,0,NA,WGOM,ME-NH Inshore Trawl
MENH_WGOM_FALL,2012,FALL,0.33022,0.608116,0,0.09403,0.030427,0.130266,0.075497,0,0,0,0,0,NA,WGOM,ME-NH Inshore Trawl
MENH_WGOM_FALL,2013,FALL,0.231958,0.635279,0.02048,0.027401,0.07454,0.082153,0,0,0,0,0.027384,0,NA,WGOM,ME-NH Inshore Trawl
MENH_WGOM_FALL,2014,FALL,0.086814,1.498952,0.043265,0.020729,0,0.02282,0,0,0,0,0,0,NA,WGOM,ME-NH Inshore Trawl
MENH_WGOM_FALL,2015,FALL,0.172242,0.978957,0.035109,0.034252,0.082153,0.020729,0,0,0,0,0,0,NA,WGOM,ME-NH Inshore Trawl
MENH_WGOM_FALL,2016,FALL,0.107029,1.213277,0,0,0,0.085255,0.021775,0,0,0,0,0,NA,WGOM,ME-NH Inshore Trawl
MENH_WGOM_FALL,2017,FALL,1.314883,1.522984,0.38704,0.020551,0.209272,0.315299,0.184854,0.049095,0.02282,0,0,0,NA,WGOM,ME-NH Inshore Trawl
MENH_WGOM_FALL,2018,FALL,0.044831,1.661301,0,0.022011,0,0,0,0.02282,0,0,0,0,NA,WGOM,ME-NH Inshore Trawl
MENH_WGOM_FALL,2019,FALL,0.283845,0.779039,0.174744,0,0.020729,0,0.020729,0,0,0,0,0,NA,WGOM,ME-NH Inshore Trawl
MENH_WGOM_FALL,2020,FALL,0.086952,1.22533,0,0.043159,0,0,0,0,0.043793,0,0,0,NA,WGOM,ME-NH Inshore Trawl
MENH_WGOM_FALL,2021,FALL,0.032881,2.236068,0,0.032881,0,0,0,0,0,0,0,0,NA,WGOM,ME-NH Inshore Trawl
MENH_WGOM_SPRING,2001,SPRING,2.614334,0.611054,1.227574,0.589276,0.483123,0.078515,0.025192,0.005525,0.003094,0,0,0,NA,WGOM,ME-NH Inshore Trawl
MENH_WGOM_SPRING,2002,SPRING,3.907136,0.358053,0.050473,1.935292,0.184696,0.378868,0.531859,0.42585,0.073111,0.05334,0,0,NA,WGOM,ME-NH Inshore Trawl
MENH_WGOM_SPRING,2003,SPRING,1.367848,0.506121,0,0.768393,0.176807,0.084601,0.129128,0.151543,0.023427,0,0,0,NA,WGOM,ME-NH Inshore Trawl
MENH_WGOM_SPRING,2004,SPRING,4.748155,0.953832,0.103102,4.093696,0.26673,0.134479,0.102433,0.020799,0.026916,0,0,0,NA,WGOM,ME-NH Inshore Trawl
MENH_WGOM_SPRING,2005,SPRING,6.785848,1.14901,0,0.483409,0.546965,0.611162,0.841637,0.03273,0.06546,0,0,0,NA,WGOM,ME-NH Inshore Trawl
MENH_WGOM_SPRING,2006,SPRING,2.14695,0.79844,0.108704,1.125085,0.256378,0.309621,0.063249,0.136921,0,0.03423,0.018342,0,NA,WGOM,ME-NH Inshore Trawl
MENH_WGOM_SPRING,2007,SPRING,3.29046,0.602757,0.070535,1.304735,0.678474,0.698241,0.367904,0.121974,0.027384,0,0,0,NA,WGOM,ME-NH Inshore Trawl
MENH_WGOM_SPRING,2008,SPRING,7.252746,1.152217,0.563635,3.332254,0.409884,0.448216,0.384036,0.387281,0,0.054768,0,0,NA,WGOM,ME-NH Inshore Trawl
MENH_WGOM_SPRING,2009,SPRING,3.283496,0.565673,0,0.751055,0.0784,0.343429,0.846908,0.78604,0.13941,0.03423,0,0,NA,WGOM,ME-NH Inshore Trawl
MENH_WGOM_SPRING,2010,SPRING,3.859816,0.579482,0.024661,1.776965,0.269534,0.655151,0.525777,0.329119,0.086387,0.027384,0,0,NA,WGOM,ME-NH Inshore Trawl
MENH_WGOM_SPRING,2011,SPRING,0.907284,0.47712,0,0.244261,0.013757,0.252373,0.14727,0.069488,0.016583,0.04564,0,0,NA,WGOM,ME-NH Inshore Trawl
MENH_WGOM_SPRING,2012,SPRING,1.014077,0.504459,0,0.416899,0.090188,0.034383,0.219694,0.230092,0,0.02282,0,0,NA,WGOM,ME-NH Inshore Trawl
MENH_WGOM_SPRING,2013,SPRING,0.431735,1.329367,0,0.268673,0,0.117707,0,0,0.024875,0,0,0,NA,WGOM,ME-NH Inshore Trawl
MENH_WGOM_SPRING,2014,SPRING,1.264925,0.458989,0,0.630124,0.219826,0.237766,0.045672,0,0.027514,0,0,0,NA,WGOM,ME-NH Inshore Trawl
MENH_WGOM_SPRING,2015,SPRING,0.354984,0.59223,0,0.194593,0.137571,0.02282,0,0,0,0,0,0,NA,WGOM,ME-NH Inshore Trawl
MENH_WGOM_SPRING,2016,SPRING,0.239113,0.849165,0,0.09231,0.02282,0.023963,0,0.038367,0,0,0,0,NA,WGOM,ME-NH Inshore Trawl
MENH_WGOM_SPRING,2017,SPRING,1.370902,2.231772,0,0.021213,0.2142,0.22111,0.665632,0.020729,0.020729,0.020729,0,0,NA,WGOM,ME-NH Inshore Trawl
MENH_WGOM_SPRING,2018,SPRING,0.257183,0.710793,0,0.217072,0,0,0,0,0.01956,0,0,0,NA,WGOM,ME-NH Inshore Trawl
MENH_WGOM_SPRING,2019,SPRING,0.164537,1.184181,0,0.10163,0.018342,0,0.018876,0,0,0,0,0,NA,WGOM,ME-NH Inshore Trawl
MENH_WGOM_SPRING,2021,SPRING,0.664724,0.7824,0,0.368463,0.198356,0,0,0,0,0,0,0,NA,WGOM,ME-NH Inshore Trawl
MAMDF_IBS_WGOM,2004,SPRING,1884.785112,0.151773234,0,541.1830051,250.4495408,495.9444558,70.58885253,205.3453486,164.0984577,77.52624042,37.4848925,42.16431838,NA,WGOM,MADMF Industry
MAMDF_IBS_WGOM,2005,SPRING,1559.777345,0.133941514,0,158.2939539,669.3908999,148.4157278,280.4858391,43.11842081,125.2821335,70.58215605,30.56119302,33.64702039,NA,WGOM,MADMF Industry
MAMDF_IBS_WGOM,2006,SPRING,2489.381416,0.152352669,0,435.586921,738.1432064,623.6625794,129.2487525,347.9547836,63.81375158,68.73731137,43.78616259,38.44794751,NA,WGOM,MADMF Industry
MAMDF_IBS_WGOM,2007,SPRING,2518.886477,0.174685432,0,267.9747554,856.0340595,589.2821184,458.0998775,99.41750962,179.3082569,28.26671749,20.37792191,20.12525998,NA,WGOM,MADMF Industry
MAMDF_IBS_WGOM,2016,SPRING,411.7248368,0.171399094,0,18.75699712,57.85533743,166.1939684,61.65397272,74.27423762,19.47678227,8.277686324,3.749727129,1.4861278,NA,WGOM,MADMF Industry
MAMDF_IBS_WGOM,2017,SPRING,221.8833023,0.184523964,0,6.144124873,18.92576682,47.87617933,77.75970335,34.98394924,28.87253815,5.005303426,1.584080048,0.731657022,NA,WGOM,MADMF Industry
MAMDF_IBS_WGOM,2018,SPRING,156.2667738,0.16707465,0,18.00188608,13.10135338,21.07744793,26.34283993,48.2527401,15.29543326,9.52100071,3.316534099,1.357538275,NA,WGOM,MADMF Industry
