INDEX_NAME,SURVEY,AREA,SEASON,STOCK,YEAR,TOTAL_ABUNDANCE,TOTAL_ABUNDANCE_CV,Age-0,Age-1,Age-2,Age-3,Age-4,Age-5,Age-6,Age-7,Age-8,Age-9+,Unk
DFO Trawl_5Z1-2_SUMMER,DFO Trawl,5Z1-2,SUMMER,GBK,1989,6602032.299,0.578652589,0,351788.6463,1300391.753,485188.072,817788.2245,52922.87968,157878.4624,13099.61789,0,0,3422974.643
DFO Trawl_5Z1-2_SUMMER,DFO Trawl,5Z1-2,SUMMER,GBK,1990,2807957.657,0.457350388,226928.2233,181740.0341,504387.0452,776726.7623,567238.4196,399489.5362,74900.07785,51791.7524,0,24755.80618,0
DFO Trawl_5Z1-2_SUMMER,DFO Trawl,5Z1-2,SUMMER,GBK,1991,NA,NA,NA,NA,NA,NA,NA,NA,NA,NA,NA,NA,NA
DFO Trawl_5Z1-2_SUMMER,DFO Trawl,5Z1-2,SUMMER,GBK,1992,NA,NA,NA,NA,NA,NA,NA,NA,NA,NA,NA,NA,NA
DFO Trawl_5Z1-2_SUMMER,DFO Trawl,5Z1-2,SUMMER,GBK,1993,NA,NA,NA,NA,NA,NA,NA,NA,NA,NA,NA,NA,NA
DFO Trawl_5Z1-2_SUMMER,DFO Trawl,5Z1-2,SUMMER,GBK,1994,NA,NA,NA,NA,NA,NA,NA,NA,NA,NA,NA,NA,NA
DFO Trawl_5Z1-2_SUMMER,DFO Trawl,5Z1-2,SUMMER,GBK,1995,NA,NA,NA,NA,NA,NA,NA,NA,NA,NA,NA,NA,NA
DFO Trawl_5Z1-2_SUMMER,DFO Trawl,5Z1-2,SUMMER,GBK,1996,NA,NA,NA,NA,NA,NA,NA,NA,NA,NA,NA,NA,NA
DFO Trawl_5Z1-2_SUMMER,DFO Trawl,5Z1-2,SUMMER,GBK,1997,NA,NA,NA,NA,NA,NA,NA,NA,NA,NA,NA,NA,NA
DFO Trawl_5Z1-2_SUMMER,DFO Trawl,5Z1-2,SUMMER,GBK,1998,NA,NA,NA,NA,NA,NA,NA,NA,NA,NA,NA,NA,NA
DFO Trawl_5Z1-2_SUMMER,DFO Trawl,5Z1-2,SUMMER,GBK,1999,NA,NA,NA,NA,NA,NA,NA,NA,NA,NA,NA,NA,NA
DFO Trawl_5Z1-2_SUMMER,DFO Trawl,5Z1-2,SUMMER,GBK,2000,NA,NA,NA,NA,NA,NA,NA,NA,NA,NA,NA,NA,NA
DFO Trawl_5Z1-2_SUMMER,DFO Trawl,5Z1-2,SUMMER,GBK,2001,NA,NA,NA,NA,NA,NA,NA,NA,NA,NA,NA,NA,NA
DFO Trawl_5Z1-2_SUMMER,DFO Trawl,5Z1-2,SUMMER,GBK,2002,NA,NA,NA,NA,NA,NA,NA,NA,NA,NA,NA,NA,NA
DFO Trawl_5Z1-2_SUMMER,DFO Trawl,5Z1-2,SUMMER,GBK,2003,NA,NA,NA,NA,NA,NA,NA,NA,NA,NA,NA,NA,NA
DFO Trawl_5Z1-2_SUMMER,DFO Trawl,5Z1-2,SUMMER,GBK,2004,NA,NA,NA,NA,NA,NA,NA,NA,NA,NA,NA,NA,NA
DFO Trawl_5Z1-2_SUMMER,DFO Trawl,5Z1-2,SUMMER,GBK,2005,NA,NA,NA,NA,NA,NA,NA,NA,NA,NA,NA,NA,NA
DFO Trawl_5Z1-2_SUMMER,DFO Trawl,5Z1-2,SUMMER,GBK,2006,NA,NA,NA,NA,NA,NA,NA,NA,NA,NA,NA,NA,NA
DFO Trawl_5Z1-2_SUMMER,DFO Trawl,5Z1-2,SUMMER,GBK,2007,NA,NA,NA,NA,NA,NA,NA,NA,NA,NA,NA,NA,NA
DFO Trawl_5Z1-2_SUMMER,DFO Trawl,5Z1-2,SUMMER,GBK,2008,NA,NA,NA,NA,NA,NA,NA,NA,NA,NA,NA,NA,NA
DFO Trawl_5Z1-2_SUMMER,DFO Trawl,5Z1-2,SUMMER,GBK,2009,NA,NA,NA,NA,NA,NA,NA,NA,NA,NA,NA,NA,NA
DFO Trawl_5Z1-2_SUMMER,DFO Trawl,5Z1-2,SUMMER,GBK,2010,NA,NA,NA,NA,NA,NA,NA,NA,NA,NA,NA,NA,NA
DFO Trawl_5Z1-2_SUMMER,DFO Trawl,5Z1-2,SUMMER,GBK,2011,NA,NA,NA,NA,NA,NA,NA,NA,NA,NA,NA,NA,NA
DFO Trawl_5Z1-2_SUMMER,DFO Trawl,5Z1-2,SUMMER,GBK,2012,NA,NA,NA,NA,NA,NA,NA,NA,NA,NA,NA,NA,NA
DFO Trawl_5Z1-2_SUMMER,DFO Trawl,5Z1-2,SUMMER,GBK,2013,1660862.132,0.634106102,0,0,41068.82314,91015.14947,32246.6315,0,0,0,0,0,1496531.528
DFO Trawl_5Z1-2_SUMMER,DFO Trawl,5Z1-2,SUMMER,GBK,2014,NA,NA,NA,NA,NA,NA,NA,NA,NA,NA,NA,NA,NA
DFO Trawl_5Z1-2_SUMMER,DFO Trawl,5Z1-2,SUMMER,GBK,2015,NA,NA,NA,NA,NA,NA,NA,NA,NA,NA,NA,NA,NA
DFO Trawl_5Z1-2_SUMMER,DFO Trawl,5Z1-2,SUMMER,GBK,2016,NA,NA,NA,NA,NA,NA,NA,NA,NA,NA,NA,NA,NA
DFO Trawl_5Z1-2_SUMMER,DFO Trawl,5Z1-2,SUMMER,GBK,2017,3802575.689,0.550165416,0,23532.95869,118528.3442,1245566.685,2150211.67,0,245917.746,18818.28587,0,0,0
DFO Trawl_5Z1-2_SUMMER,DFO Trawl,5Z1-2,SUMMER,GBK,2018,NA,NA,NA,NA,NA,NA,NA,NA,NA,NA,NA,NA,NA
DFO Trawl_5Z1-2_SUMMER,DFO Trawl,5Z1-2,SUMMER,GBK,2019,896484.8678,0.36510111,295983.349,20816.42832,276233.2983,43705.52624,77579.94446,99684.86353,82481.45799,0,0,0,0
DFO Trawl_5Z1-2_SUMMER,DFO Trawl,5Z1-2,SUMMER,GBK,2020,758004.1323,0.405427217,0,154622.1706,205192.4351,286825.6771,38929.7202,59611.71584,0,0,0,0,12822.41342
DFO Trawl_5Z1-2_SUMMER,DFO Trawl,5Z1-2,SUMMER,GBK,2021,9500272.792,0.756015666,631572.9576,5519141.715,1842062.442,359915.404,478249.4372,197822.7406,59298.6808,0,0,0,412209.4147
DFO Trawl_5Z1-7_SPRING,DFO Trawl,5Z1-7,SPRING,GBK,1987,7344249.59,0.261130771,0,353583.9292,2993142.943,1293692.197,1534090.849,465851.9357,163920.8237,297965.3587,103571.4396,138430.1134,0
DFO Trawl_5Z1-7_SPRING,DFO Trawl,5Z1-7,SPRING,GBK,1988,11288424.84,0.239965101,0,391729.5566,1395736.932,6566903.886,824834.962,1438343.214,182094.3937,108655.2554,245106.1312,135020.5074,0
DFO Trawl_5Z1-7_SPRING,DFO Trawl,5Z1-7,SPRING,GBK,1989,13354386.41,0.160375504,0,2145667.938,3804881.299,1895875.903,3951027.585,509835.0431,587953.8015,64928.05616,134108.9576,260107.8276,0
DFO Trawl_5Z1-7_SPRING,DFO Trawl,5Z1-7,SPRING,GBK,1990,20943679.33,0.166508909,21234.16977,637496.0974,3685623.581,5421545.924,2967016.798,5477570.71,595678.0487,1312983.599,162733.3141,656522.4095,5274.674612
DFO Trawl_5Z1-7_SPRING,DFO Trawl,5Z1-7,SPRING,GBK,1991,12853260.52,0.132913055,0,1649840.164,1634188.107,2568203.387,3002280.933,1462955.778,1828237.562,219137.6074,312084.4874,176332.4981,0
DFO Trawl_5Z1-7_SPRING,DFO Trawl,5Z1-7,SPRING,GBK,1992,10934055.57,0.178164932,0,161798.2821,4022983.429,2485837.744,1130428.381,1380987.104,850599.2818,605692.3275,163682.8506,132046.1655,0
DFO Trawl_5Z1-7_SPRING,DFO Trawl,5Z1-7,SPRING,GBK,1993,5924871.851,0.23150024,0,42210.01856,479134.0432,2261978.619,827891.6744,498408.3643,980709.1723,354680.1285,332761.6032,147098.2277,0
DFO Trawl_5Z1-7_SPRING,DFO Trawl,5Z1-7,SPRING,GBK,1994,3951988.461,0.310285854,0,12545.17205,642851.0973,714601.6295,1322796.843,483605.7144,183127.1277,363544.6933,84048.13207,140593.9142,4274.137807
DFO Trawl_5Z1-7_SPRING,DFO Trawl,5Z1-7,SPRING,GBK,1995,5672979.577,0.257729317,0,95687.31429,949552.0963,2116501.316,1211226.836,845284.7077,272899.5553,55247.29533,67096.50532,59483.95108,0
DFO Trawl_5Z1-7_SPRING,DFO Trawl,5Z1-7,SPRING,GBK,1996,13202168.31,0.225219731,0,199863.948,683484.3216,3254603.537,5660334.393,1529255.559,1112921.908,457555.5037,106790.8161,197358.3274,0
DFO Trawl_5Z1-7_SPRING,DFO Trawl,5Z1-7,SPRING,GBK,1997,6038425.284,0.190873262,0,455975.0547,745612.0845,770892.8428,1764525.021,1732669.659,383258.0371,84856.89572,46636.23258,50645.61702,3353.839349
DFO Trawl_5Z1-7_SPRING,DFO Trawl,5Z1-7,SPRING,GBK,1998,3835933.098,0.193442876,0,20096.01302,944727.0606,1332203.796,489531.4306,498526.6606,389096.1032,92669.40104,32028.25535,37054.37795,0
DFO Trawl_5Z1-7_SPRING,DFO Trawl,5Z1-7,SPRING,GBK,1999,5730365.301,0.184668483,0,457877.6005,449040.2179,2092140.069,1530404.512,570100.0068,364246.0828,205021.4436,9910.278356,48163.06334,3462.027715
DFO Trawl_5Z1-7_SPRING,DFO Trawl,5Z1-7,SPRING,GBK,2000,12232306.23,0.48660327,0,141540.2078,618840.8577,1483793.41,5477510.48,2452459.74,1116176.998,546088.8252,340374.5173,52472.44843,3048.744603
DFO Trawl_5Z1-7_SPRING,DFO Trawl,5Z1-7,SPRING,GBK,2001,4764333.581,0.332264264,0,3329.183187,80312.72043,899310.1575,586862.2659,1558717.719,731494.6273,365218.3799,234847.471,304241.0569,0
DFO Trawl_5Z1-7_SPRING,DFO Trawl,5Z1-7,SPRING,GBK,2002,7489759.036,0.26267793,0,12893.38667,121745.7515,805617.0629,2887078.741,961543.1392,1718160.596,563812.3136,232375.5049,186532.5401,0
DFO Trawl_5Z1-7_SPRING,DFO Trawl,5Z1-7,SPRING,GBK,2003,4238300.444,0.149165655,0,0,31360.33509,419144.8517,912160.3631,1706764.201,447151.1923,474403.5405,227598.5545,19717.40588,0
DFO Trawl_5Z1-7_SPRING,DFO Trawl,5Z1-7,SPRING,GBK,2004,3523502.584,0.184771177,0,753776.159,134498.7601,551715.6853,595577.5842,634621.4012,545453.6534,103827.8185,165354.269,38677.25301,0
DFO Trawl_5Z1-7_SPRING,DFO Trawl,5Z1-7,SPRING,GBK,2005,15449152.83,0.523303679,0,32635.08905,2202885.85,1480525.391,7694749.626,2071864.435,956843.415,838935.9746,58860.27344,102554.5253,9298.247844
DFO Trawl_5Z1-7_SPRING,DFO Trawl,5Z1-7,SPRING,GBK,2006,5820768.55,0.248644438,0,0,42872.58993,1694531.94,747393.9288,1925221.236,804197.8663,230777.9939,230106.237,145666.7579,0
DFO Trawl_5Z1-7_SPRING,DFO Trawl,5Z1-7,SPRING,GBK,2007,7111539.497,0.170849831,0,169875.0861,642098.8739,1168117.745,3634534.52,479648.8164,748016.9235,119045.3949,93681.05998,56521.07728,0
DFO Trawl_5Z1-7_SPRING,DFO Trawl,5Z1-7,SPRING,GBK,2008,6290379.856,0.240089104,0,12271.38629,454928.4637,1259822.828,835775.822,3069288.507,196496.0062,396500.5019,41216.76838,24079.57297,0
DFO Trawl_5Z1-7_SPRING,DFO Trawl,5Z1-7,SPRING,GBK,2009,9148487.315,0.528998134,0,42483.78227,329526.7705,2769060.715,2457410.089,513470.2835,2937387.095,0,81590.16849,17558.41111,0
DFO Trawl_5Z1-7_SPRING,DFO Trawl,5Z1-7,SPRING,GBK,2010,11091246.34,0.61745483,0,4612.883139,144190.5564,1101333.179,4671161.752,2060007.362,812961.8929,2119119.639,74798.05442,103061.0204,0
DFO Trawl_5Z1-7_SPRING,DFO Trawl,5Z1-7,SPRING,GBK,2011,4711865.186,0.19146615,0,179637.2158,612401.8345,941812.6548,1100031.51,1406367.758,266868.5871,68114.2282,111457.6921,19021.90269,6151.802976
DFO Trawl_5Z1-7_SPRING,DFO Trawl,5Z1-7,SPRING,GBK,2012,1276360.012,0.177134306,0,8692.8995,174037.3731,376427.2358,327288.6098,199676.2373,161144.9593,7626.09723,17347.28606,4119.314375,0
DFO Trawl_5Z1-7_SPRING,DFO Trawl,5Z1-7,SPRING,GBK,2013,6877917.189,0.423466257,0,0,474075.7205,3800183.625,2089737.606,299489.6405,80988.94713,52458.39186,9822.11002,0,71161.14834
DFO Trawl_5Z1-7_SPRING,DFO Trawl,5Z1-7,SPRING,GBK,2014,1369790.74,0.209325571,0,57995.0918,26681.68711,457220.4714,582722.6732,178344.2202,36917.70742,0,18000.14584,0,11908.74353
DFO Trawl_5Z1-7_SPRING,DFO Trawl,5Z1-7,SPRING,GBK,2015,1790668.478,0.324266256,0,0,481615.8903,152819.082,604942.4013,446623.0759,97178.46712,7489.561813,0,0,0
DFO Trawl_5Z1-7_SPRING,DFO Trawl,5Z1-7,SPRING,GBK,2016,2128628.45,0.183140593,0,8258.307544,288439.789,1127916.302,223757.424,299935.4152,159095.9851,17122.05499,4103.172295,0,0
DFO Trawl_5Z1-7_SPRING,DFO Trawl,5Z1-7,SPRING,GBK,2017,8833422.744,0.582439696,87367.20029,4748.556172,154290.2621,1900060.217,6049525.622,188330.7533,264233.0053,184867.1278,0,0,0
DFO Trawl_5Z1-7_SPRING,DFO Trawl,5Z1-7,SPRING,GBK,2018,4033367.831,0.321330504,0,58784.73624,218523.4292,592074.7653,1186658.19,1837125.255,81471.20852,51289.96594,7440.280527,0,0
DFO Trawl_5Z1-7_SPRING,DFO Trawl,5Z1-7,SPRING,GBK,2019,2937776.474,0.609283885,0,9482.5611,466427.1875,1069350.638,670514.2877,395141.6968,314422.5985,0,0,12437.50447,0
DFO Trawl_5Z1-7_SPRING,DFO Trawl,5Z1-7,SPRING,GBK,2020,3267440.428,0.417136603,0,31961.90191,462906.8162,1749710.523,619135.1821,329643.4079,49201.85705,19559.67489,5321.064536,0,0
DFO Trawl_5Z1-7_SPRING,DFO Trawl,5Z1-7,SPRING,GBK,2021,1144082.073,0.314977457,4057.442009,62477.52947,185520.0779,307869.8716,400340.5944,105751.1286,43827.66463,6453.931343,27783.83303,0,0
DFO Trawl_5ZJ-M_SPRING,DFO Trawl,5ZJ-M,SPRING,GBK,1987,3811760.153,0.420465433,0,48211.24629,1790661.586,641988.6241,753378.8079,162262.1865,89260.91582,181215.9155,88943.93151,55836.9395,0
DFO Trawl_5ZJ-M_SPRING,DFO Trawl,5ZJ-M,SPRING,GBK,1988,7740728.928,0.329900646,0,147914.8647,449910.9002,5336796.51,564631.5267,838208.9228,95132.80755,78547.15775,179313.5187,50272.71928,0
DFO Trawl_5ZJ-M_SPRING,DFO Trawl,5ZJ-M,SPRING,GBK,1989,5867557.968,0.158125686,0,350082.4945,2168745.506,764161.4916,1705505.853,258250.7421,331999.904,41678.78873,84746.48577,162386.7021,0
DFO Trawl_5ZJ-M_SPRING,DFO Trawl,5ZJ-M,SPRING,GBK,1990,13125007.11,0.184909772,20063.23694,105671.0487,794780.6957,3471199.644,1952990.031,4402093.414,535180.964,1094054.178,144324.4947,604649.3994,0
DFO Trawl_5ZJ-M_SPRING,DFO Trawl,5ZJ-M,SPRING,GBK,1991,7876395.189,0.158349658,0,1197559.438,1019386.94,1407736.749,1639492.559,881612.7864,1194821.993,147558.5147,249470.2208,138755.9882,0
DFO Trawl_5ZJ-M_SPRING,DFO Trawl,5ZJ-M,SPRING,GBK,1992,5276442.823,0.171219575,0,47509.41024,2049053.316,1220817.129,409092.3221,643424.9576,451225.1548,300334.7804,92648.1896,62337.56349,0
DFO Trawl_5ZJ-M_SPRING,DFO Trawl,5ZJ-M,SPRING,GBK,1993,4504104.017,0.209572402,0,30953.63449,354940.4245,1722939.362,621526.5544,370272.1842,753984.0463,274428.5095,267584.1097,107475.1918,0
DFO Trawl_5ZJ-M_SPRING,DFO Trawl,5ZJ-M,SPRING,GBK,1994,3871425.086,0.315748153,0,12545.17205,629174.2538,691301.8322,1288787.652,476674.288,181854.6222,363443.5879,84048.13207,143595.5465,0
DFO Trawl_5ZJ-M_SPRING,DFO Trawl,5ZJ-M,SPRING,GBK,1995,3092658.883,0.336849725,0,32127.07971,187285.7904,1240107.72,756623.4952,519957.0824,186287.6976,43822.26763,66905.55831,59542.19139,0
DFO Trawl_5ZJ-M_SPRING,DFO Trawl,5ZJ-M,SPRING,GBK,1996,9589552.348,0.244149012,0,90142.39024,202902.925,1744259.897,4336809,1431951.498,1033891.059,445089.9394,107147.3112,197358.3274,0
DFO Trawl_5ZJ-M_SPRING,DFO Trawl,5ZJ-M,SPRING,GBK,1997,3904984.592,0.248250557,0,29811.56028,375853.0092,568000.7463,1324821.839,1261640.692,216393.33,50408.46356,34600.26974,43454.68305,0
DFO Trawl_5ZJ-M_SPRING,DFO Trawl,5ZJ-M,SPRING,GBK,1998,2402203.901,0.185794648,0,5965.041243,581971.4583,830589.1953,322368.5552,316894.6426,237648.1126,56023.12545,28599.49335,22144.27727,0
DFO Trawl_5ZJ-M_SPRING,DFO Trawl,5ZJ-M,SPRING,GBK,1999,3560745.338,0.241172747,0,3442.131004,156211.6045,1297811.876,1090491.25,449226.3236,317445.9365,190459.0246,9910.278356,45746.91341,0
DFO Trawl_5ZJ-M_SPRING,DFO Trawl,5ZJ-M,SPRING,GBK,2000,10753810.8,0.54962406,0,0,422952.5286,1294320.455,4967095.544,2156594.629,1031266.316,509836.4431,316992.7713,54752.11534,0
DFO Trawl_5ZJ-M_SPRING,DFO Trawl,5ZJ-M,SPRING,GBK,2001,4247583.583,0.368362297,0,3329.183187,36500.36308,802492.9452,519286.1028,1390587.017,644801.5116,333981.3044,224381.1483,292224.0075,0
DFO Trawl_5ZJ-M_SPRING,DFO Trawl,5ZJ-M,SPRING,GBK,2002,5462245.178,0.312794241,0,0,118257.2885,476512.8075,2097450.197,694223.9581,1282622.943,458075.3447,188371.3392,146731.3003,0
DFO Trawl_5ZJ-M_SPRING,DFO Trawl,5ZJ-M,SPRING,GBK,2003,2078159.601,0.150712406,0,0,7977.393048,199543.1128,509529.7977,867133.8446,193875.7954,219250.3394,68928.65929,11920.65924,0
DFO Trawl_5ZJ-M_SPRING,DFO Trawl,5ZJ-M,SPRING,GBK,2004,2069001.879,0.19595008,0,427027.4639,39821.67054,246386.4857,380547.6381,421997.6435,353151.1662,59051.81303,108026.0463,32991.95192,0
DFO Trawl_5ZJ-M_SPRING,DFO Trawl,5ZJ-M,SPRING,GBK,2005,14622524.57,0.598387555,0,26596.59876,1136318.159,1473790.74,8000904.711,2062204.317,954454.7224,802019.9659,57195.06123,99742.04425,9298.247844
DFO Trawl_5ZJ-M_SPRING,DFO Trawl,5ZJ-M,SPRING,GBK,2006,5227607.082,0.257719145,0,0,41908.09985,1486166.7,654766.3356,1730362.9,740057.6272,216693.9578,217178.0675,140473.3937,0
DFO Trawl_5ZJ-M_SPRING,DFO Trawl,5ZJ-M,SPRING,GBK,2007,4591004.704,0.205752969,0,18050.47212,130064.841,548504.6825,2605562.486,378918.8504,652894.8019,119045.3949,81442.0975,56521.07728,0
DFO Trawl_5ZJ-M_SPRING,DFO Trawl,5ZJ-M,SPRING,GBK,2008,5569008.303,0.266634803,0,12271.38629,147122.4326,1026582.788,754553.6373,2977536.897,193683.0675,391961.7525,41216.76838,24079.57297,0
DFO Trawl_5ZJ-M_SPRING,DFO Trawl,5ZJ-M,SPRING,GBK,2009,8372183.417,0.576644515,0,10916.34824,50975.89723,2475428.022,2261063.143,519173.5585,2955477.868,0,81590.16849,17558.41111,0
DFO Trawl_5ZJ-M_SPRING,DFO Trawl,5ZJ-M,SPRING,GBK,2010,9622579.37,0.586889613,0,4612.883139,91883.36814,955758.8004,4105405.6,1781203.639,702832.1012,1827650.872,64558.42016,88673.68621,0
DFO Trawl_5ZJ-M_SPRING,DFO Trawl,5ZJ-M,SPRING,GBK,2011,3964867.111,0.216837621,0,192535.4581,271374.3386,766222.6776,951899.4112,1323829.621,255825.5821,67159.7807,112142.5822,23877.65974,0
DFO Trawl_5ZJ-M_SPRING,DFO Trawl,5ZJ-M,SPRING,GBK,2012,1188930.894,0.177126685,0,8692.8995,149778.478,328437.0996,316990.6044,196652.185,159236.2068,6775.513547,18220.83044,4147.076897,0
DFO Trawl_5ZJ-M_SPRING,DFO Trawl,5ZJ-M,SPRING,GBK,2013,6786398.204,0.430818962,0,0,430874.2901,3753636.296,2173113.176,285472.0127,81021.9269,52458.39186,9822.11002,0,0
DFO Trawl_5ZJ-M_SPRING,DFO Trawl,5ZJ-M,SPRING,GBK,2014,1213289.846,0.220593644,0,75648.03405,8548.040317,359978.4983,537978.1445,169378.2381,34869.81108,0,26889.07968,0,0
DFO Trawl_5ZJ-M_SPRING,DFO Trawl,5ZJ-M,SPRING,GBK,2015,1770011.401,0.327072298,0,0,476414.767,152337.7313,598027.9648,438507.9971,97233.3794,7489.561813,0,0,0
DFO Trawl_5ZJ-M_SPRING,DFO Trawl,5ZJ-M,SPRING,GBK,2016,1848274.558,0.209406463,0,8258.307544,196674.4402,1003876.369,199135.6317,272914.2177,147005.9811,16306.43895,4103.172295,0,0
DFO Trawl_5ZJ-M_SPRING,DFO Trawl,5ZJ-M,SPRING,GBK,2017,8266099.625,0.678729733,0,4748.556172,52399.07565,1660205.573,5897034.611,193721.0633,269533.9728,188456.774,0,0,0
DFO Trawl_5ZJ-M_SPRING,DFO Trawl,5ZJ-M,SPRING,GBK,2018,3708113.041,0.340137683,0,45368.87845,183721.4779,552421.5679,1114987.735,1674646.461,79095.56226,50431.07748,7440.280527,0,0
DFO Trawl_5ZJ-M_SPRING,DFO Trawl,5ZJ-M,SPRING,GBK,2019,2542154.102,0.696807723,0,9482.5611,268642.7689,1004936.251,573891.2473,388589.5648,283826.4802,0,0,12785.22929,0
DFO Trawl_5ZJ-M_SPRING,DFO Trawl,5ZJ-M,SPRING,GBK,2020,3274328.839,0.416497768,0,31961.90191,465709.4628,1752526.394,620013.2136,329966.8838,49270.2441,19559.67489,5321.064536,0,0
DFO Trawl_5ZJ-M_SPRING,DFO Trawl,5ZJ-M,SPRING,GBK,2021,1124347.954,0.322059476,4057.442009,62477.52947,189194.2832,296674.998,393802.6062,100998.1558,43437.21788,6453.931343,27251.79022,0,0
MADMF Industry_WGOM_SPRING,MADMF Industry,WGOM,SPRING,WGOM,2004,1884.785112,0.151773234,0,541.1830051,250.4495408,495.9444558,70.58885253,205.3453486,164.0984577,77.52624042,37.4848925,42.16431838,0
MADMF Industry_WGOM_SPRING,MADMF Industry,WGOM,SPRING,WGOM,2005,1559.777345,0.133941514,0,158.2939539,669.3908999,148.4157278,280.4858391,43.11842081,125.2821335,70.58215605,30.56119302,33.64702039,0
MADMF Industry_WGOM_SPRING,MADMF Industry,WGOM,SPRING,WGOM,2006,2489.381416,0.152352669,0,435.586921,738.1432064,623.6625794,129.2487525,347.9547836,63.81375158,68.73731137,43.78616259,38.44794751,0
MADMF Industry_WGOM_SPRING,MADMF Industry,WGOM,SPRING,WGOM,2007,2518.886477,0.174685432,0,267.9747554,856.0340595,589.2821184,458.0998775,99.41750962,179.3082569,28.26671749,20.37792191,20.12525998,0
MADMF Industry_WGOM_SPRING,MADMF Industry,WGOM,SPRING,WGOM,2008,NA,NA,NA,NA,NA,NA,NA,NA,NA,NA,NA,NA,NA
MADMF Industry_WGOM_SPRING,MADMF Industry,WGOM,SPRING,WGOM,2009,NA,NA,NA,NA,NA,NA,NA,NA,NA,NA,NA,NA,NA
MADMF Industry_WGOM_SPRING,MADMF Industry,WGOM,SPRING,WGOM,2010,NA,NA,NA,NA,NA,NA,NA,NA,NA,NA,NA,NA,NA
MADMF Industry_WGOM_SPRING,MADMF Industry,WGOM,SPRING,WGOM,2011,NA,NA,NA,NA,NA,NA,NA,NA,NA,NA,NA,NA,NA
MADMF Industry_WGOM_SPRING,MADMF Industry,WGOM,SPRING,WGOM,2012,NA,NA,NA,NA,NA,NA,NA,NA,NA,NA,NA,NA,NA
MADMF Industry_WGOM_SPRING,MADMF Industry,WGOM,SPRING,WGOM,2013,NA,NA,NA,NA,NA,NA,NA,NA,NA,NA,NA,NA,NA
MADMF Industry_WGOM_SPRING,MADMF Industry,WGOM,SPRING,WGOM,2014,NA,NA,NA,NA,NA,NA,NA,NA,NA,NA,NA,NA,NA
MADMF Industry_WGOM_SPRING,MADMF Industry,WGOM,SPRING,WGOM,2015,NA,NA,NA,NA,NA,NA,NA,NA,NA,NA,NA,NA,NA
MADMF Industry_WGOM_SPRING,MADMF Industry,WGOM,SPRING,WGOM,2016,411.7248368,0.171399094,0,18.75699712,57.85533743,166.1939684,61.65397272,74.27423762,19.47678227,8.277686324,3.749727129,1.4861278,0
MADMF Industry_WGOM_SPRING,MADMF Industry,WGOM,SPRING,WGOM,2017,221.8833023,0.184523964,0,6.144124873,18.92576682,47.87617933,77.75970335,34.98394924,28.87253815,5.005303426,1.584080048,0.731657022,0
MADMF Industry_WGOM_SPRING,MADMF Industry,WGOM,SPRING,WGOM,2018,156.2667738,0.16707465,0,18.00188608,13.10135338,21.07744793,26.34283993,48.2527401,15.29543326,9.52100071,3.316534099,1.357538275,0
ME-NH Inshore Trawl_EGOM_FALL,ME-NH Inshore Trawl,EGOM,FALL,EGOM,2000,6.056221,1.23056,4.61709,0.571077,0.236937,0.350321,0.196935,0.040307,0.008872,NA,0.011561,NA,0
ME-NH Inshore Trawl_EGOM_FALL,ME-NH Inshore Trawl,EGOM,FALL,EGOM,2001,2.512971,0.705264,1.812583,0.088943,0.01657,0.032028,0.023647,0.022691,NA,NA,NA,NA,0
ME-NH Inshore Trawl_EGOM_FALL,ME-NH Inshore Trawl,EGOM,FALL,EGOM,2002,1.260812,0.51787,0.199761,0.850954,0.185224,0.013312,0.007707,NA,NA,NA,0.003854,NA,0
ME-NH Inshore Trawl_EGOM_FALL,ME-NH Inshore Trawl,EGOM,FALL,EGOM,2003,4.942217,0.458512,4.359835,0.14758,0.144441,0.136971,0.131927,NA,0.021463,NA,NA,NA,0
ME-NH Inshore Trawl_EGOM_FALL,ME-NH Inshore Trawl,EGOM,FALL,EGOM,2004,3.36834,0.911311,0.887388,1.710693,0.573472,0.150762,0.046026,NA,NA,NA,NA,NA,0
ME-NH Inshore Trawl_EGOM_FALL,ME-NH Inshore Trawl,EGOM,FALL,EGOM,2005,1.633336,0.253428,1.076566,0.271123,0.184259,0.047712,0.017892,NA,NA,NA,NA,NA,0
ME-NH Inshore Trawl_EGOM_FALL,ME-NH Inshore Trawl,EGOM,FALL,EGOM,2006,1.764111,0.869458,0.497208,0.014888,0.078306,NA,NA,NA,NA,NA,NA,NA,0
ME-NH Inshore Trawl_EGOM_FALL,ME-NH Inshore Trawl,EGOM,FALL,EGOM,2007,0.389916,0.640205,NA,0.005964,0.100003,0.0497,0.007952,NA,NA,NA,NA,NA,0
ME-NH Inshore Trawl_EGOM_FALL,ME-NH Inshore Trawl,EGOM,FALL,EGOM,2008,0.251699,1.073288,0.146616,NA,0.011844,0.011844,NA,NA,0.013545,NA,NA,NA,0
ME-NH Inshore Trawl_EGOM_FALL,ME-NH Inshore Trawl,EGOM,FALL,EGOM,2009,0.794664,0.558649,0.4155,NA,NA,0.016627,NA,NA,NA,NA,NA,NA,0
ME-NH Inshore Trawl_EGOM_FALL,ME-NH Inshore Trawl,EGOM,FALL,EGOM,2010,0.472886,0.391031,NA,0.056309,0.049195,0.01172,NA,NA,NA,NA,NA,NA,0
ME-NH Inshore Trawl_EGOM_FALL,ME-NH Inshore Trawl,EGOM,FALL,EGOM,2011,1.082252,0.389985,0.999498,0.053431,NA,NA,NA,NA,NA,NA,NA,NA,0
ME-NH Inshore Trawl_EGOM_FALL,ME-NH Inshore Trawl,EGOM,FALL,EGOM,2012,0.265019,0.844705,0.072787,0.106482,0.032195,NA,NA,NA,NA,NA,NA,NA,0
ME-NH Inshore Trawl_EGOM_FALL,ME-NH Inshore Trawl,EGOM,FALL,EGOM,2013,0.068393,1.08246,0.068393,NA,NA,NA,NA,NA,NA,NA,NA,NA,0
ME-NH Inshore Trawl_EGOM_FALL,ME-NH Inshore Trawl,EGOM,FALL,EGOM,2014,0.658477,0.473281,0.239494,0.350405,0.011928,0.015861,NA,NA,NA,NA,NA,NA,0
ME-NH Inshore Trawl_EGOM_FALL,ME-NH Inshore Trawl,EGOM,FALL,EGOM,2015,1.960951,0.219025,1.891022,0.046073,0.023856,NA,NA,NA,NA,NA,NA,NA,0
ME-NH Inshore Trawl_EGOM_FALL,ME-NH Inshore Trawl,EGOM,FALL,EGOM,2016,0.415907,1.094536,0.307089,0.086737,NA,NA,0.022082,NA,NA,NA,NA,NA,0
ME-NH Inshore Trawl_EGOM_FALL,ME-NH Inshore Trawl,EGOM,FALL,EGOM,2017,1.117443,0.826917,0.909712,0.090497,0.033123,NA,NA,NA,NA,NA,NA,NA,0
ME-NH Inshore Trawl_EGOM_FALL,ME-NH Inshore Trawl,EGOM,FALL,EGOM,2018,0.541372,1.14387,0.427564,0.102767,NA,NA,NA,NA,NA,NA,NA,NA,0
ME-NH Inshore Trawl_EGOM_FALL,ME-NH Inshore Trawl,EGOM,FALL,EGOM,2019,0.701638,0.979819,0.208474,0.280193,0.051655,0.038025,0.016561,NA,NA,NA,NA,NA,0
ME-NH Inshore Trawl_EGOM_FALL,ME-NH Inshore Trawl,EGOM,FALL,EGOM,2020,0.145648,1.644844,NA,0.077267,0.029323,0.013302,NA,NA,NA,NA,NA,NA,0
ME-NH Inshore Trawl_EGOM_FALL,ME-NH Inshore Trawl,EGOM,FALL,EGOM,2021,0.017892,2,NA,NA,0.017892,NA,NA,NA,NA,NA,NA,NA,0
ME-NH Inshore Trawl_EGOM_SPRING,ME-NH Inshore Trawl,EGOM,SPRING,EGOM,2001,1.908459,0.786815,0.069106,1.408147,0.333173,0.046161,0.008161,NA,NA,NA,NA,NA,0
ME-NH Inshore Trawl_EGOM_SPRING,ME-NH Inshore Trawl,EGOM,SPRING,EGOM,2002,6.667529,1.213574,0.125381,6.282349,0.164177,0.035496,0.03524,0.023069,0.001816,NA,NA,NA,0
ME-NH Inshore Trawl_EGOM_SPRING,ME-NH Inshore Trawl,EGOM,SPRING,EGOM,2003,1.137543,0.645857,NA,0.203468,0.667624,0.145996,0.071787,0.040694,0.007974,NA,NA,NA,0
ME-NH Inshore Trawl_EGOM_SPRING,ME-NH Inshore Trawl,EGOM,SPRING,EGOM,2004,7.3042,0.703986,0.05375,6.985396,0.124431,0.04837,0.079598,0.004704,0.007952,NA,NA,NA,0
ME-NH Inshore Trawl_EGOM_SPRING,ME-NH Inshore Trawl,EGOM,SPRING,EGOM,2005,4.699151,1.367565,NA,0.583571,0.033254,NA,0.016254,NA,NA,NA,NA,NA,0
ME-NH Inshore Trawl_EGOM_SPRING,ME-NH Inshore Trawl,EGOM,SPRING,EGOM,2006,0.66818,0.735575,NA,0.441351,0.113149,0.075787,0.037894,NA,NA,NA,NA,NA,0
ME-NH Inshore Trawl_EGOM_SPRING,ME-NH Inshore Trawl,EGOM,SPRING,EGOM,2007,1.606252,1.242889,NA,1.034064,0.440888,0.029741,0.059061,0.042499,NA,NA,NA,NA,0
ME-NH Inshore Trawl_EGOM_SPRING,ME-NH Inshore Trawl,EGOM,SPRING,EGOM,2008,0.913158,0.599134,NA,0.680625,0.130607,0.011085,NA,NA,NA,NA,NA,NA,0
ME-NH Inshore Trawl_EGOM_SPRING,ME-NH Inshore Trawl,EGOM,SPRING,EGOM,2009,2.034298,1.009656,NA,1.722651,0.194521,0.117126,NA,NA,NA,NA,NA,NA,0
ME-NH Inshore Trawl_EGOM_SPRING,ME-NH Inshore Trawl,EGOM,SPRING,EGOM,2010,0.456314,1.105469,NA,0.385431,0.070883,NA,NA,NA,NA,NA,NA,NA,0
ME-NH Inshore Trawl_EGOM_SPRING,ME-NH Inshore Trawl,EGOM,SPRING,EGOM,2011,2.088281,1.404137,NA,1.905245,0.078717,NA,NA,NA,NA,NA,NA,NA,0
ME-NH Inshore Trawl_EGOM_SPRING,ME-NH Inshore Trawl,EGOM,SPRING,EGOM,2012,2.408687,0.803222,NA,1.690546,0.552814,0.075532,NA,NA,NA,NA,NA,NA,0
ME-NH Inshore Trawl_EGOM_SPRING,ME-NH Inshore Trawl,EGOM,SPRING,EGOM,2013,0.121056,0.870221,NA,0.017892,0.044339,NA,NA,0.017597,NA,NA,NA,NA,0
ME-NH Inshore Trawl_EGOM_SPRING,ME-NH Inshore Trawl,EGOM,SPRING,EGOM,2014,6.732069,1.074986,NA,5.865717,0.02564,0.016561,0.011041,NA,NA,NA,NA,NA,0
ME-NH Inshore Trawl_EGOM_SPRING,ME-NH Inshore Trawl,EGOM,SPRING,EGOM,2015,1.317148,0.659353,NA,1.25658,0.046504,NA,NA,NA,NA,NA,NA,NA,0
ME-NH Inshore Trawl_EGOM_SPRING,ME-NH Inshore Trawl,EGOM,SPRING,EGOM,2016,2.201788,0.450949,NA,2.017001,0.100246,0.04168,NA,NA,NA,NA,NA,NA,0
ME-NH Inshore Trawl_EGOM_SPRING,ME-NH Inshore Trawl,EGOM,SPRING,EGOM,2017,0.763359,0.768691,0.027956,0.518482,0.18886,0.0222,0.00586,NA,NA,NA,NA,NA,0
ME-NH Inshore Trawl_EGOM_SPRING,ME-NH Inshore Trawl,EGOM,SPRING,EGOM,2018,1.333301,0.442854,NA,1.154511,0.040243,0.066742,0.013249,0.013249,NA,NA,NA,NA,0
ME-NH Inshore Trawl_EGOM_SPRING,ME-NH Inshore Trawl,EGOM,SPRING,EGOM,2019,1.027184,0.628058,NA,0.735962,0.253165,NA,NA,NA,NA,NA,NA,NA,0
ME-NH Inshore Trawl_EGOM_SPRING,ME-NH Inshore Trawl,EGOM,SPRING,EGOM,2020,NA,NA,NA,NA,NA,NA,NA,NA,NA,NA,NA,NA,NA
ME-NH Inshore Trawl_EGOM_SPRING,ME-NH Inshore Trawl,EGOM,SPRING,EGOM,2021,0.260137,1.101086,NA,0.16812,0.065605,NA,NA,NA,NA,NA,NA,NA,0
ME-NH Inshore Trawl_WGOM_FALL,ME-NH Inshore Trawl,WGOM,FALL,WGOM,2000,0.485679,0.615423,0.102721,0.030819,0.090724,0.095715,0.050991,0.02437,NA,NA,NA,NA,0
ME-NH Inshore Trawl_WGOM_FALL,ME-NH Inshore Trawl,WGOM,FALL,WGOM,2001,3.382137,1.011403,3.152162,0.092829,0.052418,0.049617,0.03196,0.003151,NA,NA,NA,NA,0
ME-NH Inshore Trawl_WGOM_FALL,ME-NH Inshore Trawl,WGOM,FALL,WGOM,2002,0.181169,1.03476,0.008926,0.044628,NA,0.042539,0.063808,NA,0.021269,NA,NA,NA,0
ME-NH Inshore Trawl_WGOM_FALL,ME-NH Inshore Trawl,WGOM,FALL,WGOM,2003,1.324145,0.525154,0.235581,0.07877,0.080152,0.103416,0.269207,0.102731,0.062187,NA,NA,NA,0
ME-NH Inshore Trawl_WGOM_FALL,ME-NH Inshore Trawl,WGOM,FALL,WGOM,2004,1.844921,0.948876,0.433449,0.927918,0.133108,0.07581,0.190411,0.03473,0.015547,NA,NA,NA,0
ME-NH Inshore Trawl_WGOM_FALL,ME-NH Inshore Trawl,WGOM,FALL,WGOM,2005,7.42712,1.083276,2.133133,0.752259,1.541662,0.84093,0.666647,0.182221,NA,NA,NA,NA,0
ME-NH Inshore Trawl_WGOM_FALL,ME-NH Inshore Trawl,WGOM,FALL,WGOM,2006,5.804418,1.612189,0.130648,0.638429,1.697574,1.857293,0.593467,0.05705,0.020729,NA,NA,NA,0
ME-NH Inshore Trawl_WGOM_FALL,ME-NH Inshore Trawl,WGOM,FALL,WGOM,2007,5.381992,1.372514,NA,0.636994,2.446155,1.25301,0.495347,0.04564,0.020729,NA,NA,NA,0
ME-NH Inshore Trawl_WGOM_FALL,ME-NH Inshore Trawl,WGOM,FALL,WGOM,2008,2.403643,0.710182,1.249664,0.033948,0.091281,0.35209,0.204501,0.06846,NA,NA,NA,NA,0
ME-NH Inshore Trawl_WGOM_FALL,ME-NH Inshore Trawl,WGOM,FALL,WGOM,2009,1.741558,0.720165,0.342593,0.123643,0.027514,0.205381,0.171151,0.102691,0.03423,NA,NA,NA,0
ME-NH Inshore Trawl_WGOM_FALL,ME-NH Inshore Trawl,WGOM,FALL,WGOM,2010,0.988364,0.539117,NA,0.278438,0.091776,0.21388,0.153216,0.104518,0.03423,NA,NA,NA,0
ME-NH Inshore Trawl_WGOM_FALL,ME-NH Inshore Trawl,WGOM,FALL,WGOM,2011,1.028464,0.725295,0.580949,0.076682,0.027384,0.024875,0.18918,NA,0.024875,NA,NA,NA,0
ME-NH Inshore Trawl_WGOM_FALL,ME-NH Inshore Trawl,WGOM,FALL,WGOM,2012,0.33022,0.608116,NA,0.09403,0.030427,0.130266,0.075497,NA,NA,NA,NA,NA,0
ME-NH Inshore Trawl_WGOM_FALL,ME-NH Inshore Trawl,WGOM,FALL,WGOM,2013,0.231958,0.635279,0.02048,0.027401,0.07454,0.082153,NA,NA,NA,NA,0.027384,NA,0
ME-NH Inshore Trawl_WGOM_FALL,ME-NH Inshore Trawl,WGOM,FALL,WGOM,2014,0.086814,1.498952,0.043265,0.020729,NA,0.02282,NA,NA,NA,NA,NA,NA,0
ME-NH Inshore Trawl_WGOM_FALL,ME-NH Inshore Trawl,WGOM,FALL,WGOM,2015,0.172242,0.978957,0.035109,0.034252,0.082153,0.020729,NA,NA,NA,NA,NA,NA,0
ME-NH Inshore Trawl_WGOM_FALL,ME-NH Inshore Trawl,WGOM,FALL,WGOM,2016,0.107029,1.213277,NA,NA,NA,0.085255,0.021775,NA,NA,NA,NA,NA,0
ME-NH Inshore Trawl_WGOM_FALL,ME-NH Inshore Trawl,WGOM,FALL,WGOM,2017,1.314883,1.522984,0.38704,0.020551,0.209272,0.315299,0.184854,0.049095,0.02282,NA,NA,NA,0
ME-NH Inshore Trawl_WGOM_FALL,ME-NH Inshore Trawl,WGOM,FALL,WGOM,2018,0.044831,1.661301,NA,0.022011,NA,NA,NA,0.02282,NA,NA,NA,NA,0
ME-NH Inshore Trawl_WGOM_FALL,ME-NH Inshore Trawl,WGOM,FALL,WGOM,2019,0.283845,0.779039,0.174744,NA,0.020729,NA,0.020729,NA,NA,NA,NA,NA,0
ME-NH Inshore Trawl_WGOM_FALL,ME-NH Inshore Trawl,WGOM,FALL,WGOM,2020,0.086952,1.22533,NA,0.043159,NA,NA,NA,NA,0.043793,NA,NA,NA,0
ME-NH Inshore Trawl_WGOM_FALL,ME-NH Inshore Trawl,WGOM,FALL,WGOM,2021,0.032881,2.236068,NA,0.032881,NA,NA,NA,NA,NA,NA,NA,NA,0
ME-NH Inshore Trawl_WGOM_SPRING,ME-NH Inshore Trawl,WGOM,SPRING,WGOM,2001,2.614334,0.611054,1.227574,0.589276,0.483123,0.078515,0.025192,0.005525,0.003094,NA,NA,NA,0
ME-NH Inshore Trawl_WGOM_SPRING,ME-NH Inshore Trawl,WGOM,SPRING,WGOM,2002,3.907136,0.358053,0.050473,1.935292,0.184696,0.378868,0.531859,0.42585,0.073111,0.05334,NA,NA,0
ME-NH Inshore Trawl_WGOM_SPRING,ME-NH Inshore Trawl,WGOM,SPRING,WGOM,2003,1.367848,0.506121,NA,0.768393,0.176807,0.084601,0.129128,0.151543,0.023427,NA,NA,NA,0
ME-NH Inshore Trawl_WGOM_SPRING,ME-NH Inshore Trawl,WGOM,SPRING,WGOM,2004,4.748155,0.953832,0.103102,4.093696,0.26673,0.134479,0.102433,0.020799,0.026916,NA,NA,NA,0
ME-NH Inshore Trawl_WGOM_SPRING,ME-NH Inshore Trawl,WGOM,SPRING,WGOM,2005,6.785848,1.14901,NA,0.483409,0.546965,0.611162,0.841637,0.03273,0.06546,NA,NA,NA,0
ME-NH Inshore Trawl_WGOM_SPRING,ME-NH Inshore Trawl,WGOM,SPRING,WGOM,2006,2.14695,0.79844,0.108704,1.125085,0.256378,0.309621,0.063249,0.136921,NA,0.03423,0.018342,NA,0
ME-NH Inshore Trawl_WGOM_SPRING,ME-NH Inshore Trawl,WGOM,SPRING,WGOM,2007,3.29046,0.602757,0.070535,1.304735,0.678474,0.698241,0.367904,0.121974,0.027384,NA,NA,NA,0
ME-NH Inshore Trawl_WGOM_SPRING,ME-NH Inshore Trawl,WGOM,SPRING,WGOM,2008,7.252746,1.152217,0.563635,3.332254,0.409884,0.448216,0.384036,0.387281,NA,0.054768,NA,NA,0
ME-NH Inshore Trawl_WGOM_SPRING,ME-NH Inshore Trawl,WGOM,SPRING,WGOM,2009,3.283496,0.565673,NA,0.751055,0.0784,0.343429,0.846908,0.78604,0.13941,0.03423,NA,NA,0
ME-NH Inshore Trawl_WGOM_SPRING,ME-NH Inshore Trawl,WGOM,SPRING,WGOM,2010,3.859816,0.579482,0.024661,1.776965,0.269534,0.655151,0.525777,0.329119,0.086387,0.027384,NA,NA,0
ME-NH Inshore Trawl_WGOM_SPRING,ME-NH Inshore Trawl,WGOM,SPRING,WGOM,2011,0.907284,0.47712,NA,0.244261,0.013757,0.252373,0.14727,0.069488,0.016583,0.04564,NA,NA,0
ME-NH Inshore Trawl_WGOM_SPRING,ME-NH Inshore Trawl,WGOM,SPRING,WGOM,2012,1.014077,0.504459,NA,0.416899,0.090188,0.034383,0.219694,0.230092,NA,0.02282,NA,NA,0
ME-NH Inshore Trawl_WGOM_SPRING,ME-NH Inshore Trawl,WGOM,SPRING,WGOM,2013,0.431735,1.329367,NA,0.268673,NA,0.117707,NA,NA,0.024875,NA,NA,NA,0
ME-NH Inshore Trawl_WGOM_SPRING,ME-NH Inshore Trawl,WGOM,SPRING,WGOM,2014,1.264925,0.458989,NA,0.630124,0.219826,0.237766,0.045672,NA,0.027514,NA,NA,NA,0
ME-NH Inshore Trawl_WGOM_SPRING,ME-NH Inshore Trawl,WGOM,SPRING,WGOM,2015,0.354984,0.59223,NA,0.194593,0.137571,0.02282,NA,NA,NA,NA,NA,NA,0
ME-NH Inshore Trawl_WGOM_SPRING,ME-NH Inshore Trawl,WGOM,SPRING,WGOM,2016,0.239113,0.849165,NA,0.09231,0.02282,0.023963,NA,0.038367,NA,NA,NA,NA,0
ME-NH Inshore Trawl_WGOM_SPRING,ME-NH Inshore Trawl,WGOM,SPRING,WGOM,2017,1.370902,2.231772,NA,0.021213,0.2142,0.22111,0.665632,0.020729,0.020729,0.020729,NA,NA,0
ME-NH Inshore Trawl_WGOM_SPRING,ME-NH Inshore Trawl,WGOM,SPRING,WGOM,2018,0.257183,0.710793,NA,0.217072,NA,NA,NA,NA,0.01956,NA,NA,NA,0
ME-NH Inshore Trawl_WGOM_SPRING,ME-NH Inshore Trawl,WGOM,SPRING,WGOM,2019,0.164537,1.184181,NA,0.10163,0.018342,NA,0.018876,NA,NA,NA,NA,NA,0
ME-NH Inshore Trawl_WGOM_SPRING,ME-NH Inshore Trawl,WGOM,SPRING,WGOM,2020,NA,NA,NA,NA,NA,NA,NA,NA,NA,NA,NA,NA,NA
ME-NH Inshore Trawl_WGOM_SPRING,ME-NH Inshore Trawl,WGOM,SPRING,WGOM,2021,0.664724,0.7824,NA,0.368463,0.198356,NA,NA,NA,NA,NA,NA,NA,0
NEFSC BLLS_WGOM_FALL,NEFSC BLLS,WGOM,FALL,WGOM,2014,2.464877615,0.293505258,0,0.054000205,0.53461197,1.099066829,0.703050719,0.074144545,3.61E-07,0,0,0,0
NEFSC BLLS_WGOM_FALL,NEFSC BLLS,WGOM,FALL,WGOM,2015,3.265227,0.182539977,0,0.024909374,1.29341335,0.715533212,0.60583765,0.546083003,0.079446455,0,0,0,0
NEFSC BLLS_WGOM_FALL,NEFSC BLLS,WGOM,FALL,WGOM,2016,3.954749526,0.20627447,8.82E-07,0,0.429374719,2.738619753,0.246450802,0.522347773,0.009258893,0.008691912,0,0,0
NEFSC BLLS_WGOM_FALL,NEFSC BLLS,WGOM,FALL,WGOM,2017,3.051944065,0.292447335,3.83E-06,0.015015033,0.278150931,0.837906833,1.591824174,0.133623324,0.121212262,0.074207673,0,0,0
NEFSC BLLS_WGOM_FALL,NEFSC BLLS,WGOM,FALL,WGOM,2018,3.02533643,0.233078835,0,0.035040307,0.352491123,0.868624495,0.522099145,1.173915357,0.027336858,0.045829147,0,0,0
NEFSC BLLS_WGOM_FALL,NEFSC BLLS,WGOM,FALL,WGOM,2019,1.830619792,0.241138044,0.000140506,0,0.58735684,0.228289052,0.253364582,0.383623651,0.15859496,0,0.219250202,0,0
NEFSC BLLS_WGOM_FALL,NEFSC BLLS,WGOM,FALL,WGOM,2020,1.626221475,0.254516269,NA,NA,NA,NA,NA,NA,NA,NA,NA,NA,0
NEFSC BLLS_WGOM_FALL,NEFSC BLLS,WGOM,FALL,WGOM,2021,0.638870194,0.287482818,0,0.054717333,0.219324467,0.120768219,0.228150631,0,0,0,0,0,0
NEFSC BLLS_WGOM_SPRING,NEFSC BLLS,WGOM,SPRING,WGOM,2014,5.547133153,0.28260104,0,0.008645712,0.224179304,1.114037615,2.800187586,0.875977245,0.490321606,0.024015506,0,9.29E-05,0
NEFSC BLLS_WGOM_SPRING,NEFSC BLLS,WGOM,SPRING,WGOM,2015,4.725810476,0.128313052,0,0.061386295,1.425870209,1.046470266,1.685360497,0.452501831,0.043775503,0.01044015,0,0,0
NEFSC BLLS_WGOM_SPRING,NEFSC BLLS,WGOM,SPRING,WGOM,2016,3.885163258,0.259564057,0,0.0036744,0.334546834,2.873522498,0.324929886,0.211950187,0.009433256,0.104229437,0.001413174,0,0
NEFSC BLLS_WGOM_SPRING,NEFSC BLLS,WGOM,SPRING,WGOM,2017,2.118228847,0.231088335,0,0.003304726,0.13064051,0.50497138,0.98053559,0.385094968,0.107777404,8.37E-07,0.005903429,0,0
NEFSC BLLS_WGOM_SPRING,NEFSC BLLS,WGOM,SPRING,WGOM,2018,4.05802197,0.236311887,0,3.38E-09,0.021540482,0.150629228,1.090179723,2.341694372,0.230098873,0.223879295,0,0,0
NEFSC BLLS_WGOM_SPRING,NEFSC BLLS,WGOM,SPRING,WGOM,2019,2.221742835,0.20519235,0,0,0.576215006,0.242869669,0.298644639,0.396229584,0.699812534,0,0.007971404,0,0
NEFSC BLLS_WGOM_SPRING,NEFSC BLLS,WGOM,SPRING,WGOM,2020,NA,NA,NA,NA,NA,NA,NA,NA,NA,NA,NA,NA,NA
NEFSC BLLS_WGOM_SPRING,NEFSC BLLS,WGOM,SPRING,WGOM,2021,2.676825893,0.527119454,0,7.72E-06,0.905057957,0.781486192,0.990274027,1.12E-09,0,0,0,0,0
NEFSC BTS_EGOM_FALL,NEFSC BTS,EGOM,FALL,EGOM,1970,5.5191,0.38,0,1.0115,0.4046,0.52,0.1484,0.4855,1.2152,0.9247,0.2107,0.5985,0
NEFSC BTS_EGOM_FALL,NEFSC BTS,EGOM,FALL,EGOM,1971,1.8369,0.28,0,0.0692,0.5196,0,0.2428,0,0.291,0.3331,0.1038,0.2774,0
NEFSC BTS_EGOM_FALL,NEFSC BTS,EGOM,FALL,EGOM,1972,4.8197,0.51,0,1.2666,1.4718,1.9088,0.1725,0,0,0,0,0,0
NEFSC BTS_EGOM_FALL,NEFSC BTS,EGOM,FALL,EGOM,1973,2.9747,0.39,0.6923,0.2308,1.1839,0.2023,1.04,0,0.1154,0,0.2023,0,0
NEFSC BTS_EGOM_FALL,NEFSC BTS,EGOM,FALL,EGOM,1974,4.6442,0.38,0,0.8661,0.4811,2.679,0,0,0,0,0,0.618,0
NEFSC BTS_EGOM_FALL,NEFSC BTS,EGOM,FALL,EGOM,1975,6.7275,0.14,0,0.1053,2.0885,0.3384,4.1953,0,0,0,0,0,0
NEFSC BTS_EGOM_FALL,NEFSC BTS,EGOM,FALL,EGOM,1976,2.6176,0.39,0,0,0,0.6586,0.2428,1.6297,0,0.0865,0,0,0
NEFSC BTS_EGOM_FALL,NEFSC BTS,EGOM,FALL,EGOM,1977,2.3452,0.3,0,0.3318,0.4124,0.4389,0.6859,0,0.2307,0,0.1228,0.1227,0
NEFSC BTS_EGOM_FALL,NEFSC BTS,EGOM,FALL,EGOM,1978,11.8978,0.38,0.6869,6.2095,0.7658,1.574,0.7901,2.085,0,0.3976,0,0.0758,0
NEFSC BTS_EGOM_FALL,NEFSC BTS,EGOM,FALL,EGOM,1979,3.183,0.23,0,0,0.8438,0.4548,0.6622,0.2684,0.57,0,0.3838,0,0
NEFSC BTS_EGOM_FALL,NEFSC BTS,EGOM,FALL,EGOM,1980,4.3696,0.33,0,0,0.4472,1.9305,0.7388,0.4686,0.3486,0.4359,0,0,0
NEFSC BTS_EGOM_FALL,NEFSC BTS,EGOM,FALL,EGOM,1981,1.5806,0.64,0.0547,0.4844,0,1.0962,0,0,0,0,0,0,0
NEFSC BTS_EGOM_FALL,NEFSC BTS,EGOM,FALL,EGOM,1982,6.242,0.7,0,0.4866,2.8254,2.0326,0.8974,0,0,0,0,0,0
NEFSC BTS_EGOM_FALL,NEFSC BTS,EGOM,FALL,EGOM,1983,4.5889,0.14,0,0.601,1.7305,0.6181,1.3965,0,0.2428,0,0,0,0
NEFSC BTS_EGOM_FALL,NEFSC BTS,EGOM,FALL,EGOM,1984,3.5162,0.22,0,1.3846,0.4998,0.8452,0.5298,0,0,0,0,0.2568,0
NEFSC BTS_EGOM_FALL,NEFSC BTS,EGOM,FALL,EGOM,1985,4.5533,0.25,0,1.5316,1.888,0.8695,0.0499,0,0.2143,0,0,0,0
NEFSC BTS_EGOM_FALL,NEFSC BTS,EGOM,FALL,EGOM,1986,4.2666,0.44,0,1.5995,0.5549,1.4455,0.4459,0,0.2208,0,0,0,0
NEFSC BTS_EGOM_FALL,NEFSC BTS,EGOM,FALL,EGOM,1987,1.347,0.33,0,0.9718,0.1839,0.1913,0,0,0,0,0,0,0
NEFSC BTS_EGOM_FALL,NEFSC BTS,EGOM,FALL,EGOM,1988,2.9776,0.23,0,1.1492,0.847,0.7952,0.1862,0,0,0,0,0,0
NEFSC BTS_EGOM_FALL,NEFSC BTS,EGOM,FALL,EGOM,1989,4.4134,0.31,0,0,1.8073,2.1482,0.2624,0.1955,0,0,0,0,0
NEFSC BTS_EGOM_FALL,NEFSC BTS,EGOM,FALL,EGOM,1990,2.3521,0.26,0,0.2787,0.182,1.4218,0.0304,0.371,0,0.0682,0,0,0
NEFSC BTS_EGOM_FALL,NEFSC BTS,EGOM,FALL,EGOM,1991,0.6495,0.65,0,0.1229,0.1229,0,0.2459,0,0,0.1578,0,0,0
NEFSC BTS_EGOM_FALL,NEFSC BTS,EGOM,FALL,EGOM,1992,1.4653,0.29,0.1665,0.8767,0.322,0.2666,0,0,0,0,0,0,0
NEFSC BTS_EGOM_FALL,NEFSC BTS,EGOM,FALL,EGOM,1993,0.9088,0.44,0.1052,0.1052,0.1888,0.6148,0,0,0,0,0,0,0
NEFSC BTS_EGOM_FALL,NEFSC BTS,EGOM,FALL,EGOM,1994,0.3776,0.44,0.111,0.2666,0.111,0,0,0,0,0,0,0,0
NEFSC BTS_EGOM_FALL,NEFSC BTS,EGOM,FALL,EGOM,1995,0.6672,0.73,0.0444,0,0.1112,0.4448,0.1112,0,0,0,0,0,0
NEFSC BTS_EGOM_FALL,NEFSC BTS,EGOM,FALL,EGOM,1996,0.4668,0.66,0.1556,0,0.1556,0.1556,0,0.1556,0,0,0,0,0
NEFSC BTS_EGOM_FALL,NEFSC BTS,EGOM,FALL,EGOM,1997,0.778,0.56,0,0.1556,0.3112,0.1556,0,0.1556,0,0,0,0,0
NEFSC BTS_EGOM_FALL,NEFSC BTS,EGOM,FALL,EGOM,1998,0.8336,0.55,0.1664,0,0.5418,0.1945,0.0973,0,0,0,0,0,0
NEFSC BTS_EGOM_FALL,NEFSC BTS,EGOM,FALL,EGOM,1999,0.5212,0.64,0,0.4347,0.0865,0,0,0,0,0,0,0,0
NEFSC BTS_EGOM_FALL,NEFSC BTS,EGOM,FALL,EGOM,2000,0.9775,0.65,0.0444,0.3014,0.3649,0.3112,0,0,0,0,0,0,0
NEFSC BTS_EGOM_FALL,NEFSC BTS,EGOM,FALL,EGOM,2001,0.3483,0.73,0.037,0,0.037,0.3113,0,0,0,0,0,0,0
NEFSC BTS_EGOM_FALL,NEFSC BTS,EGOM,FALL,EGOM,2002,0,NA,0,0,0,0,0,0,0,0,0,0,0
NEFSC BTS_EGOM_FALL,NEFSC BTS,EGOM,FALL,EGOM,2003,0.9336,0.66,0.1109,0,0,0.1556,0.3112,0.3112,0.1556,0,0,0,0
NEFSC BTS_EGOM_FALL,NEFSC BTS,EGOM,FALL,EGOM,2004,0.5835,0.56,0,0.1945,0,0.389,0,0,0,0,0,0,0
NEFSC BTS_EGOM_FALL,NEFSC BTS,EGOM,FALL,EGOM,2005,0.2111,0.73,0,0.1556,0.0555,0,0,0,0,0,0,0,0
NEFSC BTS_EGOM_FALL,NEFSC BTS,EGOM,FALL,EGOM,2006,0.9336,0.56,0,0.1556,0,0.6224,0,0.1556,0,0,0,0,0
NEFSC BTS_EGOM_FALL,NEFSC BTS,EGOM,FALL,EGOM,2007,0.6224,0.44,0,0,0.3112,0.1556,0.1556,0,0,0,0,0,0
NEFSC BTS_EGOM_FALL,NEFSC BTS,EGOM,FALL,EGOM,2008,0.3112,0.54,0,0,0.1556,0,0,0.1556,0,0,0,0,0
NEFSC BTS_EGOM_FALL,NEFSC BTS,EGOM,FALL,EGOM,2009,0.3425,0.46,0,0.1235,0.1416,0.0774,0,0,0,0,0,0,0
NEFSC BTS_EGOM_FALL,NEFSC BTS,EGOM,FALL,EGOM,2010,0.0125,0.63,0.0098,0.0125,0,0,0,0,0,0,0,0,0
NEFSC BTS_EGOM_FALL,NEFSC BTS,EGOM,FALL,EGOM,2011,0.1609,0.69,0,0.0412,0.1197,0,0,0,0,0,0,0,0
NEFSC BTS_EGOM_FALL,NEFSC BTS,EGOM,FALL,EGOM,2012,0.2233,0.56,0,0.0708,0.1525,0,0,0,0,0,0,0,0
NEFSC BTS_EGOM_FALL,NEFSC BTS,EGOM,FALL,EGOM,2013,0.0563,0.31,0.0168,0.0416,0.0147,0,0,0,0,0,0,0,0
NEFSC BTS_EGOM_FALL,NEFSC BTS,EGOM,FALL,EGOM,2014,0.1272,0.62,0,0.0211,0.0497,0.0564,0,0,0,0,0,0,0
NEFSC BTS_EGOM_FALL,NEFSC BTS,EGOM,FALL,EGOM,2015,0.1008,0.54,0,0,0.1008,0,0,0,0,0,0,0,0
NEFSC BTS_EGOM_FALL,NEFSC BTS,EGOM,FALL,EGOM,2016,0.1197,0.59,0.0064,0,0,0.1197,0,0,0,0,0,0,0
NEFSC BTS_EGOM_FALL,NEFSC BTS,EGOM,FALL,EGOM,2017,0.0994,0.63,0,0,0.0994,0,0,0,0,0,0,0,0
NEFSC BTS_EGOM_FALL,NEFSC BTS,EGOM,FALL,EGOM,2018,0,NA,0,0,0,0,0,0,0,0,0,0,0
NEFSC BTS_EGOM_FALL,NEFSC BTS,EGOM,FALL,EGOM,2019,0.0305,0.89,0,0,0.0305,0,0,0,0,0,0,0,0
NEFSC BTS_EGOM_FALL,NEFSC BTS,EGOM,FALL,EGOM,2021,0,NA,0,0,0,0,0,0,0,0,0,0,0
NEFSC BTS_EGOM_SPRING,NEFSC BTS,EGOM,SPRING,EGOM,1970,1.7669,0.37,0,0,0,0,0,0.8198,0.4736,0.1947,0,0.2788,0
NEFSC BTS_EGOM_SPRING,NEFSC BTS,EGOM,SPRING,EGOM,1971,1.4961,0.27,0,0.2096,0.2058,0.2023,0.2715,0,0,0.4046,0.2023,0,0
NEFSC BTS_EGOM_SPRING,NEFSC BTS,EGOM,SPRING,EGOM,1972,3.849,0.55,0,0.4099,0.4046,1.2138,0.6069,0.6069,0,0,0.4046,0.2023,0
NEFSC BTS_EGOM_SPRING,NEFSC BTS,EGOM,SPRING,EGOM,1973,4.3312,0.33,0,0,0.0865,1.8107,0.7661,0.8171,0,0.0973,0.1699,0.5836,0
NEFSC BTS_EGOM_SPRING,NEFSC BTS,EGOM,SPRING,EGOM,1974,2.5993,0.37,0,0.4504,0,0.8316,0.2428,0.0692,0.2428,0,0.1384,0.6241,0
NEFSC BTS_EGOM_SPRING,NEFSC BTS,EGOM,SPRING,EGOM,1975,4.056,0.66,0,0,0.9533,0,2.7626,0.3401,0,0,0,0,0
NEFSC BTS_EGOM_SPRING,NEFSC BTS,EGOM,SPRING,EGOM,1976,3.1176,0.31,0,0,0.6056,0.3465,0.1734,1.5588,0,0,0,0.4333,0
NEFSC BTS_EGOM_SPRING,NEFSC BTS,EGOM,SPRING,EGOM,1977,2.8062,0.33,0,0.0692,0,0.5047,2.2323,0,0,0,0,0,0
NEFSC BTS_EGOM_SPRING,NEFSC BTS,EGOM,SPRING,EGOM,1978,4.5054,0.39,0,0.1368,0.352,1.1164,1.2718,1.0799,0.1608,0.1014,0,0.2863,0
NEFSC BTS_EGOM_SPRING,NEFSC BTS,EGOM,SPRING,EGOM,1979,8.4358,0.51,0,1.4467,4.6633,0.2931,0.4459,0.7406,0.769,0.0772,0,0,0
NEFSC BTS_EGOM_SPRING,NEFSC BTS,EGOM,SPRING,EGOM,1980,3.1412,0.46,0,0.0912,0.5407,0.9887,0.4416,0.2732,0.8058,0,0,0,0
NEFSC BTS_EGOM_SPRING,NEFSC BTS,EGOM,SPRING,EGOM,1981,5.7455,0.22,0,0.9581,0.2252,0.94,2.6259,0.6146,0.2217,0,0.16,0,0
NEFSC BTS_EGOM_SPRING,NEFSC BTS,EGOM,SPRING,EGOM,1982,3.2417,0.42,0,0.283,0.9495,0.3836,0.0912,1.3425,0,0.1919,0,0,0
NEFSC BTS_EGOM_SPRING,NEFSC BTS,EGOM,SPRING,EGOM,1983,6.242,0.23,0.0692,0.6071,2.147,1.4147,0.8475,0.457,0.5227,0,0,0.246,0
NEFSC BTS_EGOM_SPRING,NEFSC BTS,EGOM,SPRING,EGOM,1984,3.971,0.63,0,0.2428,0,2.2717,1.4565,0,0,0,0,0,0
NEFSC BTS_EGOM_SPRING,NEFSC BTS,EGOM,SPRING,EGOM,1985,1.7119,0.61,0,0.1556,0.2108,0.8787,0.4668,0,0,0,0,0,0
NEFSC BTS_EGOM_SPRING,NEFSC BTS,EGOM,SPRING,EGOM,1986,5.2244,0.59,0,2.6512,0.9726,1.4008,0.1998,0,0,0,0,0,0
NEFSC BTS_EGOM_SPRING,NEFSC BTS,EGOM,SPRING,EGOM,1987,0.2458,0.93,0,0,0,0,0.2458,0,0,0,0,0,0
NEFSC BTS_EGOM_SPRING,NEFSC BTS,EGOM,SPRING,EGOM,1988,2.7325,0.27,0,1.9103,0.345,0,0,0.2804,0.1968,0,0,0,0
NEFSC BTS_EGOM_SPRING,NEFSC BTS,EGOM,SPRING,EGOM,1989,1.7031,0.26,0,0.0351,0.9295,0.3698,0.3687,0,0,0,0,0,0
NEFSC BTS_EGOM_SPRING,NEFSC BTS,EGOM,SPRING,EGOM,1990,2.4936,0.46,0,0,0.1545,1.6017,0.602,0.1354,0,0,0,0,0
NEFSC BTS_EGOM_SPRING,NEFSC BTS,EGOM,SPRING,EGOM,1991,1.475,0.71,0,0,0,0.2846,0.8183,0.3721,0,0,0,0,0
NEFSC BTS_EGOM_SPRING,NEFSC BTS,EGOM,SPRING,EGOM,1992,0.8335,0.85,0,0.2111,0.4668,0,0.1556,0,0,0,0,0,0
NEFSC BTS_EGOM_SPRING,NEFSC BTS,EGOM,SPRING,EGOM,1993,2.7936,0.33,0,0.5409,0.7302,0.5596,0.4961,0.1556,0.3112,0,0,0,0
NEFSC BTS_EGOM_SPRING,NEFSC BTS,EGOM,SPRING,EGOM,1994,0.9656,0.67,0,0.0351,0.5618,0.2458,0,0,0,0.1229,0,0,0
NEFSC BTS_EGOM_SPRING,NEFSC BTS,EGOM,SPRING,EGOM,1995,0.3556,0.5,0,0.0444,0,0.3112,0,0,0,0,0,0,0
NEFSC BTS_EGOM_SPRING,NEFSC BTS,EGOM,SPRING,EGOM,1996,0.4669,0.59,0,0.3113,0,0.1556,0,0,0,0,0,0,0
NEFSC BTS_EGOM_SPRING,NEFSC BTS,EGOM,SPRING,EGOM,1997,0.9112,0.61,0,0.5556,0.3112,0.0444,0,0,0,0,0,0,0
NEFSC BTS_EGOM_SPRING,NEFSC BTS,EGOM,SPRING,EGOM,1998,0.238,0.53,0,0.0634,0.0634,0,0.1112,0,0,0,0,0,0
NEFSC BTS_EGOM_SPRING,NEFSC BTS,EGOM,SPRING,EGOM,1999,0.2,0.71,0,0.0444,0,0,0,0,0.1556,0,0,0,0
NEFSC BTS_EGOM_SPRING,NEFSC BTS,EGOM,SPRING,EGOM,2000,5.5977,0.57,0,3.886,1.7117,0,0,0,0,0,0,0,0
NEFSC BTS_EGOM_SPRING,NEFSC BTS,EGOM,SPRING,EGOM,2001,0.4668,0.89,0,0.1556,0,0.3112,0,0,0,0,0,0,0
NEFSC BTS_EGOM_SPRING,NEFSC BTS,EGOM,SPRING,EGOM,2002,1.1556,0.58,0,0.6444,0,0.2,0.3112,0,0,0,0,0,0
NEFSC BTS_EGOM_SPRING,NEFSC BTS,EGOM,SPRING,EGOM,2003,1.6588,0.57,0,0.2458,1.2901,0,0.1229,0,0,0,0,0,0
NEFSC BTS_EGOM_SPRING,NEFSC BTS,EGOM,SPRING,EGOM,2004,0.463,0.76,0,0.463,0,0,0,0,0,0,0,0,0
NEFSC BTS_EGOM_SPRING,NEFSC BTS,EGOM,SPRING,EGOM,2005,0.778,0.4,0,0.1556,0.3112,0.1556,0.1556,0,0,0,0,0,0
NEFSC BTS_EGOM_SPRING,NEFSC BTS,EGOM,SPRING,EGOM,2006,0.2407,0.64,0,0.1297,0.111,0,0,0,0,0,0,0,0
NEFSC BTS_EGOM_SPRING,NEFSC BTS,EGOM,SPRING,EGOM,2007,0.4165,0.58,0,0.1665,0.0555,0,0.1945,0,0,0,0,0,0
NEFSC BTS_EGOM_SPRING,NEFSC BTS,EGOM,SPRING,EGOM,2008,0.4668,0.89,0,0,0,0,0.4668,0,0,0,0,0,0
NEFSC BTS_EGOM_SPRING,NEFSC BTS,EGOM,SPRING,EGOM,2009,0.0667,0.6,0,0,0.0667,0,0,0,0,0,0,0,0
NEFSC BTS_EGOM_SPRING,NEFSC BTS,EGOM,SPRING,EGOM,2010,0.1998,0.78,0,0.084,0.082,0.0338,0,0,0,0,0,0,0
NEFSC BTS_EGOM_SPRING,NEFSC BTS,EGOM,SPRING,EGOM,2011,0.0989,0.61,0,0.012,0.0202,0,0.0667,0,0,0,0,0,0
NEFSC BTS_EGOM_SPRING,NEFSC BTS,EGOM,SPRING,EGOM,2012,0.3494,0.38,0,0.085,0.0535,0.1504,0,0,0.0605,0,0,0,0
NEFSC BTS_EGOM_SPRING,NEFSC BTS,EGOM,SPRING,EGOM,2013,0.0076,0.56,0,0.0076,0,0,0,0,0,0,0,0,0
NEFSC BTS_EGOM_SPRING,NEFSC BTS,EGOM,SPRING,EGOM,2014,0.0124,0.66,0,0,0.0124,0,0,0,0,0,0,0,0
NEFSC BTS_EGOM_SPRING,NEFSC BTS,EGOM,SPRING,EGOM,2015,0.0224,0.68,0,0.0073,0.0151,0,0,0,0,0,0,0,0
NEFSC BTS_EGOM_SPRING,NEFSC BTS,EGOM,SPRING,EGOM,2016,0.2526,0.76,0,0.0981,0.0713,0.0832,0,0,0,0,0,0,0
NEFSC BTS_EGOM_SPRING,NEFSC BTS,EGOM,SPRING,EGOM,2017,0.1884,0.39,0,0,0.0097,0.0505,0.0402,0,0,0.088,0,0,0
NEFSC BTS_EGOM_SPRING,NEFSC BTS,EGOM,SPRING,EGOM,2018,0.0191,0.78,0,0.0191,0,0,0,0,0,0,0,0,0
NEFSC BTS_EGOM_SPRING,NEFSC BTS,EGOM,SPRING,EGOM,2019,0.1032,0.6,0,0,0,0,0.0466,0.0566,0,0,0,0,0
NEFSC BTS_EGOM_SPRING,NEFSC BTS,EGOM,SPRING,EGOM,2021,0,NA,0,0,0,0,0,0,0,0,0,0,0
NEFSC BTS_EGOM_SPRING,NEFSC BTS,EGOM,SPRING,EGOM,2022,0,NA,0,0,0,0,0,0,0,0,0,0,0
NEFSC BTS_GBK_FALL,NEFSC BTS,GBK,FALL,GBK,1970,3.0936,0.18,0.356,1.3064,1.0039,0.374,0.3701,0.0392,0,0,0,0,0
NEFSC BTS_GBK_FALL,NEFSC BTS,GBK,FALL,GBK,1971,1.396,0.3,0.1341,0.4501,0.4316,0.2139,0.0646,0.1997,0.0254,0.0107,0,0,0
NEFSC BTS_GBK_FALL,NEFSC BTS,GBK,FALL,GBK,1972,3.1917,0.34,0.6112,2.083,0.4558,0.4829,0.1122,0.0322,0.0256,0,0,0,0
NEFSC BTS_GBK_FALL,NEFSC BTS,GBK,FALL,GBK,1973,5.0881,0.36,0.0094,1.2512,1.903,0.8317,0.9379,0.0873,0.0196,0.0139,0.0435,0,0
NEFSC BTS_GBK_FALL,NEFSC BTS,GBK,FALL,GBK,1974,1.2777,0.28,0.0564,0.1176,0.2903,0.6494,0.1367,0.0647,0.019,0,0,0,0
NEFSC BTS_GBK_FALL,NEFSC BTS,GBK,FALL,GBK,1975,1.319,0.35,0.217,0.3711,0.1317,0.2337,0.5333,0,0.0492,0,0,0,0
NEFSC BTS_GBK_FALL,NEFSC BTS,GBK,FALL,GBK,1976,5.2203,0.37,0,4.6043,0.2401,0.1577,0.0066,0.1322,0,0.0794,0,0,0
NEFSC BTS_GBK_FALL,NEFSC BTS,GBK,FALL,GBK,1977,3.5062,0.21,0.0818,0,2.579,0.5021,0.108,0.1226,0.1754,0.0068,0.0123,0,0
NEFSC BTS_GBK_FALL,NEFSC BTS,GBK,FALL,GBK,1978,4.3196,0.21,0.139,1.0763,0.0723,2.5634,0.3788,0.0468,0.0617,0.1019,0.0144,0.004,0
NEFSC BTS_GBK_FALL,NEFSC BTS,GBK,FALL,GBK,1979,4.3189,0.27,0.1223,1.2372,1.1938,0.0883,1.4333,0.2151,0.0849,0.0132,0.039,0.0141,0
NEFSC BTS_GBK_FALL,NEFSC BTS,GBK,FALL,GBK,1980,1.6609,0.25,0.2534,0.6205,0.3485,0.4872,0.0275,0.1588,0.0075,0,0.0109,0,0
NEFSC BTS_GBK_FALL,NEFSC BTS,GBK,FALL,GBK,1981,4.124,0.21,0.266,1.9967,0.9076,0.8395,0.2284,0.0027,0.1009,0,0,0.0482,0
NEFSC BTS_GBK_FALL,NEFSC BTS,GBK,FALL,GBK,1982,0.8402,0.33,0.2356,0.34,0.4075,0.033,0.0417,0,0,0.018,0,0,0
NEFSC BTS_GBK_FALL,NEFSC BTS,GBK,FALL,GBK,1983,0.8751,0.4,0,0.4483,0.119,0.2813,0.006,0,0.0205,0,0,0,0
NEFSC BTS_GBK_FALL,NEFSC BTS,GBK,FALL,GBK,1984,2.2748,0.33,0.1446,1.094,0.0939,0.4372,0.5515,0.0598,0.0333,0,0,0.0051,0
NEFSC BTS_GBK_FALL,NEFSC BTS,GBK,FALL,GBK,1985,1.4648,0.47,0.848,0.1906,1.0532,0.0785,0.1031,0,0.033,0,0,0.0064,0
NEFSC BTS_GBK_FALL,NEFSC BTS,GBK,FALL,GBK,1986,3.3002,0.45,0.1287,2.9584,0.1034,0.1641,0,0.0241,0.0057,0.0445,0,0,0
NEFSC BTS_GBK_FALL,NEFSC BTS,GBK,FALL,GBK,1987,1.4412,0.34,0.1452,0.1444,1.0207,0.1044,0.1516,0,0.0107,0,0,0.0094,0
NEFSC BTS_GBK_FALL,NEFSC BTS,GBK,FALL,GBK,1988,2.105,0.32,0.0873,0.5278,0.1398,1.0444,0.0856,0.2408,0,0.0282,0.0384,0,0
NEFSC BTS_GBK_FALL,NEFSC BTS,GBK,FALL,GBK,1989,3.6836,0.33,0.3815,1.036,1.5242,0.2239,0.7112,0.162,0.0263,0,0,0,0
NEFSC BTS_GBK_FALL,NEFSC BTS,GBK,FALL,GBK,1990,3.0102,0.41,0.2688,0.475,1.0349,1.0996,0.1702,0.1778,0.0527,0,0,0,0
NEFSC BTS_GBK_FALL,NEFSC BTS,GBK,FALL,GBK,1991,0.465,0.38,0.0233,0.1751,0.1042,0.1389,0.0108,0.036,0,0,0,0,0
NEFSC BTS_GBK_FALL,NEFSC BTS,GBK,FALL,GBK,1992,1.0725,0.34,0,0.1751,0.7355,0.1195,0,0.0318,0.0106,0,0,0,0
NEFSC BTS_GBK_FALL,NEFSC BTS,GBK,FALL,GBK,1993,0.602,0.32,0,0.0856,0.121,0.3491,0.0463,0,0,0,0,0,0
NEFSC BTS_GBK_FALL,NEFSC BTS,GBK,FALL,GBK,1994,0.9866,0.43,0.0094,0.1312,0.3313,0.2829,0.1363,0.0851,0.0198,0,0,0,0
NEFSC BTS_GBK_FALL,NEFSC BTS,GBK,FALL,GBK,1995,0.8101,0.36,0.2046,0.0239,0.2225,0.4458,0.0718,0.0294,0.0167,0,0,0,0
NEFSC BTS_GBK_FALL,NEFSC BTS,GBK,FALL,GBK,1996,1.0155,0.35,0.0094,0.2608,0.0891,0.451,0.1747,0.0154,0.0245,0,0,0,0
NEFSC BTS_GBK_FALL,NEFSC BTS,GBK,FALL,GBK,1997,0.6226,0.66,0,0.1078,0.2438,0.1146,0.0681,0.0595,0.0188,0.01,0,0,0
NEFSC BTS_GBK_FALL,NEFSC BTS,GBK,FALL,GBK,1998,1.2063,0.32,0,0.1422,0.5721,0.3711,0.0571,0.0544,0,0,0.0094,0,0
NEFSC BTS_GBK_FALL,NEFSC BTS,GBK,FALL,GBK,1999,0.3939,0.48,0,0.0094,0.0094,0.2643,0.085,0.0258,0,0,0,0,0
NEFSC BTS_GBK_FALL,NEFSC BTS,GBK,FALL,GBK,2000,0.506,0.3,0,0.0747,0.2342,0.0709,0.0903,0.0359,0,0,0,0,0
NEFSC BTS_GBK_FALL,NEFSC BTS,GBK,FALL,GBK,2001,0.5457,0.33,0.0212,0.0636,0.1105,0.2562,0.031,0.0632,0.0106,0.0106,0,0,0
NEFSC BTS_GBK_FALL,NEFSC BTS,GBK,FALL,GBK,2002,3.9696,0.44,0.1052,0.0965,0.5359,0.6641,2.3236,0.1421,0.1918,0.0156,0,0,0
NEFSC BTS_GBK_FALL,NEFSC BTS,GBK,FALL,GBK,2003,0.3211,0.29,0.1397,0,0.0518,0.142,0.0897,0.0282,0,0.0094,0,0,0
NEFSC BTS_GBK_FALL,NEFSC BTS,GBK,FALL,GBK,2004,2.6445,0.51,0.1412,0.4827,0.0628,0.8259,0.2623,0.486,0.3852,0.0863,0.027,0.0263,0
NEFSC BTS_GBK_FALL,NEFSC BTS,GBK,FALL,GBK,2005,0.913,0.39,0.0274,0.0281,0.4746,0.0961,0.2579,0.0469,0,0.0094,0,0,0
NEFSC BTS_GBK_FALL,NEFSC BTS,GBK,FALL,GBK,2006,1.0687,0.57,0,0.1834,0.0967,0.5242,0.0264,0.1852,0.0132,0.0132,0.0132,0.0132,0
NEFSC BTS_GBK_FALL,NEFSC BTS,GBK,FALL,GBK,2007,0.2753,0.31,0.0582,0.0282,0.1486,0.0094,0.0797,0,0.0094,0,0,0,0
NEFSC BTS_GBK_FALL,NEFSC BTS,GBK,FALL,GBK,2008,0.3786,0.28,0.0094,0.047,0.1563,0.0583,0.0132,0.0828,0.0094,0.0116,0,0,0
NEFSC BTS_GBK_FALL,NEFSC BTS,GBK,FALL,GBK,2009,0.8772,0.44,0.2997,0.1306,0.2173,0.4104,0.0758,0.0243,0.0188,0,0,0,0
NEFSC BTS_GBK_FALL,NEFSC BTS,GBK,FALL,GBK,2010,0.4745,0.71,2.3815,0.0765,0.1116,0.0955,0.1817,0.0092,0,0,0,0,0
NEFSC BTS_GBK_FALL,NEFSC BTS,GBK,FALL,GBK,2011,3.0876,0.46,0.311,1.2512,0.9372,0.4287,0.2691,0.1795,0.0219,0,0,0,0
NEFSC BTS_GBK_FALL,NEFSC BTS,GBK,FALL,GBK,2012,0.8002,0.41,0,0.0585,0.4804,0.1975,0.023,0.0408,0,0,0,0,0
NEFSC BTS_GBK_FALL,NEFSC BTS,GBK,FALL,GBK,2013,2.3719,0.53,0.7998,0.1692,1.1015,0.7956,0.3056,0,0,0,0,0,0
NEFSC BTS_GBK_FALL,NEFSC BTS,GBK,FALL,GBK,2014,1.1633,0.49,0.4017,0.5213,0.0865,0.2116,0.2904,0.0318,0.0217,0,0,0,0
NEFSC BTS_GBK_FALL,NEFSC BTS,GBK,FALL,GBK,2015,4.4331,0.39,0.2173,0.9413,2.9324,0.1315,0.2422,0.1857,0,0,0,0,0
NEFSC BTS_GBK_FALL,NEFSC BTS,GBK,FALL,GBK,2016,3.9307,0.47,0.0096,0.0387,0.6102,2.9087,0.0998,0.1933,0.08,0,0,0,0
NEFSC BTS_GBK_FALL,NEFSC BTS,GBK,FALL,GBK,2017,0.9785,0.57,0.1861,0.3049,0.3466,0.1455,0.1815,0,0,0,0,0,0
NEFSC BTS_GBK_FALL,NEFSC BTS,GBK,FALL,GBK,2018,2.5092,0.51,0.1085,1.1124,0.392,0.3788,0.3804,0.2456,0,0,0,0,0
NEFSC BTS_GBK_FALL,NEFSC BTS,GBK,FALL,GBK,2019,1.5294,0.61,0.1022,0.387,0.3774,0.3607,0.1622,0.1291,0.113,0,0,0,0
NEFSC BTS_GBK_FALL,NEFSC BTS,GBK,FALL,GBK,2021,1.3622,0.64,0.0638,1.1306,0.1027,0.0601,0.0538,0.015,0,0,0,0,0
NEFSC BTS_GBK_SPRING,NEFSC BTS,GBK,SPRING,GBK,1970,2.9084,0.23,0,0.2924,0.6414,0.3066,1.0421,0.0948,0.2927,0.0952,0.0351,0.1081,0
NEFSC BTS_GBK_SPRING,NEFSC BTS,GBK,SPRING,GBK,1971,2.3711,0.16,0,0.1339,0.4775,0.4494,0.1884,0.415,0.1017,0.2196,0.2616,0.124,0
NEFSC BTS_GBK_SPRING,NEFSC BTS,GBK,SPRING,GBK,1972,6.8111,0.17,0,2.5052,1.3887,1.922,0.4627,0.0739,0.1623,0.1067,0.0614,0.1282,0
NEFSC BTS_GBK_SPRING,NEFSC BTS,GBK,SPRING,GBK,1973,48.5653,0.64,0,0.4266,35.9886,5.346,5.2385,0.4077,0.3922,0.3414,0,0.4243,0
NEFSC BTS_GBK_SPRING,NEFSC BTS,GBK,SPRING,GBK,1974,10.8639,0.19,0,0.2351,3.8149,3.9267,0.5381,1.6818,0.3412,0.0597,0.1505,0.1159,0
NEFSC BTS_GBK_SPRING,NEFSC BTS,GBK,SPRING,GBK,1975,5.1632,0.39,0,0.018,0.2281,1.6151,2.4557,0.1565,0.4579,0.0837,0.0861,0.0621,0
NEFSC BTS_GBK_SPRING,NEFSC BTS,GBK,SPRING,GBK,1976,4.7477,0.19,0,1.2411,1.1964,0.4814,0.4079,1.1305,0.0202,0.2142,0.0203,0.0357,0
NEFSC BTS_GBK_SPRING,NEFSC BTS,GBK,SPRING,GBK,1977,4.405,0.14,0,0,2.4965,0.8662,0.2868,0.2373,0.4205,0.0428,0.0549,0,0
NEFSC BTS_GBK_SPRING,NEFSC BTS,GBK,SPRING,GBK,1978,6.4126,0.19,2.8554,0.2657,0,4.0682,0.7913,0.5117,0.0942,0.4796,0.0444,0.1575,0
NEFSC BTS_GBK_SPRING,NEFSC BTS,GBK,SPRING,GBK,1979,3.5972,0.15,0.086,0.3752,0.9996,0.0881,1.3896,0.4236,0.1549,0.0633,0.0972,0.0057,0
NEFSC BTS_GBK_SPRING,NEFSC BTS,GBK,SPRING,GBK,1980,6.181,0.24,0,0.1025,1.8981,2.0756,0.1355,1.4753,0.3046,0.1006,0.0191,0.0697,0
NEFSC BTS_GBK_SPRING,NEFSC BTS,GBK,SPRING,GBK,1981,9.4102,0.17,0.3312,2.1749,1.5143,2.9934,1.5103,0.0547,0.7891,0.2127,0.1063,0.0545,0
NEFSC BTS_GBK_SPRING,NEFSC BTS,GBK,SPRING,GBK,1982,34.4004,0.76,0,0.4362,5.595,9.7436,9.7198,5.7456,0.0927,2.2926,0.7278,0.0471,0
NEFSC BTS_GBK_SPRING,NEFSC BTS,GBK,SPRING,GBK,1983,4.9821,0.28,0,0.222,0.9477,2.1216,0.569,0.5264,0.3658,0.0276,0.0778,0.1242,0
NEFSC BTS_GBK_SPRING,NEFSC BTS,GBK,SPRING,GBK,1984,2.3816,0.19,0,0.2538,0.0517,0.4046,0.8264,0.2888,0.3061,0.1036,0,0.1466,0
NEFSC BTS_GBK_SPRING,NEFSC BTS,GBK,SPRING,GBK,1985,8.2774,0.23,0.33,0.0594,3.3331,0.8482,1.3102,1.7341,0.3225,0.2227,0.2363,0.2109,0
NEFSC BTS_GBK_SPRING,NEFSC BTS,GBK,SPRING,GBK,1986,5.1571,0.15,0,1.226,0.3242,1.7569,0.2582,0.5677,0.7069,0.0347,0.1069,0.1756,0
NEFSC BTS_GBK_SPRING,NEFSC BTS,GBK,SPRING,GBK,1987,3.433,0.16,0,0,1.792,0.2764,0.8706,0.077,0.15,0.1672,0.0371,0.0627,0
NEFSC BTS_GBK_SPRING,NEFSC BTS,GBK,SPRING,GBK,1988,6.4506,0.21,0.2207,0.7901,0.5576,3.7805,0.3804,0.782,0.0273,0.0312,0.1015,0,0
NEFSC BTS_GBK_SPRING,NEFSC BTS,GBK,SPRING,GBK,1989,6.0142,0.23,0,0.2733,1.6399,0.5741,2.2384,0.3944,0.5287,0.0575,0.1149,0.193,0
NEFSC BTS_GBK_SPRING,NEFSC BTS,GBK,SPRING,GBK,1990,6.226,0.27,0,0.2349,0.8923,2.4995,0.8785,1.2774,0.2227,0.1734,0,0.0473,0
NEFSC BTS_GBK_SPRING,NEFSC BTS,GBK,SPRING,GBK,1991,6.3852,0.11,0.3331,1.7515,0.7728,0.8857,1.4457,0.8293,0.5127,0.0593,0.1282,0,0
NEFSC BTS_GBK_SPRING,NEFSC BTS,GBK,SPRING,GBK,1992,2.5843,0.19,0,0.145,1.0872,0.4551,0.1835,0.2906,0.136,0.216,0.0205,0.0504,0
NEFSC BTS_GBK_SPRING,NEFSC BTS,GBK,SPRING,GBK,1993,2.5052,0.3,0.096,0,0.3929,1.5103,0.2275,0.061,0.179,0.0515,0.0487,0.0343,0
NEFSC BTS_GBK_SPRING,NEFSC BTS,GBK,SPRING,GBK,1994,1.0617,0.28,0,0.1415,0.3136,0.2239,0.2291,0.0585,0.0097,0.0527,0,0.0327,0
NEFSC BTS_GBK_SPRING,NEFSC BTS,GBK,SPRING,GBK,1995,3.0096,0.3,0.6397,0.0555,0.3208,0.8843,0.5044,0.7384,0.2056,0.2605,0,0.0401,0
NEFSC BTS_GBK_SPRING,NEFSC BTS,GBK,SPRING,GBK,1996,3.1385,0.26,0,0.0987,0.2906,0.8852,1.4221,0.1884,0.2029,0.0277,0.0229,0,0
NEFSC BTS_GBK_SPRING,NEFSC BTS,GBK,SPRING,GBK,1997,1.4534,0.22,0.3902,0.0948,0.194,0.0431,0.3756,0.5555,0.0419,0.0921,0.0564,0,0
NEFSC BTS_GBK_SPRING,NEFSC BTS,GBK,SPRING,GBK,1998,4.9179,0.36,0.0241,0.036,0.9414,1.5905,0.8552,0.7961,0.6301,0.0443,0.0243,0,0
NEFSC BTS_GBK_SPRING,NEFSC BTS,GBK,SPRING,GBK,1999,2.0686,0.18,0.0903,0.02,0.1645,0.6131,0.6191,0.341,0.1653,0.0996,0.0341,0.0119,0
NEFSC BTS_GBK_SPRING,NEFSC BTS,GBK,SPRING,GBK,2000,3.1122,0.24,0.0715,0,0.3677,0.6236,1.4312,0.4623,0.1617,0.0469,0.0188,0,0
NEFSC BTS_GBK_SPRING,NEFSC BTS,GBK,SPRING,GBK,2001,1.7619,0.32,0,0,0.1064,0.9521,0.1673,0.3949,0.1218,0,0.01,0.0094,0
NEFSC BTS_GBK_SPRING,NEFSC BTS,GBK,SPRING,GBK,2002,2.3294,0.25,0.0241,0,0.0979,0.4259,1.2575,0.2672,0.2283,0.0526,0,0,0
NEFSC BTS_GBK_SPRING,NEFSC BTS,GBK,SPRING,GBK,2003,3.0134,0.39,0,0,0.1472,0.4705,0.9403,1.1927,0.1224,0.1303,0.01,0,0
NEFSC BTS_GBK_SPRING,NEFSC BTS,GBK,SPRING,GBK,2004,7.046,0.44,0,0.7466,0.0327,0.6935,1.8852,1.8533,1.3091,0.2334,0.2701,0.0221,0
NEFSC BTS_GBK_SPRING,NEFSC BTS,GBK,SPRING,GBK,2005,2.1315,0.17,0.0593,0.0176,0.4635,0.0511,0.7744,0.331,0.2818,0.1662,0.0459,0,0
NEFSC BTS_GBK_SPRING,NEFSC BTS,GBK,SPRING,GBK,2006,2.7477,0.24,0,0.0318,0.0726,0.8913,0.3836,0.8801,0.2897,0.1174,0.0812,0,0
NEFSC BTS_GBK_SPRING,NEFSC BTS,GBK,SPRING,GBK,2007,3.4784,0.25,0,0.0242,0.367,0.3268,2.1994,0.251,0.2505,0.0344,0.0251,0,0
NEFSC BTS_GBK_SPRING,NEFSC BTS,GBK,SPRING,GBK,2008,2.5188,0.23,0.0482,0.0373,0.1412,0.6199,0.3404,1.2753,0.0457,0.059,0,0,0
NEFSC BTS_GBK_SPRING,NEFSC BTS,GBK,SPRING,GBK,2009,3.123,0.26,0,0.2764,0.2083,1.1294,0.5904,0.3025,0.5378,0.0379,0.017,0.0233,0
NEFSC BTS_GBK_SPRING,NEFSC BTS,GBK,SPRING,GBK,2010,3.0263,0.16,0,0.1922,0.4392,0.7007,1.0746,0.2617,0.0677,0.2666,0,0.0236,0
NEFSC BTS_GBK_SPRING,NEFSC BTS,GBK,SPRING,GBK,2011,2.6411,0.21,0,0.5657,0.5568,0.4107,0.638,0.3218,0.0924,0.0169,0.0388,0,0
NEFSC BTS_GBK_SPRING,NEFSC BTS,GBK,SPRING,GBK,2012,4.9508,0.23,0.0301,0.0542,1.5161,1.4403,1.3405,0.3279,0.2246,0.0472,0,0,0
NEFSC BTS_GBK_SPRING,NEFSC BTS,GBK,SPRING,GBK,2013,10.0465,0.45,0,0.0565,1.6358,6.3021,1.7341,0.2142,0.0772,0.0266,0,0,0
NEFSC BTS_GBK_SPRING,NEFSC BTS,GBK,SPRING,GBK,2014,4.5942,0.27,0,0.3511,0.3126,1.6629,1.9117,0.2841,0.0718,0,0,0,0
NEFSC BTS_GBK_SPRING,NEFSC BTS,GBK,SPRING,GBK,2015,1.9609,0.21,0,0.087,0.8251,0.1815,0.3454,0.4849,0.037,0,0,0,0
NEFSC BTS_GBK_SPRING,NEFSC BTS,GBK,SPRING,GBK,2016,5.065,0.48,0.0195,0.0271,0.5167,3.6776,0.4574,0.263,0.1136,0.0096,0,0,0
NEFSC BTS_GBK_SPRING,NEFSC BTS,GBK,SPRING,GBK,2017,9.9101,0.31,0.0228,0.1994,0.2883,1.3671,5.6013,1.4604,0.7539,0.2397,0,0,0
NEFSC BTS_GBK_SPRING,NEFSC BTS,GBK,SPRING,GBK,2018,3.5465,0.45,0,0.5031,0.3752,1.0726,0.8499,0.7307,0,0,0,0.015,0
NEFSC BTS_GBK_SPRING,NEFSC BTS,GBK,SPRING,GBK,2019,9.7673,0.75,0.1684,0.5605,3.0624,1.6392,2.9853,1.1713,0.3389,0.0097,0,0,0
NEFSC BTS_GBK_SPRING,NEFSC BTS,GBK,SPRING,GBK,2021,2.7869,0.31,0.2552,0.1743,0.8655,0.9537,0.6271,0.1511,0,0.0152,0,0,0
NEFSC BTS_GBK_SPRING,NEFSC BTS,GBK,SPRING,GBK,2022,3.3202,0.37,0.0182,0.3428,0.9245,1.3718,0.4813,0.1588,0.041,0,0,0,0
NEFSC BTS_SNE_FALL,NEFSC BTS,SNE,FALL,SNE,1970,0.1064,0.92,0,0.0266,0.0266,0.0532,0,0,0,0,0,0,0
NEFSC BTS_SNE_FALL,NEFSC BTS,SNE,FALL,SNE,1971,0.0166,0.59,0,0,0,0,0,0,0.0166,0,0,0,0
NEFSC BTS_SNE_FALL,NEFSC BTS,SNE,FALL,SNE,1972,0,NA,0,0,0,0,0,0,0,0,0,0,0
NEFSC BTS_SNE_FALL,NEFSC BTS,SNE,FALL,SNE,1973,0,NA,0,0,0,0,0,0,0,0,0,0,0
NEFSC BTS_SNE_FALL,NEFSC BTS,SNE,FALL,SNE,1974,0.0222,0.93,0,0,0,0.0222,0,0,0,0,0,0,0
NEFSC BTS_SNE_FALL,NEFSC BTS,SNE,FALL,SNE,1975,0,NA,0,0,0,0,0,0,0,0,0,0,0
NEFSC BTS_SNE_FALL,NEFSC BTS,SNE,FALL,SNE,1976,0,NA,0,0,0,0,0,0,0,0,0,0,0
NEFSC BTS_SNE_FALL,NEFSC BTS,SNE,FALL,SNE,1977,0,NA,0,0,0,0,0,0,0,0,0,0,0
NEFSC BTS_SNE_FALL,NEFSC BTS,SNE,FALL,SNE,1978,0.0105,0.96,0,0.0105,0,0,0,0,0,0,0,0,0
NEFSC BTS_SNE_FALL,NEFSC BTS,SNE,FALL,SNE,1979,0,NA,0,0,0,0,0,0,0,0,0,0,0
NEFSC BTS_SNE_FALL,NEFSC BTS,SNE,FALL,SNE,1980,0,0.83,NA,NA,NA,NA,NA,NA,NA,NA,NA,NA,0
NEFSC BTS_SNE_FALL,NEFSC BTS,SNE,FALL,SNE,1981,0,NA,0,0,0,0,0,0,0,0,0,0,0
NEFSC BTS_SNE_FALL,NEFSC BTS,SNE,FALL,SNE,1982,0,NA,0,0,0,0,0,0,0,0,0,0,0
NEFSC BTS_SNE_FALL,NEFSC BTS,SNE,FALL,SNE,1983,0,NA,0,0,0,0,0,0,0,0,0,0,0
NEFSC BTS_SNE_FALL,NEFSC BTS,SNE,FALL,SNE,1984,0,0.91,NA,NA,NA,NA,NA,NA,NA,NA,NA,NA,0
NEFSC BTS_SNE_FALL,NEFSC BTS,SNE,FALL,SNE,1985,0,NA,0,0,0,0,0,0,0,0,0,0,0
NEFSC BTS_SNE_FALL,NEFSC BTS,SNE,FALL,SNE,1986,0,NA,0,0,0,0,0,0,0,0,0,0,0
NEFSC BTS_SNE_FALL,NEFSC BTS,SNE,FALL,SNE,1987,0,NA,0,0,0,0,0,0,0,0,0,0,0
NEFSC BTS_SNE_FALL,NEFSC BTS,SNE,FALL,SNE,1988,0,0.88,0.0171,0,0,0,0,0,0,0,0,0,0
NEFSC BTS_SNE_FALL,NEFSC BTS,SNE,FALL,SNE,1989,0,NA,0,0,0,0,0,0,0,0,0,0,0
NEFSC BTS_SNE_FALL,NEFSC BTS,SNE,FALL,SNE,1990,0,NA,0,0,0,0,0,0,0,0,0,0,0
NEFSC BTS_SNE_FALL,NEFSC BTS,SNE,FALL,SNE,1991,0,NA,0,0,0,0,0,0,0,0,0,0,0
NEFSC BTS_SNE_FALL,NEFSC BTS,SNE,FALL,SNE,1992,0.0171,0.58,0.0664,0,0.0171,0,0,0,0,0,0,0,0
NEFSC BTS_SNE_FALL,NEFSC BTS,SNE,FALL,SNE,1993,0.0135,0.89,0,0,0.0135,0,0,0,0,0,0,0,0
NEFSC BTS_SNE_FALL,NEFSC BTS,SNE,FALL,SNE,1994,0,0.88,NA,NA,NA,NA,NA,NA,NA,NA,NA,NA,0
NEFSC BTS_SNE_FALL,NEFSC BTS,SNE,FALL,SNE,1995,0,NA,0,0,0,0,0,0,0,0,0,0,0
NEFSC BTS_SNE_FALL,NEFSC BTS,SNE,FALL,SNE,1996,0,NA,0,0,0,0,0,0,0,0,0,0,0
NEFSC BTS_SNE_FALL,NEFSC BTS,SNE,FALL,SNE,1997,0,NA,0,0,0,0,0,0,0,0,0,0,0
NEFSC BTS_SNE_FALL,NEFSC BTS,SNE,FALL,SNE,1998,0,NA,0,0,0,0,0,0,0,0,0,0,0
NEFSC BTS_SNE_FALL,NEFSC BTS,SNE,FALL,SNE,1999,0,NA,0,0,0,0,0,0,0,0,0,0,0
NEFSC BTS_SNE_FALL,NEFSC BTS,SNE,FALL,SNE,2000,0,NA,0,0,0,0,0,0,0,0,0,0,0
NEFSC BTS_SNE_FALL,NEFSC BTS,SNE,FALL,SNE,2001,0,NA,0,0,0,0,0,0,0,0,0,0,0
NEFSC BTS_SNE_FALL,NEFSC BTS,SNE,FALL,SNE,2002,0,NA,0,0,0,0,0,0,0,0,0,0,0
NEFSC BTS_SNE_FALL,NEFSC BTS,SNE,FALL,SNE,2003,0,NA,0,0,0,0,0,0,0,0,0,0,0
NEFSC BTS_SNE_FALL,NEFSC BTS,SNE,FALL,SNE,2004,0,NA,0,0,0,0,0,0,0,0,0,0,0
NEFSC BTS_SNE_FALL,NEFSC BTS,SNE,FALL,SNE,2005,0,0.93,0.3739,0,0,0,0,0,0,0,0,0,0
NEFSC BTS_SNE_FALL,NEFSC BTS,SNE,FALL,SNE,2006,0,NA,0,0,0,0,0,0,0,0,0,0,0
NEFSC BTS_SNE_FALL,NEFSC BTS,SNE,FALL,SNE,2007,0.0171,0.9,0,0,0.0171,0,0,0,0,0,0,0,0
NEFSC BTS_SNE_FALL,NEFSC BTS,SNE,FALL,SNE,2008,0.0171,0.89,0,0,0,0.0171,0,0,0,0,0,0,0
NEFSC BTS_SNE_FALL,NEFSC BTS,SNE,FALL,SNE,2009,0,NA,0,0,0,0,0,0,0,0,0,0,0
NEFSC BTS_SNE_FALL,NEFSC BTS,SNE,FALL,SNE,2010,0,NA,0,0,0,0,0,0,0,0,0,0,0
NEFSC BTS_SNE_FALL,NEFSC BTS,SNE,FALL,SNE,2011,0,NA,0,0,0,0,0,0,0,0,0,0,0
NEFSC BTS_SNE_FALL,NEFSC BTS,SNE,FALL,SNE,2012,0.0259,0.92,0,0,0,0.0259,0,0,0,0,0,0,0
NEFSC BTS_SNE_FALL,NEFSC BTS,SNE,FALL,SNE,2013,0,NA,0,0,0,0,0,0,0,0,0,0,0
NEFSC BTS_SNE_FALL,NEFSC BTS,SNE,FALL,SNE,2014,0,NA,0,0,0,0,0,0,0,0,0,0,0
NEFSC BTS_SNE_FALL,NEFSC BTS,SNE,FALL,SNE,2015,0,NA,0,0,0,0,0,0,0,0,0,0,0
NEFSC BTS_SNE_FALL,NEFSC BTS,SNE,FALL,SNE,2016,0,NA,0,0,0,0,0,0,0,0,0,0,0
NEFSC BTS_SNE_FALL,NEFSC BTS,SNE,FALL,SNE,2017,0,NA,NA,NA,NA,NA,NA,NA,NA,NA,NA,NA,0
NEFSC BTS_SNE_FALL,NEFSC BTS,SNE,FALL,SNE,2018,0,NA,0,0,0,0,0,0,0,0,0,0,0
NEFSC BTS_SNE_FALL,NEFSC BTS,SNE,FALL,SNE,2019,0,NA,0,0,0,0,0,0,0,0,0,0,0
NEFSC BTS_SNE_FALL,NEFSC BTS,SNE,FALL,SNE,2021,0.0454,0.9,0,0,0.0238,0.0216,0,0,0,0,0,0,0
NEFSC BTS_SNE_SPRING,NEFSC BTS,SNE,SPRING,SNE,1970,0.7631,0.36,0,0,0,0.1481,0.4004,0.0877,0.0936,0,0,0.0333,0
NEFSC BTS_SNE_SPRING,NEFSC BTS,SNE,SPRING,SNE,1971,0.7617,0.27,0,0,0.0915,0,0.1303,0.3644,0.0803,0.0686,0.0266,0,0
NEFSC BTS_SNE_SPRING,NEFSC BTS,SNE,SPRING,SNE,1972,0,0.42,0,0,0,0,0,0,0,0,0,0,0
NEFSC BTS_SNE_SPRING,NEFSC BTS,SNE,SPRING,SNE,1973,3.8065,0.3,0,0,3.0618,0.0547,0.263,0.1316,0.085,0.1758,0.0346,0,0
NEFSC BTS_SNE_SPRING,NEFSC BTS,SNE,SPRING,SNE,1974,1.0253,0.27,0,0,0,0.6693,0.1306,0.1168,0,0.0726,0.036,0,0
NEFSC BTS_SNE_SPRING,NEFSC BTS,SNE,SPRING,SNE,1975,0.4989,0.19,0,0,0,0,0.3893,0,0,0,0.0772,0.0324,0
NEFSC BTS_SNE_SPRING,NEFSC BTS,SNE,SPRING,SNE,1976,0,0.4,0,0,0,0,0,0,0,0,0,0,0
NEFSC BTS_SNE_SPRING,NEFSC BTS,SNE,SPRING,SNE,1977,0.4855,0.27,0,0,0.0797,0.0548,0,0,0.3236,0,0,0.0274,0
NEFSC BTS_SNE_SPRING,NEFSC BTS,SNE,SPRING,SNE,1978,0.2621,0.51,0.3419,0,0,0.1005,0,0,0.0598,0.0568,0.045,0,0
NEFSC BTS_SNE_SPRING,NEFSC BTS,SNE,SPRING,SNE,1979,0.212,0.59,0,0.0105,0,0,0.1188,0.0105,0.0445,0,0.0277,0,0
NEFSC BTS_SNE_SPRING,NEFSC BTS,SNE,SPRING,SNE,1980,0.308,0.3,0.4635,0.014,0.0331,0.0512,0,0.0406,0.0446,0.0321,0,0.0924,0
NEFSC BTS_SNE_SPRING,NEFSC BTS,SNE,SPRING,SNE,1981,1.2051,0.63,0,0,0,0,1.1091,0,0.0736,0,0,0.0224,0
NEFSC BTS_SNE_SPRING,NEFSC BTS,SNE,SPRING,SNE,1982,0.0545,0.35,0,0,0,0.0545,0,0,0,0,0,0,0
NEFSC BTS_SNE_SPRING,NEFSC BTS,SNE,SPRING,SNE,1983,0.1329,0.72,0.3888,0,0,0.0517,0,0,0,0.048,0,0.0332,0
NEFSC BTS_SNE_SPRING,NEFSC BTS,SNE,SPRING,SNE,1984,0.2026,0.44,0,0.0332,0.0332,0.0332,0.0664,0,0,0.0366,0,0,0
NEFSC BTS_SNE_SPRING,NEFSC BTS,SNE,SPRING,SNE,1985,0.6024,0.67,0,0.1025,0.0326,0.0569,0.2495,0.1609,0,0,0,0,0
NEFSC BTS_SNE_SPRING,NEFSC BTS,SNE,SPRING,SNE,1986,0.1433,0.51,0,0.0721,0,0,0.0527,0.0185,0,0,0,0,0
NEFSC BTS_SNE_SPRING,NEFSC BTS,SNE,SPRING,SNE,1987,0,NA,0,0,0,0,0,0,0,0,0,0,0
NEFSC BTS_SNE_SPRING,NEFSC BTS,SNE,SPRING,SNE,1988,0.21,0.34,0,0.0284,0.035,0.1466,0,0,0,0,0,0,0
NEFSC BTS_SNE_SPRING,NEFSC BTS,SNE,SPRING,SNE,1989,0.6604,0.24,0,0.0541,0.0294,0.2008,0.3555,0,0,0,0,0.0206,0
NEFSC BTS_SNE_SPRING,NEFSC BTS,SNE,SPRING,SNE,1990,0.1687,0.5,0,0,0,0.1174,0,0.0513,0,0,0,0,0
NEFSC BTS_SNE_SPRING,NEFSC BTS,SNE,SPRING,SNE,1991,0.0629,0.53,0,0,0,0.0288,0,0.0341,0,0,0,0,0
NEFSC BTS_SNE_SPRING,NEFSC BTS,SNE,SPRING,SNE,1992,0.1286,0.4,0,0,0.0355,0.0107,0.0611,0.0213,0,0,0,0,0
NEFSC BTS_SNE_SPRING,NEFSC BTS,SNE,SPRING,SNE,1993,0.0634,0.46,0,0.0213,0,0.0213,0.0208,0,0,0,0,0,0
NEFSC BTS_SNE_SPRING,NEFSC BTS,SNE,SPRING,SNE,1994,0.1242,0.28,0,0,0.0135,0.0758,0.0146,0.0067,0.0136,0,0,0,0
NEFSC BTS_SNE_SPRING,NEFSC BTS,SNE,SPRING,SNE,1995,0.1196,0.58,0,0,0.0171,0.0513,0.0512,0,0,0,0,0,0
NEFSC BTS_SNE_SPRING,NEFSC BTS,SNE,SPRING,SNE,1996,0.0185,0.97,0,0,0,0.0185,0,0,0,0,0,0,0
NEFSC BTS_SNE_SPRING,NEFSC BTS,SNE,SPRING,SNE,1997,0,NA,0,0,0,0,0,0,0,0,0,0,0
NEFSC BTS_SNE_SPRING,NEFSC BTS,SNE,SPRING,SNE,1998,0.0355,0.69,0,0,0.0355,0,0,0,0,0,0,0,0
NEFSC BTS_SNE_SPRING,NEFSC BTS,SNE,SPRING,SNE,1999,0.4777,0.82,0,0,0.1876,0.2901,0,0,0,0,0,0,0
NEFSC BTS_SNE_SPRING,NEFSC BTS,SNE,SPRING,SNE,2000,0.0512,0.63,0,0,0.0341,0,0,0,0.0171,0,0,0,0
NEFSC BTS_SNE_SPRING,NEFSC BTS,SNE,SPRING,SNE,2001,0.0342,0.6,0,0,0,0.0342,0,0,0,0,0,0,0
NEFSC BTS_SNE_SPRING,NEFSC BTS,SNE,SPRING,SNE,2002,0.0171,0.87,0,0,0,0,0,0,0.0171,0,0,0,0
NEFSC BTS_SNE_SPRING,NEFSC BTS,SNE,SPRING,SNE,2003,0.0135,0.87,0,0,0,0,0,0.0135,0,0,0,0,0
NEFSC BTS_SNE_SPRING,NEFSC BTS,SNE,SPRING,SNE,2004,1.3668,0.83,0.0185,1.3326,0.0342,0,0,0,0,0,0,0,0
NEFSC BTS_SNE_SPRING,NEFSC BTS,SNE,SPRING,SNE,2005,0.0564,0.54,0,0.0185,0.0171,0.0208,0,0,0,0,0,0,0
NEFSC BTS_SNE_SPRING,NEFSC BTS,SNE,SPRING,SNE,2006,0,NA,0,0,0,0,0,0,0,0,0,0,0
NEFSC BTS_SNE_SPRING,NEFSC BTS,SNE,SPRING,SNE,2007,0,NA,0,0,0,0,0,0,0,0,0,0,0
NEFSC BTS_SNE_SPRING,NEFSC BTS,SNE,SPRING,SNE,2008,0.0171,0.9,0,0,0.0171,0,0,0,0,0,0,0,0
NEFSC BTS_SNE_SPRING,NEFSC BTS,SNE,SPRING,SNE,2009,0.0233,0.59,0,0.0058,0.0063,0.0112,0,0,0,0,0,0,0
NEFSC BTS_SNE_SPRING,NEFSC BTS,SNE,SPRING,SNE,2010,0.0687,0.37,0,0.0129,0.0128,0.0089,0.0341,0,0,0,0,0,0
NEFSC BTS_SNE_SPRING,NEFSC BTS,SNE,SPRING,SNE,2011,0.1321,0.33,0,0,0.0409,0.0794,0.0118,0,0,0,0,0,0
NEFSC BTS_SNE_SPRING,NEFSC BTS,SNE,SPRING,SNE,2012,0,NA,0,0,0,0,0,0,0,0,0,0,0
NEFSC BTS_SNE_SPRING,NEFSC BTS,SNE,SPRING,SNE,2013,0.0806,0.43,0,0,0.0186,0.0203,0.0417,0,0,0,0,0,0
NEFSC BTS_SNE_SPRING,NEFSC BTS,SNE,SPRING,SNE,2014,0.0235,0.47,0,0,0.0147,0.0088,0,0,0,0,0,0,0
NEFSC BTS_SNE_SPRING,NEFSC BTS,SNE,SPRING,SNE,2015,0.0748,0.33,0,0.0053,0.0445,0.0114,0.0136,0,0,0,0,0,0
NEFSC BTS_SNE_SPRING,NEFSC BTS,SNE,SPRING,SNE,2016,0.0109,0.86,0,0,0,0.0109,0,0,0,0,0,0,0
NEFSC BTS_SNE_SPRING,NEFSC BTS,SNE,SPRING,SNE,2017,0.0724,0.65,0,0,0.0112,0.0123,0.0489,0,0,0,0,0,0
NEFSC BTS_SNE_SPRING,NEFSC BTS,SNE,SPRING,SNE,2018,0.0618,0.71,0,0,0.0447,0.0171,0,0,0,0,0,0,0
NEFSC BTS_SNE_SPRING,NEFSC BTS,SNE,SPRING,SNE,2019,0.0247,0.64,0,0,0,0.0124,0,0.0123,0,0,0,0,0
NEFSC BTS_SNE_SPRING,NEFSC BTS,SNE,SPRING,SNE,2021,0,NA,0,0,0,0,0,0,0,0,0,0,0
NEFSC BTS_SNE_SPRING,NEFSC BTS,SNE,SPRING,SNE,2022,0.0201,0.67,0,0,0.0117,0.0084,0,0,0,0,0,0,0
NEFSC BTS_WGOM_FALL,NEFSC BTS,WGOM,FALL,WGOM,1970,4.2866,0.33,1.0816,1.0005,0.5872,0.6643,0.4505,0.4583,0.0426,0.6568,0.1136,0.3128,0
NEFSC BTS_WGOM_FALL,NEFSC BTS,WGOM,FALL,WGOM,1971,4.134,0.19,1.8897,0.3404,0.4012,0.3208,0.7786,0.7573,0.5643,0.2345,0.3721,0.3648,0
NEFSC BTS_WGOM_FALL,NEFSC BTS,WGOM,FALL,WGOM,1972,19.0999,0.33,0.2009,11.4386,2.5839,2.6754,0.5383,0.3382,0.7348,0.1626,0.3127,0.3154,0
NEFSC BTS_WGOM_FALL,NEFSC BTS,WGOM,FALL,WGOM,1973,10.0638,0.17,0.7664,0.5492,6.2665,0.4616,1.2617,0.2529,0.292,0.2275,0.1,0.6524,0
NEFSC BTS_WGOM_FALL,NEFSC BTS,WGOM,FALL,WGOM,1974,5.1835,0.22,0.7554,1.5215,0.593,2.3081,0.1363,0.2898,0.126,0,0.1436,0.0652,0
NEFSC BTS_WGOM_FALL,NEFSC BTS,WGOM,FALL,WGOM,1975,8.8641,0.32,2.1859,1.1459,3.4183,0.6941,2.9471,0.3717,0.2137,0.0206,0,0.0527,0
NEFSC BTS_WGOM_FALL,NEFSC BTS,WGOM,FALL,WGOM,1976,6.9462,0.3,0,1.2417,1.9509,1.5235,0.4013,1.2754,0.1234,0.2935,0.0274,0.1091,0
NEFSC BTS_WGOM_FALL,NEFSC BTS,WGOM,FALL,WGOM,1977,4.58,0.12,0.0608,0.1451,1.3837,0.6651,1.2008,0.1079,0.8144,0.0481,0.0572,0.1577,0
NEFSC BTS_WGOM_FALL,NEFSC BTS,WGOM,FALL,WGOM,1978,7.3982,0.13,0.4186,1.0681,0.4976,2.0577,1.1885,1.677,0.2237,0.4536,0.0547,0.1773,0
NEFSC BTS_WGOM_FALL,NEFSC BTS,WGOM,FALL,WGOM,1979,4.1466,0.11,0.0117,1.0503,1.0156,0.0988,0.7933,0.3182,0.53,0.0571,0.1834,0.0999,0
NEFSC BTS_WGOM_FALL,NEFSC BTS,WGOM,FALL,WGOM,1980,7.7504,0.28,0.0812,1.8492,3.1695,1.6252,0.3985,0.3092,0.1591,0.1078,0.0372,0.0947,0
NEFSC BTS_WGOM_FALL,NEFSC BTS,WGOM,FALL,WGOM,1981,7.5888,0.46,0,1.9986,2.2773,1.2644,0.9958,0.1129,0.6835,0.0829,0.1385,0.0349,0
NEFSC BTS_WGOM_FALL,NEFSC BTS,WGOM,FALL,WGOM,1982,10.5942,0.55,0,1.4344,6.2105,1.6057,0.9131,0.3469,0,0.058,0.0256,0,0
NEFSC BTS_WGOM_FALL,NEFSC BTS,WGOM,FALL,WGOM,1983,4.1445,0.27,0.8189,1.1673,1.66,0.8987,0.1404,0.0563,0.0777,0,0,0.1441,0
NEFSC BTS_WGOM_FALL,NEFSC BTS,WGOM,FALL,WGOM,1984,3.4427,0.28,0,0.6374,1.2631,0.898,0.2775,0.0814,0.1773,0.0395,0,0.0685,0
NEFSC BTS_WGOM_FALL,NEFSC BTS,WGOM,FALL,WGOM,1985,2.0884,0.22,0.4374,0.3416,0.7071,0.5244,0.1334,0.2442,0.0127,0,0.0439,0.0811,0
NEFSC BTS_WGOM_FALL,NEFSC BTS,WGOM,FALL,WGOM,1986,1.5397,0.21,0,0.1894,0.3814,0.4622,0.2929,0.0849,0.0499,0,0,0.079,0
NEFSC BTS_WGOM_FALL,NEFSC BTS,WGOM,FALL,WGOM,1987,4.1949,0.26,0.2392,0.8243,2.2635,0.6855,0.3176,0.104,0,0,0,0,0
NEFSC BTS_WGOM_FALL,NEFSC BTS,WGOM,FALL,WGOM,1988,7.1925,0.32,0.7095,2.553,3.0196,1.1044,0.3617,0.1538,0,0,0,0,0
NEFSC BTS_WGOM_FALL,NEFSC BTS,WGOM,FALL,WGOM,1989,6.7386,0.29,0.0254,2.5092,2.63,1.2447,0.2856,0.0691,0,0,0,0,0
NEFSC BTS_WGOM_FALL,NEFSC BTS,WGOM,FALL,WGOM,1990,5.6402,0.24,0,0.2938,1.2287,2.8955,0.7063,0.3907,0.066,0.0358,0,0.0234,0
NEFSC BTS_WGOM_FALL,NEFSC BTS,WGOM,FALL,WGOM,1991,1.6085,0.2,0.0384,0.4421,0.2671,0.3474,0.4921,0.0598,0,0,0,0,0
NEFSC BTS_WGOM_FALL,NEFSC BTS,WGOM,FALL,WGOM,1992,2.0781,0.21,0.0701,0.5016,0.8858,0.2035,0.1246,0.3108,0.0518,0,0,0,0
NEFSC BTS_WGOM_FALL,NEFSC BTS,WGOM,FALL,WGOM,1993,2.85,0.43,0.2101,1.1338,1.09,0.4917,0.0208,0.0335,0.0575,0,0,0.0227,0
NEFSC BTS_WGOM_FALL,NEFSC BTS,WGOM,FALL,WGOM,1994,5.0249,0.28,0.0982,1.0437,2.1213,1.6203,0.2264,0.0066,0,0,0.0066,0,0
NEFSC BTS_WGOM_FALL,NEFSC BTS,WGOM,FALL,WGOM,1995,4.7331,0.36,0.0087,0.2642,1.7587,2.0586,0.5446,0.0932,0.0138,0,0,0,0
NEFSC BTS_WGOM_FALL,NEFSC BTS,WGOM,FALL,WGOM,1996,1.5503,0.25,0.0174,0.3006,0.4782,0.3163,0.3715,0.0736,0.0101,0,0,0,0
NEFSC BTS_WGOM_FALL,NEFSC BTS,WGOM,FALL,WGOM,1997,1.2805,0.3,0.0066,0.5044,0.3486,0.1303,0.1885,0.1087,0,0,0,0,0
NEFSC BTS_WGOM_FALL,NEFSC BTS,WGOM,FALL,WGOM,1998,1.4879,0.28,0.0951,0.4177,0.7597,0.2058,0.0868,0.0082,0.0097,0,0,0,0
NEFSC BTS_WGOM_FALL,NEFSC BTS,WGOM,FALL,WGOM,1999,2.2988,0.19,0.1027,0.5319,0.4575,0.7015,0.3979,0.1866,0.0234,0,0,0,0
NEFSC BTS_WGOM_FALL,NEFSC BTS,WGOM,FALL,WGOM,2000,3.5818,0.33,0,1.1293,1.4219,0.3768,0.5221,0.1057,0.0124,0,0.0136,0,0
NEFSC BTS_WGOM_FALL,NEFSC BTS,WGOM,FALL,WGOM,2001,2.5834,0.26,0.0264,0,0.6727,0.9602,0.3704,0.3402,0.1145,0.0963,0,0.0291,0
NEFSC BTS_WGOM_FALL,NEFSC BTS,WGOM,FALL,WGOM,2002,7.6764,0.48,0.1637,0.7456,0.5264,1.808,2.9574,0.9877,0.5959,0,0.0554,0,0
NEFSC BTS_WGOM_FALL,NEFSC BTS,WGOM,FALL,WGOM,2003,2.53,0.3,0.8565,0.69,0.4868,0.1959,0.6116,0.4053,0.048,0.0652,0,0.0272,0
NEFSC BTS_WGOM_FALL,NEFSC BTS,WGOM,FALL,WGOM,2004,2.7,0.31,3.2859,1.1166,0.2957,0.529,0.1977,0.2939,0.1664,0.06,0.015,0.0257,0
NEFSC BTS_WGOM_FALL,NEFSC BTS,WGOM,FALL,WGOM,2005,1.8083,0.07,0.0766,0.1829,0.7073,0.1528,0.4808,0.0272,0.1058,0.0986,0.0272,0.0257,0
NEFSC BTS_WGOM_FALL,NEFSC BTS,WGOM,FALL,WGOM,2006,4.4772,0.28,0.2156,1.7663,0.7786,1.1041,0.3083,0.338,0.0449,0.0678,0.0513,0.0179,0
NEFSC BTS_WGOM_FALL,NEFSC BTS,WGOM,FALL,WGOM,2007,2.4718,0.36,0.0518,0.3834,1.0107,0.4641,0.5005,0.0239,0.0892,0,0,0,0
NEFSC BTS_WGOM_FALL,NEFSC BTS,WGOM,FALL,WGOM,2008,4.9037,0.41,2.4653,1.2863,2.0563,1.1222,0.1791,0.1939,0.0288,0,0,0.0371,0
NEFSC BTS_WGOM_FALL,NEFSC BTS,WGOM,FALL,WGOM,2009,4.5169,0.38,0.0513,1.4266,2.1493,0.478,0.3319,0.0591,0.0605,0,0.0115,0,0
NEFSC BTS_WGOM_FALL,NEFSC BTS,WGOM,FALL,WGOM,2010,1.5558,0.23,0.0015,0.2534,0.5606,0.3233,0.2373,0.1338,0.0311,0,0,0.0163,0
NEFSC BTS_WGOM_FALL,NEFSC BTS,WGOM,FALL,WGOM,2011,1.4772,0.23,0.0427,0.1691,0.4168,0.2801,0.3347,0.1556,0.0849,0.006,0.03,0,0
NEFSC BTS_WGOM_FALL,NEFSC BTS,WGOM,FALL,WGOM,2012,0.8518,0.27,0.0073,0.0415,0.2081,0.3654,0.1659,0.0382,0.0175,0.0152,0,0,0
NEFSC BTS_WGOM_FALL,NEFSC BTS,WGOM,FALL,WGOM,2013,0.5079,0.28,0.0051,0.0313,0.2088,0.1376,0.0952,0.0184,0.0166,0,0,0,0
NEFSC BTS_WGOM_FALL,NEFSC BTS,WGOM,FALL,WGOM,2014,1.0078,0.5,0.0094,0.2367,0.2833,0.3604,0.1274,0,0,0,0,0,0
NEFSC BTS_WGOM_FALL,NEFSC BTS,WGOM,FALL,WGOM,2015,0.615,0.37,0.0012,0.1026,0.3174,0.0673,0.0942,0.0304,0.0031,0,0,0,0
NEFSC BTS_WGOM_FALL,NEFSC BTS,WGOM,FALL,WGOM,2016,1.9539,0.51,0,0.0013,0.1117,1.2765,0.2621,0.265,0.0307,0.0066,0,0,0
NEFSC BTS_WGOM_FALL,NEFSC BTS,WGOM,FALL,WGOM,2017,1.2274,0.27,0.0062,0,0.0695,0.2611,0.7096,0.1341,0.0531,0,0,0,0
NEFSC BTS_WGOM_FALL,NEFSC BTS,WGOM,FALL,WGOM,2018,0.6421,0.3,0.0084,0.1327,0.1103,0.118,0.1131,0.1611,0,0.0069,0,0,0
NEFSC BTS_WGOM_FALL,NEFSC BTS,WGOM,FALL,WGOM,2019,0.1826,0.48,0.0201,0.0043,0.0719,0.0204,0.0205,0.046,0.0054,0,0.0141,0,0
NEFSC BTS_WGOM_FALL,NEFSC BTS,WGOM,FALL,WGOM,2021,0.7477,0.44,0.0769,0.2783,0.3554,0.0646,0.0494,0,0,0,0,0,0
NEFSC BTS_WGOM_SPRING,NEFSC BTS,WGOM,SPRING,WGOM,1970,3.8233,0.18,0,0.0957,0.2179,0.1982,0.7743,0.3796,0.794,0.8456,0.1548,0.3632,0
NEFSC BTS_WGOM_SPRING,NEFSC BTS,WGOM,SPRING,WGOM,1971,2.3455,0.18,0,0.1377,0.3723,0.2305,0.247,0.2796,0.1394,0.313,0.2225,0.4035,0
NEFSC BTS_WGOM_SPRING,NEFSC BTS,WGOM,SPRING,WGOM,1972,3.9291,0.14,0,0.7057,0.5629,1.0392,0.2673,0.2104,0.2838,0.0681,0.1907,0.601,0
NEFSC BTS_WGOM_SPRING,NEFSC BTS,WGOM,SPRING,WGOM,1973,10.579,0.3,0,0.3,6.7513,0.8258,0.7112,0.2714,0.2603,0.1254,0.2036,1.13,0
NEFSC BTS_WGOM_SPRING,NEFSC BTS,WGOM,SPRING,WGOM,1974,5.4673,0.15,0,0.6868,0.2877,3.2631,0.3148,0.3485,0.1652,0.0774,0.0794,0.2444,0
NEFSC BTS_WGOM_SPRING,NEFSC BTS,WGOM,SPRING,WGOM,1975,3.9082,0.15,0.009,0.1667,0.9353,0.4672,1.5619,0.1379,0.2827,0.0501,0.0218,0.2846,0
NEFSC BTS_WGOM_SPRING,NEFSC BTS,WGOM,SPRING,WGOM,1976,4.143,0.23,0,0.069,0.9201,1.5881,0.2867,0.9132,0.1902,0.1065,0.0298,0.0394,0
NEFSC BTS_WGOM_SPRING,NEFSC BTS,WGOM,SPRING,WGOM,1977,5.2533,0.22,0,0,1.3319,0.6642,1.8935,0.1192,1.1008,0.0238,0.0745,0.0454,0
NEFSC BTS_WGOM_SPRING,NEFSC BTS,WGOM,SPRING,WGOM,1978,3.2429,0.2,1.0867,0.2456,0.1589,1.1224,0.4453,0.6181,0.0398,0.4074,0.0233,0.1821,0
NEFSC BTS_WGOM_SPRING,NEFSC BTS,WGOM,SPRING,WGOM,1979,2.8905,0.14,0.1932,0.1273,0.8216,0.2575,0.699,0.2802,0.3973,0.1,0.1362,0.0714,0
NEFSC BTS_WGOM_SPRING,NEFSC BTS,WGOM,SPRING,WGOM,1980,2.4676,0.19,1.2168,0.063,0.4554,0.5942,0.1068,0.2469,0.2781,0.4918,0.0122,0.2192,0
NEFSC BTS_WGOM_SPRING,NEFSC BTS,WGOM,SPRING,WGOM,1981,5.905,0.21,0,1.7726,1.1063,1.0666,1.1697,0.1557,0.3079,0.0829,0.137,0.1063,0
NEFSC BTS_WGOM_SPRING,NEFSC BTS,WGOM,SPRING,WGOM,1982,5.2572,0.19,0,0.8114,1.7748,0.7303,0.6642,0.9646,0.0804,0.1115,0,0.12,0
NEFSC BTS_WGOM_SPRING,NEFSC BTS,WGOM,SPRING,WGOM,1983,5.0858,0.24,0,0.8172,1.8135,1.2647,0.4082,0.4117,0.14,0.0196,0.1446,0.0663,0
NEFSC BTS_WGOM_SPRING,NEFSC BTS,WGOM,SPRING,WGOM,1984,4.7871,0.4,0,0.2751,1.9122,1.1992,0.9028,0.3096,0.0897,0.0985,0,0,0
NEFSC BTS_WGOM_SPRING,NEFSC BTS,WGOM,SPRING,WGOM,1985,2.6653,0.2,0,0.0657,0.6473,0.5585,0.6908,0.4995,0.0838,0.1197,0,0,0
NEFSC BTS_WGOM_SPRING,NEFSC BTS,WGOM,SPRING,WGOM,1986,2.4273,0.16,0,0.377,0.2753,0.9954,0.3005,0.1657,0.1797,0.0611,0.051,0.0216,0
NEFSC BTS_WGOM_SPRING,NEFSC BTS,WGOM,SPRING,WGOM,1987,2.6276,0.23,0,0.1342,1.2325,0.5474,0.387,0.1674,0.1082,0,0.0279,0.023,0
NEFSC BTS_WGOM_SPRING,NEFSC BTS,WGOM,SPRING,WGOM,1988,4.0956,0.2,0.0762,0.552,1.6079,1.3414,0.378,0.1338,0.0654,0.0171,0,0,0
NEFSC BTS_WGOM_SPRING,NEFSC BTS,WGOM,SPRING,WGOM,1989,3.2283,0.19,0,0.2628,0.9048,0.9699,0.8865,0.1147,0.0896,0,0,0,0
NEFSC BTS_WGOM_SPRING,NEFSC BTS,WGOM,SPRING,WGOM,1990,4.3517,0.29,0,0.1141,1.5735,1.6192,0.6548,0.2977,0.0621,0.0303,0,0,0
NEFSC BTS_WGOM_SPRING,NEFSC BTS,WGOM,SPRING,WGOM,1991,3.2088,0.23,0,0.1695,0.1935,0.7441,1.7473,0.2884,0.0208,0.0344,0.0108,0,0
NEFSC BTS_WGOM_SPRING,NEFSC BTS,WGOM,SPRING,WGOM,1992,3.0267,0.29,0,0.0435,0.7681,0.5107,0.2863,1.2358,0.1501,0.0322,0,0,0
NEFSC BTS_WGOM_SPRING,NEFSC BTS,WGOM,SPRING,WGOM,1993,1.768,0.31,0.0812,0.1035,0.6125,0.495,0.2179,0.0783,0.2085,0.0121,0,0.0402,0
NEFSC BTS_WGOM_SPRING,NEFSC BTS,WGOM,SPRING,WGOM,1994,1.2309,0.26,0,0.0801,0.3597,0.4849,0.1682,0.0643,0.0218,0.0401,0,0.0118,0
NEFSC BTS_WGOM_SPRING,NEFSC BTS,WGOM,SPRING,WGOM,1995,2.98,0.24,0.0087,0.0515,0.7533,1.4101,0.4672,0.2162,0.0139,0.0171,0.0507,0,0
NEFSC BTS_WGOM_SPRING,NEFSC BTS,WGOM,SPRING,WGOM,1996,2.5899,0.28,0,0,0.0259,0.588,1.5035,0.4103,0.0622,0,0,0,0
NEFSC BTS_WGOM_SPRING,NEFSC BTS,WGOM,SPRING,WGOM,1997,2.5154,0.16,0.0137,0.34,0.4957,0.4676,0.4374,0.5773,0.0981,0.0993,0,0,0
NEFSC BTS_WGOM_SPRING,NEFSC BTS,WGOM,SPRING,WGOM,1998,2.1798,0.37,0,0.0987,0.3129,0.4971,0.6744,0.2313,0.255,0.0967,0.0137,0,0
NEFSC BTS_WGOM_SPRING,NEFSC BTS,WGOM,SPRING,WGOM,1999,2.9649,0.22,0,0.4662,0.63,0.7736,0.3469,0.3337,0.121,0.2799,0,0.0136,0
NEFSC BTS_WGOM_SPRING,NEFSC BTS,WGOM,SPRING,WGOM,2000,3.3697,0.22,0,0.823,1.0318,0.7147,0.5517,0.1387,0.0764,0.0101,0.0233,0,0
NEFSC BTS_WGOM_SPRING,NEFSC BTS,WGOM,SPRING,WGOM,2001,2.4385,0.31,0,0.0638,0.5713,0.6224,0.4545,0.3352,0.1818,0.1301,0.0658,0.0136,0
NEFSC BTS_WGOM_SPRING,NEFSC BTS,WGOM,SPRING,WGOM,2002,3.2587,0.25,0,0.3362,0.1073,0.5321,1.2478,0.4617,0.3229,0.1905,0.0136,0.0466,0
NEFSC BTS_WGOM_SPRING,NEFSC BTS,WGOM,SPRING,WGOM,2003,4.1964,0.21,0,0.0615,0.8426,0.0486,0.8695,1.3094,0.4598,0.3661,0.1065,0.1324,0
NEFSC BTS_WGOM_SPRING,NEFSC BTS,WGOM,SPRING,WGOM,2004,1.4735,0.22,0.0613,0.587,0.0878,0.2697,0.0851,0.1797,0.2249,0.0136,0.0136,0.0121,0
NEFSC BTS_WGOM_SPRING,NEFSC BTS,WGOM,SPRING,WGOM,2005,2.217,0.23,0.0174,0.0908,0.9283,0.2088,0.6868,0.0136,0.1516,0.1195,0.0176,0,0
NEFSC BTS_WGOM_SPRING,NEFSC BTS,WGOM,SPRING,WGOM,2006,2.4134,0.28,0.0336,0.3715,0.3574,1.1059,0.1538,0.2238,0.0194,0.1163,0.0556,0.0097,0
NEFSC BTS_WGOM_SPRING,NEFSC BTS,WGOM,SPRING,WGOM,2007,13.4875,0.7,0,0.3578,5.0477,3.483,3.9095,0.2894,0.3386,0.0494,0.0121,0,0
NEFSC BTS_WGOM_SPRING,NEFSC BTS,WGOM,SPRING,WGOM,2008,10.6453,0.64,0.2847,0.6801,2.6364,4.3616,1.9459,0.9098,0.0357,0.0758,0,0,0
NEFSC BTS_WGOM_SPRING,NEFSC BTS,WGOM,SPRING,WGOM,2009,1.733,0.27,0,0.2409,0.354,0.3629,0.3463,0.2311,0.1642,0.0104,0.0188,0.0044,0
NEFSC BTS_WGOM_SPRING,NEFSC BTS,WGOM,SPRING,WGOM,2010,3.0291,0.58,0,0.2142,1.2096,0.7643,0.3874,0.2432,0.1312,0.0187,0.0176,0.0429,0
NEFSC BTS_WGOM_SPRING,NEFSC BTS,WGOM,SPRING,WGOM,2011,0.9942,0.25,0,0.0038,0.1591,0.1456,0.3132,0.188,0.1009,0.041,0.0426,0,0
NEFSC BTS_WGOM_SPRING,NEFSC BTS,WGOM,SPRING,WGOM,2012,1.0152,0.23,0.0018,0.0359,0.1073,0.2391,0.3062,0.2117,0.0675,0.0395,0.0041,0.0039,0
NEFSC BTS_WGOM_SPRING,NEFSC BTS,WGOM,SPRING,WGOM,2013,0.8068,0.34,0,0.0069,0.1834,0.1722,0.1687,0.2135,0.0372,0.0249,0,0,0
NEFSC BTS_WGOM_SPRING,NEFSC BTS,WGOM,SPRING,WGOM,2014,0.6133,0.22,0,0.0036,0.0276,0.0537,0.3246,0.1027,0.0435,0.0431,0,0.0145,0
NEFSC BTS_WGOM_SPRING,NEFSC BTS,WGOM,SPRING,WGOM,2015,4.0617,0.36,0.0016,0.0194,0.7229,1.2107,1.884,0.1466,0.0609,0.0172,0,0,0
NEFSC BTS_WGOM_SPRING,NEFSC BTS,WGOM,SPRING,WGOM,2016,2.3903,0.5,8.00E-04,0.0065,0.167,1.4824,0.5237,0.185,0.0135,0.0065,0.0057,0,0
NEFSC BTS_WGOM_SPRING,NEFSC BTS,WGOM,SPRING,WGOM,2017,1.5647,0.27,0.0011,0.0329,0.0398,0.2756,0.5777,0.3458,0.2823,0.0106,0,0,0
NEFSC BTS_WGOM_SPRING,NEFSC BTS,WGOM,SPRING,WGOM,2018,0.6739,0.23,0,0.0234,0.0093,0.0327,0.1816,0.3534,0.0385,0.035,0,0,0
NEFSC BTS_WGOM_SPRING,NEFSC BTS,WGOM,SPRING,WGOM,2019,0.2069,0.33,0.0021,0.0198,0.0645,0.0238,0.0078,0.0209,0.0603,0,0.0098,0,0
NEFSC BTS_WGOM_SPRING,NEFSC BTS,WGOM,SPRING,WGOM,2021,0.1188,0.42,0.0247,0.0169,0.0615,0.0404,0,0,0,0,0,0,0
NEFSC BTS_WGOM_SPRING,NEFSC BTS,WGOM,SPRING,WGOM,2022,0.8149,0.28,0.0035,0.0471,0.1279,0.4685,0.0692,0.1022,0,0,0,0,0
